year,qtr,state_fips,low,high,FIPS,State,low_diff,YearQuarter,profitability,asset_quality,profitability_diff,assetquality_diff
2005,2,1,1.5,1.6,01,alabama,0.0,2005Q2,0.004663051204583427,0.004322724757039024,0.0009348551086946363,0.00010918333119273003
2005,3,1,1.4,1.5,01,alabama,-0.10000000000000009,2005Q3,0.004663051204583427,0.004322724757039024,0.0009348551086946363,0.00010918333119273003
2005,4,1,1.4,1.5,01,alabama,0.0,2005Q4,0.004663051204583427,0.004322724757039024,0.0009348551086946363,0.00010918333119273003
2006,1,1,1.4,1.5,01,alabama,0.0,2006Q1,0.004513986476391731,0.003980247460976839,-0.00014906472819169615,-0.00034247729606218507
2006,2,1,1.4,1.5,01,alabama,0.0,2006Q2,0.004513986476391731,0.003980247460976839,-0.00014906472819169615,-0.00034247729606218507
2006,3,1,1.5,1.6,01,alabama,0.10000000000000009,2006Q3,0.004513986476391731,0.003980247460976839,-0.00014906472819169615,-0.00034247729606218507
2006,4,1,1.5,1.6,01,alabama,0.0,2006Q4,0.004513986476391731,0.003980247460976839,-0.00014906472819169615,-0.00034247729606218507
2007,1,1,1.5,1.6,01,alabama,0.0,2007Q1,0.003121125081272861,0.0036221818741372968,-0.00139286139511887,-0.00035806558683954253
2007,2,1,1.5,1.6,01,alabama,0.0,2007Q2,0.003121125081272861,0.0036221818741372968,-0.00139286139511887,-0.00035806558683954253
2007,3,1,1.5,1.6,01,alabama,0.0,2007Q3,0.003121125081272861,0.0036221818741372968,-0.00139286139511887,-0.00035806558683954253
2007,4,1,1.5,1.6,01,alabama,0.0,2007Q4,0.003121125081272861,0.0036221818741372968,-0.00139286139511887,-0.00035806558683954253
2008,1,1,1.5,1.6,01,alabama,0.0,2008Q1,-0.039227974348370505,0.016282845727158452,-0.042349099429643364,0.012660663853021156
2008,2,1,1.6,1.72,01,alabama,0.10000000000000009,2008Q2,-0.039227974348370505,0.016282845727158452,-0.042349099429643364,0.012660663853021156
2005,2,2,1.5,1.6,02,alaska,0.0,2005Q2,0.013987292590391736,0.0013045437123010402,0.0017117332853888202,-0.000707453475390623
2005,3,2,1.5,1.6,02,alaska,0.0,2005Q3,0.013987292590391736,0.0013045437123010402,0.0017117332853888202,-0.000707453475390623
2005,4,2,1.6,1.72,02,alaska,0.10000000000000009,2005Q4,0.013987292590391736,0.0013045437123010402,0.0017117332853888202,-0.000707453475390623
2006,1,2,1.5,1.6,02,alaska,-0.10000000000000009,2006Q1,0.01632605523317553,0.0009671273105828147,0.0023387626427837944,-0.0003374164017182255
2006,2,2,1.6,1.72,02,alaska,0.10000000000000009,2006Q2,0.01632605523317553,0.0009671273105828147,0.0023387626427837944,-0.0003374164017182255
2006,3,2,1.72,1.84,02,alaska,0.11999999999999988,2006Q3,0.01632605523317553,0.0009671273105828147,0.0023387626427837944,-0.0003374164017182255
2006,4,2,1.6,1.72,02,alaska,-0.11999999999999988,2006Q4,0.01632605523317553,0.0009671273105828147,0.0023387626427837944,-0.0003374164017182255
2007,1,2,1.6,1.72,02,alaska,0.0,2007Q1,0.014173175630439634,0.0016150152771715407,-0.002152879602735896,0.000647887966588726
2007,2,2,1.6,1.72,02,alaska,0.0,2007Q2,0.014173175630439634,0.0016150152771715407,-0.002152879602735896,0.000647887966588726
2007,3,2,1.72,1.84,02,alaska,0.11999999999999988,2007Q3,0.014173175630439634,0.0016150152771715407,-0.002152879602735896,0.000647887966588726
2007,4,2,1.72,1.84,02,alaska,0.0,2007Q4,0.014173175630439634,0.0016150152771715407,-0.002152879602735896,0.000647887966588726
2008,1,2,1.72,1.84,02,alaska,0.0,2008Q1,0.0006759830182957647,0.016534506315613432,-0.01349719261214387,0.014919491038441892
2008,2,2,1.72,1.84,02,alaska,0.0,2008Q2,0.0006759830182957647,0.016534506315613432,-0.01349719261214387,0.014919491038441892
2005,2,4,1.84,2.06,04,arizona,-0.21999999999999997,2005Q2,0.08071016133774578,0.009588470233331736,0.007340483032364786,0.00913790493872797
2005,3,4,1.84,2.06,04,arizona,0.0,2005Q3,0.08071016133774578,0.009588470233331736,0.007340483032364786,0.00913790493872797
2005,4,4,2.06,,04,arizona,0.21999999999999997,2005Q4,0.08071016133774578,0.009588470233331736,0.007340483032364786,0.00913790493872797
2006,1,4,2.06,,04,arizona,0.0,2006Q1,0.0825544147168873,0.008599196669989114,0.0018442533791415278,-0.0009892735633426214
2006,2,4,2.06,,04,arizona,0.0,2006Q2,0.0825544147168873,0.008599196669989114,0.0018442533791415278,-0.0009892735633426214
2006,3,4,2.06,,04,arizona,0.0,2006Q3,0.0825544147168873,0.008599196669989114,0.0018442533791415278,-0.0009892735633426214
2006,4,4,2.06,,04,arizona,0.0,2006Q4,0.0825544147168873,0.008599196669989114,0.0018442533791415278,-0.0009892735633426214
2007,1,4,2.06,,04,arizona,0.0,2007Q1,0.20775133660206901,0.024470790016098216,0.12519692188518172,0.015871593346109103
2007,2,4,2.06,,04,arizona,0.0,2007Q2,0.20775133660206901,0.024470790016098216,0.12519692188518172,0.015871593346109103
2007,3,4,2.06,,04,arizona,0.0,2007Q3,0.20775133660206901,0.024470790016098216,0.12519692188518172,0.015871593346109103
2007,4,4,2.06,,04,arizona,0.0,2007Q4,0.20775133660206901,0.024470790016098216,0.12519692188518172,0.015871593346109103
2008,1,4,2.06,,04,arizona,0.0,2008Q1,0.18518724725471528,0.038136020715863105,-0.02256408934735374,0.013665230699764889
2008,2,4,2.06,,04,arizona,0.0,2008Q2,0.18518724725471528,0.038136020715863105,-0.02256408934735374,0.013665230699764889
2005,2,5,1.32,1.4,05,arkansas,0.0,2005Q2,0.008753167070614935,0.0011892181089578054,-0.0019207166592714094,-0.0034733075673431084
2005,3,5,1.32,1.4,05,arkansas,0.0,2005Q3,0.008753167070614935,0.0011892181089578054,-0.0019207166592714094,-0.0034733075673431084
2005,4,5,1.32,1.4,05,arkansas,0.0,2005Q4,0.008753167070614935,0.0011892181089578054,-0.0019207166592714094,-0.0034733075673431084
2006,1,5,1.32,1.4,05,arkansas,0.0,2006Q1,0.007056055677657118,0.0031258801638201304,-0.0016971113929578167,0.001936662054862325
2006,2,5,1.32,1.4,05,arkansas,0.0,2006Q2,0.007056055677657118,0.0031258801638201304,-0.0016971113929578167,0.001936662054862325
2006,3,5,1.4,1.5,05,arkansas,0.07999999999999985,2006Q3,0.007056055677657118,0.0031258801638201304,-0.0016971113929578167,0.001936662054862325
2006,4,5,1.32,1.4,05,arkansas,-0.07999999999999985,2006Q4,0.007056055677657118,0.0031258801638201304,-0.0016971113929578167,0.001936662054862325
2007,1,5,1.32,1.4,05,arkansas,0.0,2007Q1,0.0006070629261041622,0.00511608983514006,-0.006448992751552956,0.00199020967131993
2007,2,5,1.4,1.5,05,arkansas,0.07999999999999985,2007Q2,0.0006070629261041622,0.00511608983514006,-0.006448992751552956,0.00199020967131993
2007,3,5,1.4,1.5,05,arkansas,0.0,2007Q3,0.0006070629261041622,0.00511608983514006,-0.006448992751552956,0.00199020967131993
2007,4,5,1.4,1.5,05,arkansas,0.0,2007Q4,0.0006070629261041622,0.00511608983514006,-0.006448992751552956,0.00199020967131993
2008,1,5,1.4,1.5,05,arkansas,0.0,2008Q1,-0.006406385936589085,0.00881631377287464,-0.007013448862693247,0.00370022393773458
2008,2,5,1.4,1.5,05,arkansas,0.0,2008Q2,-0.006406385936589085,0.00881631377287464,-0.007013448862693247,0.00370022393773458
2005,2,6,2.06,,06,california,0.0,2005Q2,0.01583525818859667,0.0012287846775246203,0.00136042183565422,6.800030269506316e-05
2005,3,6,2.06,,06,california,0.0,2005Q3,0.01583525818859667,0.0012287846775246203,0.00136042183565422,6.800030269506316e-05
2005,4,6,2.06,,06,california,0.0,2005Q4,0.01583525818859667,0.0012287846775246203,0.00136042183565422,6.800030269506316e-05
2006,1,6,2.06,,06,california,0.0,2006Q1,0.0068704530781751455,0.0003996774924141653,-0.008964805110421525,-0.000829107185110455
2006,2,6,2.06,,06,california,0.0,2006Q2,0.0068704530781751455,0.0003996774924141653,-0.008964805110421525,-0.000829107185110455
2006,3,6,2.06,,06,california,0.0,2006Q3,0.0068704530781751455,0.0003996774924141653,-0.008964805110421525,-0.000829107185110455
2006,4,6,2.06,,06,california,0.0,2006Q4,0.0068704530781751455,0.0003996774924141653,-0.008964805110421525,-0.000829107185110455
2007,1,6,2.06,,06,california,0.0,2007Q1,-0.007463391412185217,0.01506348011186975,-0.014333844490360362,0.014663802619455584
2007,2,6,2.06,,06,california,0.0,2007Q2,-0.007463391412185217,0.01506348011186975,-0.014333844490360362,0.014663802619455584
2007,3,6,2.06,,06,california,0.0,2007Q3,-0.007463391412185217,0.01506348011186975,-0.014333844490360362,0.014663802619455584
2007,4,6,2.06,,06,california,0.0,2007Q4,-0.007463391412185217,0.01506348011186975,-0.014333844490360362,0.014663802619455584
2008,1,6,2.06,,06,california,0.0,2008Q1,-0.011387137149683885,0.03479329826681546,-0.003923745737498668,0.01972981815494571
2008,2,6,2.06,,06,california,0.0,2008Q2,-0.011387137149683885,0.03479329826681546,-0.003923745737498668,0.01972981815494571
2005,2,8,2.06,,08,colorado,0.0,2005Q2,0.0016234233005988736,0.000880727663269377,0.0014102491373074646,-0.0010749404337852073
2005,3,8,2.06,,08,colorado,0.0,2005Q3,0.0016234233005988736,0.000880727663269377,0.0014102491373074646,-0.0010749404337852073
2005,4,8,2.06,,08,colorado,0.0,2005Q4,0.0016234233005988736,0.000880727663269377,0.0014102491373074646,-0.0010749404337852073
2006,1,8,2.06,,08,colorado,0.0,2006Q1,0.0046151168725025275,0.001467576439549465,0.002991693571903654,0.0005868487762800879
2006,2,8,2.06,,08,colorado,0.0,2006Q2,0.0046151168725025275,0.001467576439549465,0.002991693571903654,0.0005868487762800879
2006,3,8,2.06,,08,colorado,0.0,2006Q3,0.0046151168725025275,0.001467576439549465,0.002991693571903654,0.0005868487762800879
2006,4,8,2.06,,08,colorado,0.0,2006Q4,0.0046151168725025275,0.001467576439549465,0.002991693571903654,0.0005868487762800879
2007,1,8,2.06,,08,colorado,0.0,2007Q1,0.0017897102890868859,0.002047895624345197,-0.0028254065834156417,0.0005803191847957322
2007,2,8,2.06,,08,colorado,0.0,2007Q2,0.0017897102890868859,0.002047895624345197,-0.0028254065834156417,0.0005803191847957322
2007,3,8,2.06,,08,colorado,0.0,2007Q3,0.0017897102890868859,0.002047895624345197,-0.0028254065834156417,0.0005803191847957322
2007,4,8,2.06,,08,colorado,0.0,2007Q4,0.0017897102890868859,0.002047895624345197,-0.0028254065834156417,0.0005803191847957322
2008,1,8,2.06,,08,colorado,0.0,2008Q1,0.00464813585532008,0.0063917868267354926,0.002858425566233194,0.004343891202390295
2008,2,8,2.06,,08,colorado,0.0,2008Q2,0.00464813585532008,0.0063917868267354926,0.002858425566233194,0.004343891202390295
2005,2,9,1.5,1.6,09,connecticut,0.0,2005Q2,0.014710489753754122,0.0007014845968258106,0.006584575698232524,-0.0001811032796754144
2005,3,9,1.5,1.6,09,connecticut,0.0,2005Q3,0.014710489753754122,0.0007014845968258106,0.006584575698232524,-0.0001811032796754144
2005,4,9,1.5,1.6,09,connecticut,0.0,2005Q4,0.014710489753754122,0.0007014845968258106,0.006584575698232524,-0.0001811032796754144
2006,1,9,1.5,1.6,09,connecticut,0.0,2006Q1,0.013899769324008096,0.0006362496934835758,-0.0008107204297460261,-6.523490334223484e-05
2006,2,9,1.6,1.72,09,connecticut,0.10000000000000009,2006Q2,0.013899769324008096,0.0006362496934835758,-0.0008107204297460261,-6.523490334223484e-05
2006,3,9,1.6,1.72,09,connecticut,0.0,2006Q3,0.013899769324008096,0.0006362496934835758,-0.0008107204297460261,-6.523490334223484e-05
2006,4,9,1.6,1.72,09,connecticut,0.0,2006Q4,0.013899769324008096,0.0006362496934835758,-0.0008107204297460261,-6.523490334223484e-05
2007,1,9,1.5,1.6,09,connecticut,-0.10000000000000009,2007Q1,0.012775950177431869,0.0006919155890905672,-0.0011238191465762267,5.5665895606991445e-05
2007,2,9,1.6,1.72,09,connecticut,0.10000000000000009,2007Q2,0.012775950177431869,0.0006919155890905672,-0.0011238191465762267,5.5665895606991445e-05
2007,3,9,1.6,1.72,09,connecticut,0.0,2007Q3,0.012775950177431869,0.0006919155890905672,-0.0011238191465762267,5.5665895606991445e-05
2007,4,9,1.6,1.72,09,connecticut,0.0,2007Q4,0.012775950177431869,0.0006919155890905672,-0.0011238191465762267,5.5665895606991445e-05
2008,1,9,1.6,1.72,09,connecticut,0.0,2008Q1,0.008888764619142675,0.0028164563428945072,-0.003887185558289194,0.00212454075380394
2008,2,9,1.6,1.72,09,connecticut,0.0,2008Q2,0.008888764619142675,0.0028164563428945072,-0.003887185558289194,0.00212454075380394
2005,2,10,1.4,1.5,10,delaware,0.0,2005Q2,0.01512738207032785,0.002688940382273725,-0.00220514132764639,0.00017038322911979223
2005,3,10,1.4,1.5,10,delaware,0.0,2005Q3,0.01512738207032785,0.002688940382273725,-0.00220514132764639,0.00017038322911979223
2005,4,10,1.32,1.4,10,delaware,-0.07999999999999985,2005Q4,0.01512738207032785,0.002688940382273725,-0.00220514132764639,0.00017038322911979223
2006,1,10,1.4,1.5,10,delaware,0.07999999999999985,2006Q1,0.018743662749574622,0.002008651444942956,0.003616280679246773,-0.0006802889373307692
2006,2,10,1.4,1.5,10,delaware,0.0,2006Q2,0.018743662749574622,0.002008651444942956,0.003616280679246773,-0.0006802889373307692
2006,3,10,1.5,1.6,10,delaware,0.10000000000000009,2006Q3,0.018743662749574622,0.002008651444942956,0.003616280679246773,-0.0006802889373307692
2006,4,10,1.6,1.72,10,delaware,0.10000000000000009,2006Q4,0.018743662749574622,0.002008651444942956,0.003616280679246773,-0.0006802889373307692
2007,1,10,1.5,1.6,10,delaware,-0.10000000000000009,2007Q1,0.008851105626363352,0.005632755647504594,-0.00989255712321127,0.003624104202561638
2007,2,10,1.6,1.72,10,delaware,0.10000000000000009,2007Q2,0.008851105626363352,0.005632755647504594,-0.00989255712321127,0.003624104202561638
2007,3,10,1.6,1.72,10,delaware,0.0,2007Q3,0.008851105626363352,0.005632755647504594,-0.00989255712321127,0.003624104202561638
2007,4,10,1.72,1.84,10,delaware,0.11999999999999988,2007Q4,0.008851105626363352,0.005632755647504594,-0.00989255712321127,0.003624104202561638
2008,1,10,1.6,1.72,10,delaware,-0.11999999999999988,2008Q1,-0.02646974009172337,0.05899133468663594,-0.03532084571808672,0.05335857903913135
2008,2,10,1.72,1.84,10,delaware,0.11999999999999988,2008Q2,-0.02646974009172337,0.05899133468663594,-0.03532084571808672,0.05335857903913135
2005,2,12,1.84,2.06,12,florida,0.0,2005Q2,0.009211645611740786,0.0009690694691926223,-0.0013317417259302022,-4.721978144832026e-05
2005,3,12,1.84,2.06,12,florida,0.0,2005Q3,0.009211645611740786,0.0009690694691926223,-0.0013317417259302022,-4.721978144832026e-05
2005,4,12,2.06,,12,florida,0.21999999999999997,2005Q4,0.009211645611740786,0.0009690694691926223,-0.0013317417259302022,-4.721978144832026e-05
2006,1,12,2.06,,12,florida,0.0,2006Q1,0.008632467855186886,0.001077314476964185,-0.0005791777565538996,0.00010824500777156267
2006,2,12,2.06,,12,florida,0.0,2006Q2,0.008632467855186886,0.001077314476964185,-0.0005791777565538996,0.00010824500777156267
2006,3,12,2.06,,12,florida,0.0,2006Q3,0.008632467855186886,0.001077314476964185,-0.0005791777565538996,0.00010824500777156267
2006,4,12,2.06,,12,florida,0.0,2006Q4,0.008632467855186886,0.001077314476964185,-0.0005791777565538996,0.00010824500777156267
2007,1,12,2.06,,12,florida,0.0,2007Q1,0.001851376532344759,0.00643616156272642,-0.0067810913228421275,0.005358847085762236
2007,2,12,2.06,,12,florida,0.0,2007Q2,0.001851376532344759,0.00643616156272642,-0.0067810913228421275,0.005358847085762236
2007,3,12,2.06,,12,florida,0.0,2007Q3,0.001851376532344759,0.00643616156272642,-0.0067810913228421275,0.005358847085762236
2007,4,12,2.06,,12,florida,0.0,2007Q4,0.001851376532344759,0.00643616156272642,-0.0067810913228421275,0.005358847085762236
2008,1,12,2.06,,12,florida,0.0,2008Q1,-0.03201248876096525,0.043034521478440245,-0.03386386529331001,0.03659835991571382
2008,2,12,2.06,,12,florida,0.0,2008Q2,-0.03201248876096525,0.043034521478440245,-0.03386386529331001,0.03659835991571382
2005,2,13,1.84,2.06,13,georgia,0.0,2005Q2,-0.00703322321077672,0.002823503145667432,0.00037233393880372473,-0.005130242343051472
2005,3,13,1.84,2.06,13,georgia,0.0,2005Q3,-0.00703322321077672,0.002823503145667432,0.00037233393880372473,-0.005130242343051472
2005,4,13,1.84,2.06,13,georgia,0.0,2005Q4,-0.00703322321077672,0.002823503145667432,0.00037233393880372473,-0.005130242343051472
2006,1,13,1.84,2.06,13,georgia,0.0,2006Q1,-0.01952718024964452,0.0032498945168312017,-0.012493957038867798,0.0004263913711637698
2006,2,13,1.84,2.06,13,georgia,0.0,2006Q2,-0.01952718024964452,0.0032498945168312017,-0.012493957038867798,0.0004263913711637698
2006,3,13,1.84,2.06,13,georgia,0.0,2006Q3,-0.01952718024964452,0.0032498945168312017,-0.012493957038867798,0.0004263913711637698
2006,4,13,1.84,2.06,13,georgia,0.0,2006Q4,-0.01952718024964452,0.0032498945168312017,-0.012493957038867798,0.0004263913711637698
2007,1,13,1.84,2.06,13,georgia,0.0,2007Q1,0.005656740092007028,0.0037286274660880644,0.025183920341651546,0.0004787329492568627
2007,2,13,1.84,2.06,13,georgia,0.0,2007Q2,0.005656740092007028,0.0037286274660880644,0.025183920341651546,0.0004787329492568627
2007,3,13,1.84,2.06,13,georgia,0.0,2007Q3,0.005656740092007028,0.0037286274660880644,0.025183920341651546,0.0004787329492568627
2007,4,13,1.84,2.06,13,georgia,0.0,2007Q4,0.005656740092007028,0.0037286274660880644,0.025183920341651546,0.0004787329492568627
2008,1,13,1.84,2.06,13,georgia,0.0,2008Q1,0.009381318099063956,0.02184804137980408,0.003724578007056928,0.018119413913716013
2008,2,13,2.06,,13,georgia,0.21999999999999997,2008Q2,0.009381318099063956,0.02184804137980408,0.003724578007056928,0.018119413913716013
2005,2,15,2.06,,15,hawaii,0.0,2005Q2,0.01572144629884922,-0.0007393440399683264,-0.00029242740493903505,0.001408966389560984
2005,3,15,2.06,,15,hawaii,0.0,2005Q3,0.01572144629884922,-0.0007393440399683264,-0.00029242740493903505,0.001408966389560984
2005,4,15,2.06,,15,hawaii,0.0,2005Q4,0.01572144629884922,-0.0007393440399683264,-0.00029242740493903505,0.001408966389560984
2006,1,15,2.06,,15,hawaii,0.0,2006Q1,0.012482517607541913,0.000339542370299403,-0.003238928691307307,0.0010788864102677293
2006,2,15,2.06,,15,hawaii,0.0,2006Q2,0.012482517607541913,0.000339542370299403,-0.003238928691307307,0.0010788864102677293
2006,3,15,2.06,,15,hawaii,0.0,2006Q3,0.012482517607541913,0.000339542370299403,-0.003238928691307307,0.0010788864102677293
2006,4,15,2.06,,15,hawaii,0.0,2006Q4,0.012482517607541913,0.000339542370299403,-0.003238928691307307,0.0010788864102677293
2007,1,15,2.06,,15,hawaii,0.0,2007Q1,0.011629050404100996,0.0012410353963858097,-0.000853467203440917,0.0009014930260864068
2007,2,15,2.06,,15,hawaii,0.0,2007Q2,0.011629050404100996,0.0012410353963858097,-0.000853467203440917,0.0009014930260864068
2007,3,15,2.06,,15,hawaii,0.0,2007Q3,0.011629050404100996,0.0012410353963858097,-0.000853467203440917,0.0009014930260864068
2007,4,15,2.06,,15,hawaii,0.0,2007Q4,0.011629050404100996,0.0012410353963858097,-0.000853467203440917,0.0009014930260864068
2008,1,15,2.06,,15,hawaii,0.0,2008Q1,0.008289622671114986,0.004283520320369915,-0.0033394277329860094,0.0030424849239841056
2008,2,15,2.06,,15,hawaii,0.0,2008Q2,0.008289622671114986,0.004283520320369915,-0.0033394277329860094,0.0030424849239841056
2005,2,16,1.84,2.06,16,idaho,0.0,2005Q2,0.014209338346643941,0.0012855060841935645,0.0024972885384799415,-0.0002802011495417595
2005,3,16,1.84,2.06,16,idaho,0.0,2005Q3,0.014209338346643941,0.0012855060841935645,0.0024972885384799415,-0.0002802011495417595
2005,4,16,1.84,2.06,16,idaho,0.0,2005Q4,0.014209338346643941,0.0012855060841935645,0.0024972885384799415,-0.0002802011495417595
2006,1,16,1.84,2.06,16,idaho,0.0,2006Q1,0.012603912696774917,0.0006595865613716795,-0.0016054256498690238,-0.000625919522821885
2006,2,16,1.84,2.06,16,idaho,0.0,2006Q2,0.012603912696774917,0.0006595865613716795,-0.0016054256498690238,-0.000625919522821885
2006,3,16,1.84,2.06,16,idaho,0.0,2006Q3,0.012603912696774917,0.0006595865613716795,-0.0016054256498690238,-0.000625919522821885
2006,4,16,1.84,2.06,16,idaho,0.0,2006Q4,0.012603912696774917,0.0006595865613716795,-0.0016054256498690238,-0.000625919522821885
2007,1,16,1.84,2.06,16,idaho,0.0,2007Q1,0.01133522691725372,0.0012532848823783136,-0.0012686857795211979,0.0005936983210066341
2007,2,16,2.06,,16,idaho,0.21999999999999997,2007Q2,0.01133522691725372,0.0012532848823783136,-0.0012686857795211979,0.0005936983210066341
2007,3,16,2.06,,16,idaho,0.0,2007Q3,0.01133522691725372,0.0012532848823783136,-0.0012686857795211979,0.0005936983210066341
2007,4,16,2.06,,16,idaho,0.0,2007Q4,0.01133522691725372,0.0012532848823783136,-0.0012686857795211979,0.0005936983210066341
2008,1,16,2.06,,16,idaho,0.0,2008Q1,-0.0014770793882414128,0.014693231245320086,-0.012812306305495132,0.013439946362941773
2008,2,16,2.06,,16,idaho,0.0,2008Q2,-0.0014770793882414128,0.014693231245320086,-0.012812306305495132,0.013439946362941773
2005,2,17,1.5,1.6,17,illinois,0.0,2005Q2,0.008129654613240547,0.0028740185272037593,0.0009046507774343017,-0.00085865439097147
2005,3,17,1.5,1.6,17,illinois,0.0,2005Q3,0.008129654613240547,0.0028740185272037593,0.0009046507774343017,-0.00085865439097147
2005,4,17,1.5,1.6,17,illinois,0.0,2005Q4,0.008129654613240547,0.0028740185272037593,0.0009046507774343017,-0.00085865439097147
2006,1,17,1.5,1.6,17,illinois,0.0,2006Q1,0.006240079253824934,0.0028222861684925778,-0.0018895753594156128,-5.17323587111815e-05
2006,2,17,1.5,1.6,17,illinois,0.0,2006Q2,0.006240079253824934,0.0028222861684925778,-0.0018895753594156128,-5.17323587111815e-05
2006,3,17,1.6,1.72,17,illinois,0.10000000000000009,2006Q3,0.006240079253824934,0.0028222861684925778,-0.0018895753594156128,-5.17323587111815e-05
2006,4,17,1.6,1.72,17,illinois,0.0,2006Q4,0.006240079253824934,0.0028222861684925778,-0.0018895753594156128,-5.17323587111815e-05
2007,1,17,1.5,1.6,17,illinois,-0.10000000000000009,2007Q1,-0.001723095322279274,0.006149560175231789,-0.007963174576104208,0.0033272740067392115
2007,2,17,1.6,1.72,17,illinois,0.10000000000000009,2007Q2,-0.001723095322279274,0.006149560175231789,-0.007963174576104208,0.0033272740067392115
2007,3,17,1.6,1.72,17,illinois,0.0,2007Q3,-0.001723095322279274,0.006149560175231789,-0.007963174576104208,0.0033272740067392115
2007,4,17,1.6,1.72,17,illinois,0.0,2007Q4,-0.001723095322279274,0.006149560175231789,-0.007963174576104208,0.0033272740067392115
2008,1,17,1.6,1.72,17,illinois,0.0,2008Q1,-0.011701859019214613,0.02186814966289477,-0.00997876369693534,0.01571858948766298
2008,2,17,1.6,1.72,17,illinois,0.0,2008Q2,-0.011701859019214613,0.02186814966289477,-0.00997876369693534,0.01571858948766298
2005,2,18,1.4,1.5,18,indiana,-0.10000000000000009,2005Q2,0.0014258105526197573,0.002141409822543533,-0.0028625562686302656,-0.0004993905290079825
2005,3,18,1.4,1.5,18,indiana,0.0,2005Q3,0.0014258105526197573,0.002141409822543533,-0.0028625562686302656,-0.0004993905290079825
2005,4,18,1.4,1.5,18,indiana,0.0,2005Q4,0.0014258105526197573,0.002141409822543533,-0.0028625562686302656,-0.0004993905290079825
2006,1,18,1.4,1.5,18,indiana,0.0,2006Q1,0.007130151930439859,0.0014491594886603737,0.0057043413778201015,-0.0006922503338831591
2006,2,18,1.4,1.5,18,indiana,0.0,2006Q2,0.007130151930439859,0.0014491594886603737,0.0057043413778201015,-0.0006922503338831591
2006,3,18,1.5,1.6,18,indiana,0.10000000000000009,2006Q3,0.007130151930439859,0.0014491594886603737,0.0057043413778201015,-0.0006922503338831591
2006,4,18,1.5,1.6,18,indiana,0.0,2006Q4,0.007130151930439859,0.0014491594886603737,0.0057043413778201015,-0.0006922503338831591
2007,1,18,1.5,1.6,18,indiana,0.0,2007Q1,0.005414300300535861,0.002516827274485466,-0.001715851629903998,0.0010676677858250925
2007,2,18,1.5,1.6,18,indiana,0.0,2007Q2,0.005414300300535861,0.002516827274485466,-0.001715851629903998,0.0010676677858250925
2007,3,18,1.5,1.6,18,indiana,0.0,2007Q3,0.005414300300535861,0.002516827274485466,-0.001715851629903998,0.0010676677858250925
2007,4,18,1.5,1.6,18,indiana,0.0,2007Q4,0.005414300300535861,0.002516827274485466,-0.001715851629903998,0.0010676677858250925
2008,1,18,1.5,1.6,18,indiana,0.0,2008Q1,-0.0030405327448890726,0.011912908214071967,-0.008454833045424933,0.0093960809395865
2008,2,18,1.5,1.6,18,indiana,0.0,2008Q2,-0.0030405327448890726,0.011912908214071967,-0.008454833045424933,0.0093960809395865
2005,2,19,1.24,1.32,19,iowa,0.0,2005Q2,0.007507990830958929,0.003119953346492015,-0.0031625858362003267,0.0015634899010750472
2005,3,19,1.24,1.32,19,iowa,0.0,2005Q3,0.007507990830958929,0.003119953346492015,-0.0031625858362003267,0.0015634899010750472
2005,4,19,1.24,1.32,19,iowa,0.0,2005Q4,0.007507990830958929,0.003119953346492015,-0.0031625858362003267,0.0015634899010750472
2006,1,19,1.24,1.32,19,iowa,0.0,2006Q1,0.008926054683829747,0.0032387315605312264,0.001418063852870818,0.00011877821403921121
2006,2,19,1.24,1.32,19,iowa,0.0,2006Q2,0.008926054683829747,0.0032387315605312264,0.001418063852870818,0.00011877821403921121
2006,3,19,1.32,1.4,19,iowa,0.08000000000000007,2006Q3,0.008926054683829747,0.0032387315605312264,0.001418063852870818,0.00011877821403921121
2006,4,19,1.32,1.4,19,iowa,0.0,2006Q4,0.008926054683829747,0.0032387315605312264,0.001418063852870818,0.00011877821403921121
2007,1,19,1.24,1.32,19,iowa,-0.08000000000000007,2007Q1,0.007751318858552357,0.0027434484260117093,-0.0011747358252773904,-0.0004952831345195171
2007,2,19,1.24,1.32,19,iowa,0.0,2007Q2,0.007751318858552357,0.0027434484260117093,-0.0011747358252773904,-0.0004952831345195171
2007,3,19,1.32,1.4,19,iowa,0.08000000000000007,2007Q3,0.007751318858552357,0.0027434484260117093,-0.0011747358252773904,-0.0004952831345195171
2007,4,19,1.32,1.4,19,iowa,0.0,2007Q4,0.007751318858552357,0.0027434484260117093,-0.0011747358252773904,-0.0004952831345195171
2008,1,19,1.24,1.32,19,iowa,-0.08000000000000007,2008Q1,0.0005011628157500707,0.010385897546008046,-0.007250156042802287,0.007642449119996337
2008,2,19,1.32,1.4,19,iowa,0.08000000000000007,2008Q2,0.0005011628157500707,0.010385897546008046,-0.007250156042802287,0.007642449119996337
2005,2,20,1.32,1.4,20,kansas,0.0,2005Q2,0.010475807740639331,0.0005533025453709368,0.019407946724273144,1.8500356495924106e-05
2005,3,20,1.24,1.32,20,kansas,-0.08000000000000007,2005Q3,0.010475807740639331,0.0005533025453709368,0.019407946724273144,1.8500356495924106e-05
2005,4,20,1.32,1.4,20,kansas,0.08000000000000007,2005Q4,0.010475807740639331,0.0005533025453709368,0.019407946724273144,1.8500356495924106e-05
2006,1,20,1.24,1.32,20,kansas,-0.08000000000000007,2006Q1,0.008440169020034876,0.0005171645285440244,-0.0020356387206044557,-3.613801682691238e-05
2006,2,20,1.32,1.4,20,kansas,0.08000000000000007,2006Q2,0.008440169020034876,0.0005171645285440244,-0.0020356387206044557,-3.613801682691238e-05
2006,3,20,1.32,1.4,20,kansas,0.0,2006Q3,0.008440169020034876,0.0005171645285440244,-0.0020356387206044557,-3.613801682691238e-05
2006,4,20,1.24,1.32,20,kansas,-0.08000000000000007,2006Q4,0.008440169020034876,0.0005171645285440244,-0.0020356387206044557,-3.613801682691238e-05
2007,1,20,1.24,1.32,20,kansas,0.0,2007Q1,0.0061893872248309795,0.0005833256954837362,-0.002250781795203896,6.616116693971186e-05
2007,2,20,1.11,1.24,20,kansas,-0.1299999999999999,2007Q2,0.0061893872248309795,0.0005833256954837362,-0.002250781795203896,6.616116693971186e-05
2007,3,20,1.32,1.4,20,kansas,0.20999999999999996,2007Q3,0.0061893872248309795,0.0005833256954837362,-0.002250781795203896,6.616116693971186e-05
2007,4,20,1.32,1.4,20,kansas,0.0,2007Q4,0.0061893872248309795,0.0005833256954837362,-0.002250781795203896,6.616116693971186e-05
2008,1,20,1.24,1.32,20,kansas,-0.08000000000000007,2008Q1,0.008887529671138683,0.0031804760239528057,0.002698142446307703,0.0025971503284690695
2008,2,20,1.32,1.4,20,kansas,0.08000000000000007,2008Q2,0.008887529671138683,0.0031804760239528057,0.002698142446307703,0.0025971503284690695
2005,2,21,1.32,1.4,21,kentucky,-0.07999999999999985,2005Q2,0.010210238395323269,0.0020069131472036645,0.0026201799633448295,-0.00034325263419366335
2005,3,21,1.32,1.4,21,kentucky,0.0,2005Q3,0.010210238395323269,0.0020069131472036645,0.0026201799633448295,-0.00034325263419366335
2005,4,21,1.32,1.4,21,kentucky,0.0,2005Q4,0.010210238395323269,0.0020069131472036645,0.0026201799633448295,-0.00034325263419366335
2006,1,21,1.32,1.4,21,kentucky,0.0,2006Q1,0.007419893222230961,0.0013855263089971454,-0.0027903451730923075,-0.0006213868382065192
2006,2,21,1.32,1.4,21,kentucky,0.0,2006Q2,0.007419893222230961,0.0013855263089971454,-0.0027903451730923075,-0.0006213868382065192
2006,3,21,1.4,1.5,21,kentucky,0.07999999999999985,2006Q3,0.007419893222230961,0.0013855263089971454,-0.0027903451730923075,-0.0006213868382065192
2006,4,21,1.4,1.5,21,kentucky,0.0,2006Q4,0.007419893222230961,0.0013855263089971454,-0.0027903451730923075,-0.0006213868382065192
2007,1,21,1.32,1.4,21,kentucky,-0.07999999999999985,2007Q1,0.006825496139162493,0.0013472074050022934,-0.0005943970830684688,-3.8318903994851924e-05
2007,2,21,1.4,1.5,21,kentucky,0.07999999999999985,2007Q2,0.006825496139162493,0.0013472074050022934,-0.0005943970830684688,-3.8318903994851924e-05
2007,3,21,1.4,1.5,21,kentucky,0.0,2007Q3,0.006825496139162493,0.0013472074050022934,-0.0005943970830684688,-3.8318903994851924e-05
2007,4,21,1.4,1.5,21,kentucky,0.0,2007Q4,0.006825496139162493,0.0013472074050022934,-0.0005943970830684688,-3.8318903994851924e-05
2008,1,21,1.4,1.5,21,kentucky,0.0,2008Q1,0.006667829999835512,0.002282567362757167,-0.0001576661393269804,0.0009353599577548734
2008,2,21,1.4,1.5,21,kentucky,0.0,2008Q2,0.006667829999835512,0.002282567362757167,-0.0001576661393269804,0.0009353599577548734
2005,2,22,1.32,1.4,22,louisiana,-0.07999999999999985,2005Q2,0.005433323161428135,0.007102300699071187,-0.004301301284590614,0.005675901803519179
2005,3,22,1.4,1.5,22,louisiana,0.07999999999999985,2005Q3,0.005433323161428135,0.007102300699071187,-0.004301301284590614,0.005675901803519179
2005,4,22,1.11,1.24,22,louisiana,-0.2899999999999998,2005Q4,0.005433323161428135,0.007102300699071187,-0.004301301284590614,0.005675901803519179
2006,1,22,1.11,1.24,22,louisiana,0.0,2006Q1,0.011969063390729945,-0.0001467868011217853,0.00653574022930181,-0.0072490875001929725
2006,2,22,1.24,1.32,22,louisiana,0.1299999999999999,2006Q2,0.011969063390729945,-0.0001467868011217853,0.00653574022930181,-0.0072490875001929725
2006,3,22,1.24,1.32,22,louisiana,0.0,2006Q3,0.011969063390729945,-0.0001467868011217853,0.00653574022930181,-0.0072490875001929725
2006,4,22,1.24,1.32,22,louisiana,0.0,2006Q4,0.011969063390729945,-0.0001467868011217853,0.00653574022930181,-0.0072490875001929725
2007,1,22,1.24,1.32,22,louisiana,0.0,2007Q1,0.009080250831705817,-0.0008694923646862577,-0.0028888125590241284,-0.0007227055635644724
2007,2,22,1.32,1.4,22,louisiana,0.08000000000000007,2007Q2,0.009080250831705817,-0.0008694923646862577,-0.0028888125590241284,-0.0007227055635644724
2007,3,22,1.32,1.4,22,louisiana,0.0,2007Q3,0.009080250831705817,-0.0008694923646862577,-0.0028888125590241284,-0.0007227055635644724
2007,4,22,1.32,1.4,22,louisiana,0.0,2007Q4,0.009080250831705817,-0.0008694923646862577,-0.0028888125590241284,-0.0007227055635644724
2008,1,22,1.32,1.4,22,louisiana,0.0,2008Q1,0.008247865433146389,0.002771732399759856,-0.0008323853985594282,0.003641224764446114
2008,2,22,1.32,1.4,22,louisiana,0.0,2008Q2,0.008247865433146389,0.002771732399759856,-0.0008323853985594282,0.003641224764446114
2005,2,23,1.72,1.84,23,maine,0.0,2005Q2,0.011372172166705252,0.0013503314150084495,-0.000523440149794328,0.0002694943504630877
2005,3,23,1.72,1.84,23,maine,0.0,2005Q3,0.011372172166705252,0.0013503314150084495,-0.000523440149794328,0.0002694943504630877
2005,4,23,1.72,1.84,23,maine,0.0,2005Q4,0.011372172166705252,0.0013503314150084495,-0.000523440149794328,0.0002694943504630877
2006,1,23,1.72,1.84,23,maine,0.0,2006Q1,0.010573315076493702,0.0015435064734706106,-0.0007988570902115501,0.00019317505846216118
2006,2,23,1.72,1.84,23,maine,0.0,2006Q2,0.010573315076493702,0.0015435064734706106,-0.0007988570902115501,0.00019317505846216118
2006,3,23,1.84,2.06,23,maine,0.1200000000000001,2006Q3,0.010573315076493702,0.0015435064734706106,-0.0007988570902115501,0.00019317505846216118
2006,4,23,1.84,2.06,23,maine,0.0,2006Q4,0.010573315076493702,0.0015435064734706106,-0.0007988570902115501,0.00019317505846216118
2007,1,23,1.72,1.84,23,maine,-0.1200000000000001,2007Q1,0.00709694604350217,0.0020819353928214273,-0.0034763690329915314,0.0005384289193508167
2007,2,23,1.72,1.84,23,maine,0.0,2007Q2,0.00709694604350217,0.0020819353928214273,-0.0034763690329915314,0.0005384289193508167
2007,3,23,1.72,1.84,23,maine,0.0,2007Q3,0.00709694604350217,0.0020819353928214273,-0.0034763690329915314,0.0005384289193508167
2007,4,23,1.84,2.06,23,maine,0.1200000000000001,2007Q4,0.00709694604350217,0.0020819353928214273,-0.0034763690329915314,0.0005384289193508167
2008,1,23,1.84,2.06,23,maine,0.0,2008Q1,0.006751022233229756,0.006047625439987049,-0.00034592381027241485,0.003965690047165621
2008,2,23,1.84,2.06,23,maine,0.0,2008Q2,0.006751022233229756,0.006047625439987049,-0.00034592381027241485,0.003965690047165621
2005,2,24,2.06,,24,maryland,0.0,2005Q2,0.013531866652745611,0.0013376841138687651,-0.00019300730496044083,0.00019684910612254264
2005,3,24,2.06,,24,maryland,0.0,2005Q3,0.013531866652745611,0.0013376841138687651,-0.00019300730496044083,0.00019684910612254264
2005,4,24,2.06,,24,maryland,0.0,2005Q4,0.013531866652745611,0.0013376841138687651,-0.00019300730496044083,0.00019684910612254264
2006,1,24,2.06,,24,maryland,0.0,2006Q1,0.011459270325389388,0.0010224460591340648,-0.002072596327356223,-0.0003152380547347003
2006,2,24,2.06,,24,maryland,0.0,2006Q2,0.011459270325389388,0.0010224460591340648,-0.002072596327356223,-0.0003152380547347003
2006,3,24,2.06,,24,maryland,0.0,2006Q3,0.011459270325389388,0.0010224460591340648,-0.002072596327356223,-0.0003152380547347003
2006,4,24,2.06,,24,maryland,0.0,2006Q4,0.011459270325389388,0.0010224460591340648,-0.002072596327356223,-0.0003152380547347003
2007,1,24,2.06,,24,maryland,0.0,2007Q1,0.008505232017457145,0.0017560641247301707,-0.002954038307932243,0.0007336180655961059
2007,2,24,2.06,,24,maryland,0.0,2007Q2,0.008505232017457145,0.0017560641247301707,-0.002954038307932243,0.0007336180655961059
2007,3,24,2.06,,24,maryland,0.0,2007Q3,0.008505232017457145,0.0017560641247301707,-0.002954038307932243,0.0007336180655961059
2007,4,24,2.06,,24,maryland,0.0,2007Q4,0.008505232017457145,0.0017560641247301707,-0.002954038307932243,0.0007336180655961059
2008,1,24,2.06,,24,maryland,0.0,2008Q1,-0.0034756132162641097,0.009563536011910165,-0.011980845233721255,0.007807471887179994
2008,2,24,2.06,,24,maryland,0.0,2008Q2,-0.0034756132162641097,0.009563536011910165,-0.011980845233721255,0.007807471887179994
2005,2,25,1.6,1.72,25,massachusetts,0.0,2005Q2,0.009218597920709809,0.0008832443056657718,-7.861723147988345e-05,-3.181229304865228e-05
2005,3,25,1.5,1.6,25,massachusetts,-0.10000000000000009,2005Q3,0.009218597920709809,0.0008832443056657718,-7.861723147988345e-05,-3.181229304865228e-05
2005,4,25,1.6,1.72,25,massachusetts,0.10000000000000009,2005Q4,0.009218597920709809,0.0008832443056657718,-7.861723147988345e-05,-3.181229304865228e-05
2006,1,25,1.6,1.72,25,massachusetts,0.0,2006Q1,0.0069700328068009005,0.0010170919992410897,-0.0022485651139089085,0.00013384769357531793
2006,2,25,1.6,1.72,25,massachusetts,0.0,2006Q2,0.0069700328068009005,0.0010170919992410897,-0.0022485651139089085,0.00013384769357531793
2006,3,25,1.6,1.72,25,massachusetts,0.0,2006Q3,0.0069700328068009005,0.0010170919992410897,-0.0022485651139089085,0.00013384769357531793
2006,4,25,1.6,1.72,25,massachusetts,0.0,2006Q4,0.0069700328068009005,0.0010170919992410897,-0.0022485651139089085,0.00013384769357531793
2007,1,25,1.5,1.6,25,massachusetts,-0.10000000000000009,2007Q1,0.005575775356461419,0.0011091835263690808,-0.0013942574503394813,9.209152712799109e-05
2007,2,25,1.6,1.72,25,massachusetts,0.10000000000000009,2007Q2,0.005575775356461419,0.0011091835263690808,-0.0013942574503394813,9.209152712799109e-05
2007,3,25,1.6,1.72,25,massachusetts,0.0,2007Q3,0.005575775356461419,0.0011091835263690808,-0.0013942574503394813,9.209152712799109e-05
2007,4,25,1.6,1.72,25,massachusetts,0.0,2007Q4,0.005575775356461419,0.0011091835263690808,-0.0013942574503394813,9.209152712799109e-05
2008,1,25,1.6,1.72,25,massachusetts,0.0,2008Q1,0.005149311845182753,0.0037018138717311274,-0.0004264635112786663,0.0025926303453620465
2008,2,25,1.6,1.72,25,massachusetts,0.0,2008Q2,0.005149311845182753,0.0037018138717311274,-0.0004264635112786663,0.0025926303453620465
2005,2,26,1.6,1.72,26,michigan,0.0,2005Q2,0.006057142139165065,0.0013521845732517447,-0.006626828441702802,-0.0002883372681306989
2005,3,26,1.6,1.72,26,michigan,0.0,2005Q3,0.006057142139165065,0.0013521845732517447,-0.006626828441702802,-0.0002883372681306989
2005,4,26,1.6,1.72,26,michigan,0.0,2005Q4,0.006057142139165065,0.0013521845732517447,-0.006626828441702802,-0.0002883372681306989
2006,1,26,1.6,1.72,26,michigan,0.0,2006Q1,0.005803398005306743,0.0020045934177075767,-0.0002537441338583213,0.000652408844455832
2006,2,26,1.72,1.84,26,michigan,0.11999999999999988,2006Q2,0.005803398005306743,0.0020045934177075767,-0.0002537441338583213,0.000652408844455832
2006,3,26,1.72,1.84,26,michigan,0.0,2006Q3,0.005803398005306743,0.0020045934177075767,-0.0002537441338583213,0.000652408844455832
2006,4,26,1.72,1.84,26,michigan,0.0,2006Q4,0.005803398005306743,0.0020045934177075767,-0.0002537441338583213,0.000652408844455832
2007,1,26,1.6,1.72,26,michigan,-0.11999999999999988,2007Q1,-0.0044987217885677205,0.006851560634895153,-0.010302119793874465,0.004846967217187577
2007,2,26,1.72,1.84,26,michigan,0.11999999999999988,2007Q2,-0.0044987217885677205,0.006851560634895153,-0.010302119793874465,0.004846967217187577
2007,3,26,1.72,1.84,26,michigan,0.0,2007Q3,-0.0044987217885677205,0.006851560634895153,-0.010302119793874465,0.004846967217187577
2007,4,26,1.72,1.84,26,michigan,0.0,2007Q4,-0.0044987217885677205,0.006851560634895153,-0.010302119793874465,0.004846967217187577
2008,1,26,1.72,1.84,26,michigan,0.0,2008Q1,-0.02974955032394116,0.025786368077201163,-0.025250828535373443,0.01893480744230601
2008,2,26,1.72,1.84,26,michigan,0.0,2008Q2,-0.02974955032394116,0.025786368077201163,-0.025250828535373443,0.01893480744230601
2005,2,27,1.6,1.72,27,minnesota,0.0,2005Q2,0.01402069364978156,0.0018680598789671615,-0.0003431633377490879,-0.00022565160150003305
2005,3,27,1.6,1.72,27,minnesota,0.0,2005Q3,0.01402069364978156,0.0018680598789671615,-0.0003431633377490879,-0.00022565160150003305
2005,4,27,1.6,1.72,27,minnesota,0.0,2005Q4,0.01402069364978156,0.0018680598789671615,-0.0003431633377490879,-0.00022565160150003305
2006,1,27,1.6,1.72,27,minnesota,0.0,2006Q1,0.01029191047407083,0.004274385618349462,-0.0037287831757107284,0.002406325739382301
2006,2,27,1.72,1.84,27,minnesota,0.11999999999999988,2006Q2,0.01029191047407083,0.004274385618349462,-0.0037287831757107284,0.002406325739382301
2006,3,27,1.72,1.84,27,minnesota,0.0,2006Q3,0.01029191047407083,0.004274385618349462,-0.0037287831757107284,0.002406325739382301
2006,4,27,1.72,1.84,27,minnesota,0.0,2006Q4,0.01029191047407083,0.004274385618349462,-0.0037287831757107284,0.002406325739382301
2007,1,27,1.72,1.84,27,minnesota,0.0,2007Q1,0.005952603266046089,0.0024768370090181243,-0.004339307208024742,-0.001797548609331338
2007,2,27,1.72,1.84,27,minnesota,0.0,2007Q2,0.005952603266046089,0.0024768370090181243,-0.004339307208024742,-0.001797548609331338
2007,3,27,1.72,1.84,27,minnesota,0.0,2007Q3,0.005952603266046089,0.0024768370090181243,-0.004339307208024742,-0.001797548609331338
2007,4,27,1.72,1.84,27,minnesota,0.0,2007Q4,0.005952603266046089,0.0024768370090181243,-0.004339307208024742,-0.001797548609331338
2008,1,27,1.72,1.84,27,minnesota,0.0,2008Q1,-0.0038254063634851074,0.011757705403769692,-0.009778009629531195,0.009280868394751568
2008,2,27,1.72,1.84,27,minnesota,0.0,2008Q2,-0.0038254063634851074,0.011757705403769692,-0.009778009629531195,0.009280868394751568
2005,2,28,1.4,1.5,28,mississippi,0.0,2005Q2,-0.006434069655033369,0.0017787472274925845,0.003822647947337477,-0.0022766637240667015
2005,3,28,1.4,1.5,28,mississippi,0.0,2005Q3,-0.006434069655033369,0.0017787472274925845,0.003822647947337477,-0.0022766637240667015
2005,4,28,1.11,1.24,28,mississippi,-0.2899999999999998,2005Q4,-0.006434069655033369,0.0017787472274925845,0.003822647947337477,-0.0022766637240667015
2006,1,28,1.24,1.32,28,mississippi,0.1299999999999999,2006Q1,-0.010689276197389904,0.0014779335472818087,-0.004255206542356535,-0.00030081368021077576
2006,2,28,1.32,1.4,28,mississippi,0.08000000000000007,2006Q2,-0.010689276197389904,0.0014779335472818087,-0.004255206542356535,-0.00030081368021077576
2006,3,28,1.4,1.5,28,mississippi,0.07999999999999985,2006Q3,-0.010689276197389904,0.0014779335472818087,-0.004255206542356535,-0.00030081368021077576
2006,4,28,1.4,1.5,28,mississippi,0.0,2006Q4,-0.010689276197389904,0.0014779335472818087,-0.004255206542356535,-0.00030081368021077576
2007,1,28,1.4,1.5,28,mississippi,0.0,2007Q1,0.00320668169030975,0.0016223844191284357,0.013895957887699654,0.00014445087184662697
2007,2,28,1.4,1.5,28,mississippi,0.0,2007Q2,0.00320668169030975,0.0016223844191284357,0.013895957887699654,0.00014445087184662697
2007,3,28,1.4,1.5,28,mississippi,0.0,2007Q3,0.00320668169030975,0.0016223844191284357,0.013895957887699654,0.00014445087184662697
2007,4,28,1.4,1.5,28,mississippi,0.0,2007Q4,0.00320668169030975,0.0016223844191284357,0.013895957887699654,0.00014445087184662697
2008,1,28,1.4,1.5,28,mississippi,0.0,2008Q1,-0.0016059408421508217,0.003625431850324723,-0.004812622532460572,0.0020030474311962874
2008,2,28,1.4,1.5,28,mississippi,0.0,2008Q2,-0.0016059408421508217,0.003625431850324723,-0.004812622532460572,0.0020030474311962874
2005,2,29,1.4,1.5,29,missouri,0.0,2005Q2,0.010377574159860264,0.002395400197464585,-0.0005542232548038008,3.3680904150502206e-05
2005,3,29,1.4,1.5,29,missouri,0.0,2005Q3,0.010377574159860264,0.002395400197464585,-0.0005542232548038008,3.3680904150502206e-05
2005,4,29,1.4,1.5,29,missouri,0.0,2005Q4,0.010377574159860264,0.002395400197464585,-0.0005542232548038008,3.3680904150502206e-05
2006,1,29,1.4,1.5,29,missouri,0.0,2006Q1,0.011157022534930014,0.00189370923309975,0.0007794483750697499,-0.0005016909643648349
2006,2,29,1.4,1.5,29,missouri,0.0,2006Q2,0.011157022534930014,0.00189370923309975,0.0007794483750697499,-0.0005016909643648349
2006,3,29,1.5,1.6,29,missouri,0.10000000000000009,2006Q3,0.011157022534930014,0.00189370923309975,0.0007794483750697499,-0.0005016909643648349
2006,4,29,1.5,1.6,29,missouri,0.0,2006Q4,0.011157022534930014,0.00189370923309975,0.0007794483750697499,-0.0005016909643648349
2007,1,29,1.4,1.5,29,missouri,-0.10000000000000009,2007Q1,0.006597609002430679,0.004815866365447475,-0.004559413532499335,0.0029221571323477247
2007,2,29,1.5,1.6,29,missouri,0.10000000000000009,2007Q2,0.006597609002430679,0.004815866365447475,-0.004559413532499335,0.0029221571323477247
2007,3,29,1.5,1.6,29,missouri,0.0,2007Q3,0.006597609002430679,0.004815866365447475,-0.004559413532499335,0.0029221571323477247
2007,4,29,1.5,1.6,29,missouri,0.0,2007Q4,0.006597609002430679,0.004815866365447475,-0.004559413532499335,0.0029221571323477247
2008,1,29,1.5,1.6,29,missouri,0.0,2008Q1,-0.006960825854316847,0.01992957686732081,-0.013558434856747525,0.015113710501873335
2008,2,29,1.5,1.6,29,missouri,0.0,2008Q2,-0.006960825854316847,0.01992957686732081,-0.013558434856747525,0.015113710501873335
2005,2,30,1.72,1.84,30,montana,0.0,2005Q2,0.012029605943628096,-0.0009696439781185544,0.0003532512870470933,-0.0010699401862532456
2005,3,30,1.72,1.84,30,montana,0.0,2005Q3,0.012029605943628096,-0.0009696439781185544,0.0003532512870470933,-0.0010699401862532456
2005,4,30,1.72,1.84,30,montana,0.0,2005Q4,0.012029605943628096,-0.0009696439781185544,0.0003532512870470933,-0.0010699401862532456
2006,1,30,1.72,1.84,30,montana,0.0,2006Q1,0.010462728741447339,0.0,-0.0015668772021807578,0.0009696439781185544
2006,2,30,1.84,2.06,30,montana,0.1200000000000001,2006Q2,0.010462728741447339,0.0,-0.0015668772021807578,0.0009696439781185544
2006,3,30,1.84,2.06,30,montana,0.0,2006Q3,0.010462728741447339,0.0,-0.0015668772021807578,0.0009696439781185544
2006,4,30,1.84,2.06,30,montana,0.0,2006Q4,0.010462728741447339,0.0,-0.0015668772021807578,0.0009696439781185544
2007,1,30,1.84,2.06,30,montana,0.0,2007Q1,0.009151177199504337,0.0,-0.001311551541943002,0.0
2007,2,30,1.84,2.06,30,montana,0.0,2007Q2,0.009151177199504337,0.0,-0.001311551541943002,0.0
2007,3,30,1.84,2.06,30,montana,0.0,2007Q3,0.009151177199504337,0.0,-0.001311551541943002,0.0
2007,4,30,1.84,2.06,30,montana,0.0,2007Q4,0.009151177199504337,0.0,-0.001311551541943002,0.0
2008,1,30,1.84,2.06,30,montana,0.0,2008Q1,0.00694678331348147,-0.0005746025665581306,-0.002204393886022867,-0.0005746025665581306
2008,2,30,1.84,2.06,30,montana,0.0,2008Q2,0.00694678331348147,-0.0005746025665581306,-0.002204393886022867,-0.0005746025665581306
2005,2,31,1.32,1.4,31,nebraska,0.0,2005Q2,0.013787214079019236,0.002456835122819143,0.00422996980585005,0.0009194797278722819
2005,3,31,1.24,1.32,31,nebraska,-0.08000000000000007,2005Q3,0.013787214079019236,0.002456835122819143,0.00422996980585005,0.0009194797278722819
2005,4,31,1.24,1.32,31,nebraska,0.0,2005Q4,0.013787214079019236,0.002456835122819143,0.00422996980585005,0.0009194797278722819
2006,1,31,1.32,1.4,31,nebraska,0.08000000000000007,2006Q1,0.015378021479323259,0.0016800420534435,0.0015908074003040222,-0.000776793069375643
2006,2,31,1.32,1.4,31,nebraska,0.0,2006Q2,0.015378021479323259,0.0016800420534435,0.0015908074003040222,-0.000776793069375643
2006,3,31,1.32,1.4,31,nebraska,0.0,2006Q3,0.015378021479323259,0.0016800420534435,0.0015908074003040222,-0.000776793069375643
2006,4,31,1.32,1.4,31,nebraska,0.0,2006Q4,0.015378021479323259,0.0016800420534435,0.0015908074003040222,-0.000776793069375643
2007,1,31,1.24,1.32,31,nebraska,-0.08000000000000007,2007Q1,-0.0024199867932793297,0.015205537271828483,-0.017798008272602587,0.013525495218384984
2007,2,31,1.24,1.32,31,nebraska,0.0,2007Q2,-0.0024199867932793297,0.015205537271828483,-0.017798008272602587,0.013525495218384984
2007,3,31,1.24,1.32,31,nebraska,0.0,2007Q3,-0.0024199867932793297,0.015205537271828483,-0.017798008272602587,0.013525495218384984
2007,4,31,1.32,1.4,31,nebraska,0.08000000000000007,2007Q4,-0.0024199867932793297,0.015205537271828483,-0.017798008272602587,0.013525495218384984
2008,1,31,1.24,1.32,31,nebraska,-0.08000000000000007,2008Q1,-0.015189199001374406,0.02089324419900318,-0.012769212208095076,0.005687706927174697
2008,2,31,1.24,1.32,31,nebraska,0.0,2008Q2,-0.015189199001374406,0.02089324419900318,-0.012769212208095076,0.005687706927174697
2005,2,32,1.84,2.06,32,nevada,0.0,2005Q2,0.013045505513376228,0.0008975543395626094,-0.0007941865216564686,-0.008688261449323149
2005,3,32,2.06,,32,nevada,0.21999999999999997,2005Q3,0.013045505513376228,0.0008975543395626094,-0.0007941865216564686,-0.008688261449323149
2005,4,32,2.06,,32,nevada,0.0,2005Q4,0.013045505513376228,0.0008975543395626094,-0.0007941865216564686,-0.008688261449323149
2006,1,32,2.06,,32,nevada,0.0,2006Q1,0.013822976644041291,0.0030516818577629675,0.0007774711306650639,0.002154127518200358
2006,2,32,2.06,,32,nevada,0.0,2006Q2,0.013822976644041291,0.0030516818577629675,0.0007774711306650639,0.002154127518200358
2006,3,32,2.06,,32,nevada,0.0,2006Q3,0.013822976644041291,0.0030516818577629675,0.0007774711306650639,0.002154127518200358
2006,4,32,2.06,,32,nevada,0.0,2006Q4,0.013822976644041291,0.0030516818577629675,0.0007774711306650639,0.002154127518200358
2007,1,32,2.06,,32,nevada,0.0,2007Q1,-0.0005416133135774256,0.011994653202994698,-0.014364589957618717,0.008942971345231731
2007,2,32,2.06,,32,nevada,0.0,2007Q2,-0.0005416133135774256,0.011994653202994698,-0.014364589957618717,0.008942971345231731
2007,3,32,2.06,,32,nevada,0.0,2007Q3,-0.0005416133135774256,0.011994653202994698,-0.014364589957618717,0.008942971345231731
2007,4,32,2.06,,32,nevada,0.0,2007Q4,-0.0005416133135774256,0.011994653202994698,-0.014364589957618717,0.008942971345231731
2008,1,32,2.06,,32,nevada,0.0,2008Q1,0.002949213510307845,0.007312685992513602,0.0034908268238852706,-0.0046819672104810965
2008,2,32,2.06,,32,nevada,0.0,2008Q2,0.002949213510307845,0.007312685992513602,0.0034908268238852706,-0.0046819672104810965
2005,2,33,1.84,2.06,33,new hampshire,0.0,2005Q2,0.017582007486623842,0.00063083744373819,-0.0014711943037271427,-0.00032333202590192585
2005,3,33,1.72,1.84,33,new hampshire,-0.1200000000000001,2005Q3,0.017582007486623842,0.00063083744373819,-0.0014711943037271427,-0.00032333202590192585
2005,4,33,1.84,2.06,33,new hampshire,0.1200000000000001,2005Q4,0.017582007486623842,0.00063083744373819,-0.0014711943037271427,-0.00032333202590192585
2006,1,33,1.84,2.06,33,new hampshire,0.0,2006Q1,0.016467165037421464,0.000584202376415769,-0.001114842449202378,-4.6635067322421024e-05
2006,2,33,1.84,2.06,33,new hampshire,0.0,2006Q2,0.016467165037421464,0.000584202376415769,-0.001114842449202378,-4.6635067322421024e-05
2006,3,33,1.84,2.06,33,new hampshire,0.0,2006Q3,0.016467165037421464,0.000584202376415769,-0.001114842449202378,-4.6635067322421024e-05
2006,4,33,1.84,2.06,33,new hampshire,0.0,2006Q4,0.016467165037421464,0.000584202376415769,-0.001114842449202378,-4.6635067322421024e-05
2007,1,33,1.84,2.06,33,new hampshire,0.0,2007Q1,0.006404854905613277,0.000676460452590333,-0.010062310131808187,9.225807617456395e-05
2007,2,33,1.84,2.06,33,new hampshire,0.0,2007Q2,0.006404854905613277,0.000676460452590333,-0.010062310131808187,9.225807617456395e-05
2007,3,33,1.84,2.06,33,new hampshire,0.0,2007Q3,0.006404854905613277,0.000676460452590333,-0.010062310131808187,9.225807617456395e-05
2007,4,33,2.06,,33,new hampshire,0.21999999999999997,2007Q4,0.006404854905613277,0.000676460452590333,-0.010062310131808187,9.225807617456395e-05
2008,1,33,1.84,2.06,33,new hampshire,-0.21999999999999997,2008Q1,0.006166322498027288,0.0034508197461203716,-0.0002385324075859889,0.0027743592935300385
2008,2,33,1.84,2.06,33,new hampshire,0.0,2008Q2,0.006166322498027288,0.0034508197461203716,-0.0002385324075859889,0.0027743592935300385
2005,2,34,1.6,1.72,34,new jersey,0.0,2005Q2,0.013616986823164754,0.00025901634436123185,-0.0018865032235303985,-0.0002025667022691654
2005,3,34,1.6,1.72,34,new jersey,0.0,2005Q3,0.013616986823164754,0.00025901634436123185,-0.0018865032235303985,-0.0002025667022691654
2005,4,34,1.72,1.84,34,new jersey,0.11999999999999988,2005Q4,0.013616986823164754,0.00025901634436123185,-0.0018865032235303985,-0.0002025667022691654
2006,1,34,1.72,1.84,34,new jersey,0.0,2006Q1,0.010981500907092198,0.00023185428461195014,-0.0026354859160725563,-2.7162059749281703e-05
2006,2,34,1.72,1.84,34,new jersey,0.0,2006Q2,0.010981500907092198,0.00023185428461195014,-0.0026354859160725563,-2.7162059749281703e-05
2006,3,34,1.84,2.06,34,new jersey,0.1200000000000001,2006Q3,0.010981500907092198,0.00023185428461195014,-0.0026354859160725563,-2.7162059749281703e-05
2006,4,34,1.72,1.84,34,new jersey,-0.1200000000000001,2006Q4,0.010981500907092198,0.00023185428461195014,-0.0026354859160725563,-2.7162059749281703e-05
2007,1,34,1.72,1.84,34,new jersey,0.0,2007Q1,0.008414540115778026,0.0004838878574768802,-0.0025669607913141722,0.00025203357286493006
2007,2,34,1.84,2.06,34,new jersey,0.1200000000000001,2007Q2,0.008414540115778026,0.0004838878574768802,-0.0025669607913141722,0.00025203357286493006
2007,3,34,1.84,2.06,34,new jersey,0.0,2007Q3,0.008414540115778026,0.0004838878574768802,-0.0025669607913141722,0.00025203357286493006
2007,4,34,1.84,2.06,34,new jersey,0.0,2007Q4,0.008414540115778026,0.0004838878574768802,-0.0025669607913141722,0.00025203357286493006
2008,1,34,1.84,2.06,34,new jersey,0.0,2008Q1,0.008288822900271412,0.0019911947213749758,-0.00012571721550661344,0.0015073068638980956
2008,2,34,1.84,2.06,34,new jersey,0.0,2008Q2,0.008288822900271412,0.0019911947213749758,-0.00012571721550661344,0.0015073068638980956
2005,2,35,1.72,1.84,35,new mexico,0.0,2005Q2,0.011704865558201431,0.0003745439535173305,0.0018146637053852253,-0.0017050779757702282
2005,3,35,1.72,1.84,35,new mexico,0.0,2005Q3,0.011704865558201431,0.0003745439535173305,0.0018146637053852253,-0.0017050779757702282
2005,4,35,1.72,1.84,35,new mexico,0.0,2005Q4,0.011704865558201431,0.0003745439535173305,0.0018146637053852253,-0.0017050779757702282
2006,1,35,1.72,1.84,35,new mexico,0.0,2006Q1,0.01277724364287372,0.0005956652431588826,0.0010723780846722888,0.00022112128964155207
2006,2,35,1.72,1.84,35,new mexico,0.0,2006Q2,0.01277724364287372,0.0005956652431588826,0.0010723780846722888,0.00022112128964155207
2006,3,35,1.72,1.84,35,new mexico,0.0,2006Q3,0.01277724364287372,0.0005956652431588826,0.0010723780846722888,0.00022112128964155207
2006,4,35,1.72,1.84,35,new mexico,0.0,2006Q4,0.01277724364287372,0.0005956652431588826,0.0010723780846722888,0.00022112128964155207
2007,1,35,1.72,1.84,35,new mexico,0.0,2007Q1,0.009041462777056744,0.0011868702153472056,-0.0037357808658169765,0.000591204972188323
2007,2,35,1.72,1.84,35,new mexico,0.0,2007Q2,0.009041462777056744,0.0011868702153472056,-0.0037357808658169765,0.000591204972188323
2007,3,35,1.72,1.84,35,new mexico,0.0,2007Q3,0.009041462777056744,0.0011868702153472056,-0.0037357808658169765,0.000591204972188323
2007,4,35,1.72,1.84,35,new mexico,0.0,2007Q4,0.009041462777056744,0.0011868702153472056,-0.0037357808658169765,0.000591204972188323
2008,1,35,1.72,1.84,35,new mexico,0.0,2008Q1,0.001241965775719156,0.008141369761289624,-0.007799497001337588,0.006954499545942418
2008,2,35,1.84,2.06,35,new mexico,0.1200000000000001,2008Q2,0.001241965775719156,0.008141369761289624,-0.007799497001337588,0.006954499545942418
2005,2,36,1.11,1.24,36,new york,0.0,2005Q2,0.01595538526202248,9.149818160619175e-05,-0.000449677741668552,7.785611749268285e-05
2005,3,36,1.11,1.24,36,new york,0.0,2005Q3,0.01595538526202248,9.149818160619175e-05,-0.000449677741668552,7.785611749268285e-05
2005,4,36,1.11,1.24,36,new york,0.0,2005Q4,0.01595538526202248,9.149818160619175e-05,-0.000449677741668552,7.785611749268285e-05
2006,1,36,1.11,1.24,36,new york,0.0,2006Q1,0.013811724313605243,0.00019004281242246518,-0.0021436609484172357,9.854463081627343e-05
2006,2,36,1.24,1.32,36,new york,0.1299999999999999,2006Q2,0.013811724313605243,0.00019004281242246518,-0.0021436609484172357,9.854463081627343e-05
2006,3,36,1.24,1.32,36,new york,0.0,2006Q3,0.013811724313605243,0.00019004281242246518,-0.0021436609484172357,9.854463081627343e-05
2006,4,36,1.24,1.32,36,new york,0.0,2006Q4,0.013811724313605243,0.00019004281242246518,-0.0021436609484172357,9.854463081627343e-05
2007,1,36,1.11,1.24,36,new york,-0.1299999999999999,2007Q1,-0.0010690368487275188,0.0005076914234813787,-0.014880761162332763,0.00031764861105891345
2007,2,36,1.24,1.32,36,new york,0.1299999999999999,2007Q2,-0.0010690368487275188,0.0005076914234813787,-0.014880761162332763,0.00031764861105891345
2007,3,36,1.24,1.32,36,new york,0.0,2007Q3,-0.0010690368487275188,0.0005076914234813787,-0.014880761162332763,0.00031764861105891345
2007,4,36,1.32,1.4,36,new york,0.08000000000000007,2007Q4,-0.0010690368487275188,0.0005076914234813787,-0.014880761162332763,0.00031764861105891345
2008,1,36,1.11,1.24,36,new york,-0.20999999999999996,2008Q1,0.005073933413490607,0.008352286043572065,0.006142970262218126,0.007844594620090687
2008,2,36,1.24,1.32,36,new york,0.1299999999999999,2008Q2,0.005073933413490607,0.008352286043572065,0.006142970262218126,0.007844594620090687
2005,2,37,1.72,1.84,37,north carolina,0.0,2005Q2,0.012007711374277058,0.0017253601836256212,-0.00012763914260092123,0.00027194367649182455
2005,3,37,1.72,1.84,37,north carolina,0.0,2005Q3,0.012007711374277058,0.0017253601836256212,-0.00012763914260092123,0.00027194367649182455
2005,4,37,1.72,1.84,37,north carolina,0.0,2005Q4,0.012007711374277058,0.0017253601836256212,-0.00012763914260092123,0.00027194367649182455
2006,1,37,1.72,1.84,37,north carolina,0.0,2006Q1,0.012688935524930004,0.00192100541951286,0.0006812241506529461,0.0001956452358872387
2006,2,37,1.72,1.84,37,north carolina,0.0,2006Q2,0.012688935524930004,0.00192100541951286,0.0006812241506529461,0.0001956452358872387
2006,3,37,1.72,1.84,37,north carolina,0.0,2006Q3,0.012688935524930004,0.00192100541951286,0.0006812241506529461,0.0001956452358872387
2006,4,37,1.72,1.84,37,north carolina,0.0,2006Q4,0.012688935524930004,0.00192100541951286,0.0006812241506529461,0.0001956452358872387
2007,1,37,1.72,1.84,37,north carolina,0.0,2007Q1,0.011196042032108078,0.0014837485320099851,-0.001492893492821926,-0.0004372568875028748
2007,2,37,1.72,1.84,37,north carolina,0.0,2007Q2,0.011196042032108078,0.0014837485320099851,-0.001492893492821926,-0.0004372568875028748
2007,3,37,1.84,2.06,37,north carolina,0.1200000000000001,2007Q3,0.011196042032108078,0.0014837485320099851,-0.001492893492821926,-0.0004372568875028748
2007,4,37,1.84,2.06,37,north carolina,0.0,2007Q4,0.011196042032108078,0.0014837485320099851,-0.001492893492821926,-0.0004372568875028748
2008,1,37,1.84,2.06,37,north carolina,0.0,2008Q1,0.0037865374320250203,0.0064962476237499,-0.007409504600083058,0.005012499091739914
2008,2,37,1.84,2.06,37,north carolina,0.0,2008Q2,0.0037865374320250203,0.0064962476237499,-0.007409504600083058,0.005012499091739914
2005,2,38,0.4,1.11,38,north dakota,-0.7100000000000001,2005Q2,0.014029300831981917,0.0007750657276133483,0.001251472452354352,-0.0008165944989680353
2005,3,38,0.4,1.11,38,north dakota,0.0,2005Q3,0.014029300831981917,0.0007750657276133483,0.001251472452354352,-0.0008165944989680353
2005,4,38,1.11,1.24,38,north dakota,0.7100000000000001,2005Q4,0.014029300831981917,0.0007750657276133483,0.001251472452354352,-0.0008165944989680353
2006,1,38,0.4,1.11,38,north dakota,-0.7100000000000001,2006Q1,0.015803681192561963,-0.003551121330780554,0.0017743803605800457,-0.004326187058393902
2006,2,38,1.11,1.24,38,north dakota,0.7100000000000001,2006Q2,0.015803681192561963,-0.003551121330780554,0.0017743803605800457,-0.004326187058393902
2006,3,38,1.11,1.24,38,north dakota,0.0,2006Q3,0.015803681192561963,-0.003551121330780554,0.0017743803605800457,-0.004326187058393902
2006,4,38,1.11,1.24,38,north dakota,0.0,2006Q4,0.015803681192561963,-0.003551121330780554,0.0017743803605800457,-0.004326187058393902
2007,1,38,0.4,1.11,38,north dakota,-0.7100000000000001,2007Q1,0.009167833523274266,0.0011373043008817707,-0.006635847669287697,0.004688425631662324
2007,2,38,1.11,1.24,38,north dakota,0.7100000000000001,2007Q2,0.009167833523274266,0.0011373043008817707,-0.006635847669287697,0.004688425631662324
2007,3,38,0.4,1.11,38,north dakota,-0.7100000000000001,2007Q3,0.009167833523274266,0.0011373043008817707,-0.006635847669287697,0.004688425631662324
2007,4,38,0.4,1.11,38,north dakota,0.0,2007Q4,0.009167833523274266,0.0011373043008817707,-0.006635847669287697,0.004688425631662324
2008,1,38,0.4,1.11,38,north dakota,0.0,2008Q1,0.012571666900789404,0.002130759292074012,0.0034038333775151374,0.0009934549911922413
2008,2,38,0.4,1.11,38,north dakota,0.0,2008Q2,0.012571666900789404,0.002130759292074012,0.0034038333775151374,0.0009934549911922413
2005,2,39,1.5,1.6,39,ohio,0.0,2005Q2,0.021281693423294317,0.0016459569743703076,0.013742885698849773,-0.011036855969755417
2005,3,39,1.4,1.5,39,ohio,-0.10000000000000009,2005Q3,0.021281693423294317,0.0016459569743703076,0.013742885698849773,-0.011036855969755417
2005,4,39,1.5,1.6,39,ohio,0.10000000000000009,2005Q4,0.021281693423294317,0.0016459569743703076,0.013742885698849773,-0.011036855969755417
2006,1,39,1.5,1.6,39,ohio,0.0,2006Q1,0.018557098431962564,0.0017323094473236014,-0.002724594991331753,8.635247295329376e-05
2006,2,39,1.5,1.6,39,ohio,0.0,2006Q2,0.018557098431962564,0.0017323094473236014,-0.002724594991331753,8.635247295329376e-05
2006,3,39,1.5,1.6,39,ohio,0.0,2006Q3,0.018557098431962564,0.0017323094473236014,-0.002724594991331753,8.635247295329376e-05
2006,4,39,1.5,1.6,39,ohio,0.0,2006Q4,0.018557098431962564,0.0017323094473236014,-0.002724594991331753,8.635247295329376e-05
2007,1,39,1.5,1.6,39,ohio,0.0,2007Q1,0.011507802395534297,0.006529905876662745,-0.007049296036428267,0.0047975964293391436
2007,2,39,1.5,1.6,39,ohio,0.0,2007Q2,0.011507802395534297,0.006529905876662745,-0.007049296036428267,0.0047975964293391436
2007,3,39,1.5,1.6,39,ohio,0.0,2007Q3,0.011507802395534297,0.006529905876662745,-0.007049296036428267,0.0047975964293391436
2007,4,39,1.5,1.6,39,ohio,0.0,2007Q4,0.011507802395534297,0.006529905876662745,-0.007049296036428267,0.0047975964293391436
2008,1,39,1.5,1.6,39,ohio,0.0,2008Q1,-0.010192400493320939,0.02529533061135819,-0.021700202888855234,0.018765424734695446
2008,2,39,1.5,1.6,39,ohio,0.0,2008Q2,-0.010192400493320939,0.02529533061135819,-0.021700202888855234,0.018765424734695446
2005,2,40,1.32,1.4,40,oklahoma,0.0,2005Q2,0.028326478337167,0.0008735077266634368,-0.005321715921181771,0.0010432331071257867
2005,3,40,1.32,1.4,40,oklahoma,0.0,2005Q3,0.028326478337167,0.0008735077266634368,-0.005321715921181771,0.0010432331071257867
2005,4,40,1.32,1.4,40,oklahoma,0.0,2005Q4,0.028326478337167,0.0008735077266634368,-0.005321715921181771,0.0010432331071257867
2006,1,40,1.24,1.32,40,oklahoma,-0.08000000000000007,2006Q1,0.020690931362113408,4.0650039295037986e-05,-0.007635546975053593,-0.0008328576873683989
2006,2,40,1.32,1.4,40,oklahoma,0.08000000000000007,2006Q2,0.020690931362113408,4.0650039295037986e-05,-0.007635546975053593,-0.0008328576873683989
2006,3,40,1.32,1.4,40,oklahoma,0.0,2006Q3,0.020690931362113408,4.0650039295037986e-05,-0.007635546975053593,-0.0008328576873683989
2006,4,40,1.32,1.4,40,oklahoma,0.0,2006Q4,0.020690931362113408,4.0650039295037986e-05,-0.007635546975053593,-0.0008328576873683989
2007,1,40,1.32,1.4,40,oklahoma,0.0,2007Q1,0.016861425943508188,6.644825594521771e-05,-0.0038295054186052203,2.5798216650179722e-05
2007,2,40,1.32,1.4,40,oklahoma,0.0,2007Q2,0.016861425943508188,6.644825594521771e-05,-0.0038295054186052203,2.5798216650179722e-05
2007,3,40,1.32,1.4,40,oklahoma,0.0,2007Q3,0.016861425943508188,6.644825594521771e-05,-0.0038295054186052203,2.5798216650179722e-05
2007,4,40,1.32,1.4,40,oklahoma,0.0,2007Q4,0.016861425943508188,6.644825594521771e-05,-0.0038295054186052203,2.5798216650179722e-05
2008,1,40,1.32,1.4,40,oklahoma,0.0,2008Q1,0.0179712909494271,0.002909088658345332,0.0011098650059189127,0.002842640402400114
2008,2,40,1.32,1.4,40,oklahoma,0.0,2008Q2,0.0179712909494271,0.002909088658345332,0.0011098650059189127,0.002842640402400114
2005,2,41,1.84,2.06,41,oregon,0.0,2005Q2,0.013324917595904342,0.0,0.0030404652582587243,0.0006716439964429734
2005,3,41,1.84,2.06,41,oregon,0.0,2005Q3,0.013324917595904342,0.0,0.0030404652582587243,0.0006716439964429734
2005,4,41,1.84,2.06,41,oregon,0.0,2005Q4,0.013324917595904342,0.0,0.0030404652582587243,0.0006716439964429734
2006,1,41,1.84,2.06,41,oregon,0.0,2006Q1,0.012220397342159454,0.0,-0.0011045202537448874,0.0
2006,2,41,2.06,,41,oregon,0.21999999999999997,2006Q2,0.012220397342159454,0.0,-0.0011045202537448874,0.0
2006,3,41,2.06,,41,oregon,0.0,2006Q3,0.012220397342159454,0.0,-0.0011045202537448874,0.0
2006,4,41,2.06,,41,oregon,0.0,2006Q4,0.012220397342159454,0.0,-0.0011045202537448874,0.0
2007,1,41,2.06,,41,oregon,0.0,2007Q1,0.009834149262478619,-0.0001293005044739995,-0.0023862480796808354,-0.0001293005044739995
2007,2,41,2.06,,41,oregon,0.0,2007Q2,0.009834149262478619,-0.0001293005044739995,-0.0023862480796808354,-0.0001293005044739995
2007,3,41,2.06,,41,oregon,0.0,2007Q3,0.009834149262478619,-0.0001293005044739995,-0.0023862480796808354,-0.0001293005044739995
2007,4,41,2.06,,41,oregon,0.0,2007Q4,0.009834149262478619,-0.0001293005044739995,-0.0023862480796808354,-0.0001293005044739995
2008,1,41,2.06,,41,oregon,0.0,2008Q1,0.007614891276606224,0.001474056068590806,-0.0022192579858723947,0.0016033565730648055
2008,2,41,2.06,,41,oregon,0.0,2008Q2,0.007614891276606224,0.001474056068590806,-0.0022192579858723947,0.0016033565730648055
2005,2,42,1.32,1.4,42,pennsylvania,0.0,2005Q2,0.012638935376208155,0.001883531406887374,0.0016178186756818456,-0.0015729921246662613
2005,3,42,1.24,1.32,42,pennsylvania,-0.08000000000000007,2005Q3,0.012638935376208155,0.001883531406887374,0.0016178186756818456,-0.0015729921246662613
2005,4,42,1.32,1.4,42,pennsylvania,0.08000000000000007,2005Q4,0.012638935376208155,0.001883531406887374,0.0016178186756818456,-0.0015729921246662613
2006,1,42,1.32,1.4,42,pennsylvania,0.0,2006Q1,0.0090784257462669,0.0050890942266799905,-0.0035605096299412553,0.0032055628197926165
2006,2,42,1.32,1.4,42,pennsylvania,0.0,2006Q2,0.0090784257462669,0.0050890942266799905,-0.0035605096299412553,0.0032055628197926165
2006,3,42,1.4,1.5,42,pennsylvania,0.07999999999999985,2006Q3,0.0090784257462669,0.0050890942266799905,-0.0035605096299412553,0.0032055628197926165
2006,4,42,1.4,1.5,42,pennsylvania,0.0,2006Q4,0.0090784257462669,0.0050890942266799905,-0.0035605096299412553,0.0032055628197926165
2007,1,42,1.32,1.4,42,pennsylvania,-0.07999999999999985,2007Q1,-0.002616637702570128,0.006903456583557742,-0.011695063448837029,0.0018143623568777512
2007,2,42,1.4,1.5,42,pennsylvania,0.07999999999999985,2007Q2,-0.002616637702570128,0.006903456583557742,-0.011695063448837029,0.0018143623568777512
2007,3,42,1.4,1.5,42,pennsylvania,0.0,2007Q3,-0.002616637702570128,0.006903456583557742,-0.011695063448837029,0.0018143623568777512
2007,4,42,1.4,1.5,42,pennsylvania,0.0,2007Q4,-0.002616637702570128,0.006903456583557742,-0.011695063448837029,0.0018143623568777512
2008,1,42,1.4,1.5,42,pennsylvania,0.0,2008Q1,-0.012165230348885187,0.02009123286262794,-0.009548592646315059,0.013187776279070196
2008,2,42,1.4,1.5,42,pennsylvania,0.0,2008Q2,-0.012165230348885187,0.02009123286262794,-0.009548592646315059,0.013187776279070196
2005,2,44,1.72,1.84,44,rhode island,0.0,2005Q2,0.0009159319770401285,0.0008848974090379671,-0.0038720151219737483,0.00020436479241746537
2005,3,44,1.72,1.84,44,rhode island,0.0,2005Q3,0.0009159319770401285,0.0008848974090379671,-0.0038720151219737483,0.00020436479241746537
2005,4,44,1.84,2.06,44,rhode island,0.1200000000000001,2005Q4,0.0009159319770401285,0.0008848974090379671,-0.0038720151219737483,0.00020436479241746537
2006,1,44,1.84,2.06,44,rhode island,0.0,2006Q1,-0.0003366151468713758,0.0002964387957536697,-0.0012525471239115044,-0.0005884586132842973
2006,2,44,1.84,2.06,44,rhode island,0.0,2006Q2,-0.0003366151468713758,0.0002964387957536697,-0.0012525471239115044,-0.0005884586132842973
2006,3,44,1.84,2.06,44,rhode island,0.0,2006Q3,-0.0003366151468713758,0.0002964387957536697,-0.0012525471239115044,-0.0005884586132842973
2006,4,44,1.84,2.06,44,rhode island,0.0,2006Q4,-0.0003366151468713758,0.0002964387957536697,-0.0012525471239115044,-0.0005884586132842973
2007,1,44,1.84,2.06,44,rhode island,0.0,2007Q1,0.00040491331804277106,0.0010234341205877637,0.0007415284649141469,0.0007269953248340939
2007,2,44,1.84,2.06,44,rhode island,0.0,2007Q2,0.00040491331804277106,0.0010234341205877637,0.0007415284649141469,0.0007269953248340939
2007,3,44,2.06,,44,rhode island,0.21999999999999997,2007Q3,0.00040491331804277106,0.0010234341205877637,0.0007415284649141469,0.0007269953248340939
2007,4,44,1.84,2.06,44,rhode island,-0.21999999999999997,2007Q4,0.00040491331804277106,0.0010234341205877637,0.0007415284649141469,0.0007269953248340939
2008,1,44,1.84,2.06,44,rhode island,0.0,2008Q1,-0.016683726204305496,0.003353799135339705,-0.017088639522348268,0.002330365014751941
2008,2,44,2.06,,44,rhode island,0.21999999999999997,2008Q2,-0.016683726204305496,0.003353799135339705,-0.017088639522348268,0.002330365014751941
2005,2,45,1.72,1.84,45,south carolina,0.0,2005Q2,0.014331391797998458,0.0019025881399839242,-0.00017193018051964506,-0.00019541489725542868
2005,3,45,1.72,1.84,45,south carolina,0.0,2005Q3,0.014331391797998458,0.0019025881399839242,-0.00017193018051964506,-0.00019541489725542868
2005,4,45,1.72,1.84,45,south carolina,0.0,2005Q4,0.014331391797998458,0.0019025881399839242,-0.00017193018051964506,-0.00019541489725542868
2006,1,45,1.72,1.84,45,south carolina,0.0,2006Q1,0.013930635838150289,0.0016181109826791456,-0.00040075595984816886,-0.00028447715730477857
2006,2,45,1.84,2.06,45,south carolina,0.1200000000000001,2006Q2,0.013930635838150289,0.0016181109826791456,-0.00040075595984816886,-0.00028447715730477857
2006,3,45,1.84,2.06,45,south carolina,0.0,2006Q3,0.013930635838150289,0.0016181109826791456,-0.00040075595984816886,-0.00028447715730477857
2006,4,45,1.84,2.06,45,south carolina,0.0,2006Q4,0.013930635838150289,0.0016181109826791456,-0.00040075595984816886,-0.00028447715730477857
2007,1,45,1.84,2.06,45,south carolina,0.0,2007Q1,0.00842554382348891,0.002691956589317581,-0.005505092014661379,0.0010738456066384354
2007,2,45,1.84,2.06,45,south carolina,0.0,2007Q2,0.00842554382348891,0.002691956589317581,-0.005505092014661379,0.0010738456066384354
2007,3,45,1.84,2.06,45,south carolina,0.0,2007Q3,0.00842554382348891,0.002691956589317581,-0.005505092014661379,0.0010738456066384354
2007,4,45,1.84,2.06,45,south carolina,0.0,2007Q4,0.00842554382348891,0.002691956589317581,-0.005505092014661379,0.0010738456066384354
2008,1,45,1.84,2.06,45,south carolina,0.0,2008Q1,0.004474881006503081,0.008367147919519976,-0.0039506628169858286,0.0056751913302023945
2008,2,45,1.84,2.06,45,south carolina,0.0,2008Q2,0.004474881006503081,0.008367147919519976,-0.0039506628169858286,0.0056751913302023945
2005,2,46,1.72,1.84,46,south dakota,0.11999999999999988,2005Q2,0.009898308909606352,0.010671416766935823,-0.00552841885820125,0.008121771815964083
2005,3,46,1.72,1.84,46,south dakota,0.0,2005Q3,0.009898308909606352,0.010671416766935823,-0.00552841885820125,0.008121771815964083
2005,4,46,1.72,1.84,46,south dakota,0.0,2005Q4,0.009898308909606352,0.010671416766935823,-0.00552841885820125,0.008121771815964083
2006,1,46,1.6,1.72,46,south dakota,-0.11999999999999988,2006Q1,0.015007035570535685,0.016356767193163767,0.005108726660929333,0.005685350426227944
2006,2,46,1.6,1.72,46,south dakota,0.0,2006Q2,0.015007035570535685,0.016356767193163767,0.005108726660929333,0.005685350426227944
2006,3,46,1.84,2.06,46,south dakota,0.24,2006Q3,0.015007035570535685,0.016356767193163767,0.005108726660929333,0.005685350426227944
2006,4,46,1.72,1.84,46,south dakota,-0.1200000000000001,2006Q4,0.015007035570535685,0.016356767193163767,0.005108726660929333,0.005685350426227944
2007,1,46,1.5,1.6,46,south dakota,-0.21999999999999997,2007Q1,0.012519355108702475,0.018267202747557814,-0.0024876804618332096,0.0019104355543940466
2007,2,46,1.5,1.6,46,south dakota,0.0,2007Q2,0.012519355108702475,0.018267202747557814,-0.0024876804618332096,0.0019104355543940466
2007,3,46,1.5,1.6,46,south dakota,0.0,2007Q3,0.012519355108702475,0.018267202747557814,-0.0024876804618332096,0.0019104355543940466
2007,4,46,1.6,1.72,46,south dakota,0.10000000000000009,2007Q4,0.012519355108702475,0.018267202747557814,-0.0024876804618332096,0.0019104355543940466
2008,1,46,1.5,1.6,46,south dakota,-0.10000000000000009,2008Q1,0.013338594733558912,0.019933056238894874,0.0008192396248564368,0.0016658534913370597
2008,2,46,1.5,1.6,46,south dakota,0.0,2008Q2,0.013338594733558912,0.019933056238894874,0.0008192396248564368,0.0016658534913370597
2005,2,47,1.4,1.5,47,tennessee,-0.10000000000000009,2005Q2,0.012557166759052241,0.0024216978919665423,-0.0012221646957976551,0.0007890751310231754
2005,3,47,1.4,1.5,47,tennessee,0.0,2005Q3,0.012557166759052241,0.0024216978919665423,-0.0012221646957976551,0.0007890751310231754
2005,4,47,1.5,1.6,47,tennessee,0.10000000000000009,2005Q4,0.012557166759052241,0.0024216978919665423,-0.0012221646957976551,0.0007890751310231754
2006,1,47,1.4,1.5,47,tennessee,-0.10000000000000009,2006Q1,0.011944801316118569,0.0008511862840872087,-0.0006123654429336725,-0.0015705116078793336
2006,2,47,1.5,1.6,47,tennessee,0.10000000000000009,2006Q2,0.011944801316118569,0.0008511862840872087,-0.0006123654429336725,-0.0015705116078793336
2006,3,47,1.5,1.6,47,tennessee,0.0,2006Q3,0.011944801316118569,0.0008511862840872087,-0.0006123654429336725,-0.0015705116078793336
2006,4,47,1.4,1.5,47,tennessee,-0.10000000000000009,2006Q4,0.011944801316118569,0.0008511862840872087,-0.0006123654429336725,-0.0015705116078793336
2007,1,47,1.5,1.6,47,tennessee,0.10000000000000009,2007Q1,0.009184148131421474,0.0013825353093695676,-0.0027606531846970945,0.0005313490252823589
2007,2,47,1.5,1.6,47,tennessee,0.0,2007Q2,0.009184148131421474,0.0013825353093695676,-0.0027606531846970945,0.0005313490252823589
2007,3,47,1.5,1.6,47,tennessee,0.0,2007Q3,0.009184148131421474,0.0013825353093695676,-0.0027606531846970945,0.0005313490252823589
2007,4,47,1.5,1.6,47,tennessee,0.0,2007Q4,0.009184148131421474,0.0013825353093695676,-0.0027606531846970945,0.0005313490252823589
2008,1,47,1.5,1.6,47,tennessee,0.0,2008Q1,0.00417378417069401,0.009034369352087087,-0.005010363960727464,0.00765183404271752
2008,2,47,1.6,1.72,47,tennessee,0.10000000000000009,2008Q2,0.00417378417069401,0.009034369352087087,-0.005010363960727464,0.00765183404271752
2005,2,48,1.24,1.32,48,texas,0.0,2005Q2,0.01471918740990599,0.0038554166040328033,-0.0014411835410054717,0.0011399211450583745
2005,3,48,1.24,1.32,48,texas,0.0,2005Q3,0.01471918740990599,0.0038554166040328033,-0.0014411835410054717,0.0011399211450583745
2005,4,48,1.24,1.32,48,texas,0.0,2005Q4,0.01471918740990599,0.0038554166040328033,-0.0014411835410054717,0.0011399211450583745
2006,1,48,1.11,1.24,48,texas,-0.1299999999999999,2006Q1,0.013084863181230054,0.0028060082698867536,-0.0016343242286759353,-0.0010494083341460497
2006,2,48,1.24,1.32,48,texas,0.1299999999999999,2006Q2,0.013084863181230054,0.0028060082698867536,-0.0016343242286759353,-0.0010494083341460497
2006,3,48,1.24,1.32,48,texas,0.0,2006Q3,0.013084863181230054,0.0028060082698867536,-0.0016343242286759353,-0.0010494083341460497
2006,4,48,1.11,1.24,48,texas,-0.1299999999999999,2006Q4,0.013084863181230054,0.0028060082698867536,-0.0016343242286759353,-0.0010494083341460497
2007,1,48,1.11,1.24,48,texas,0.0,2007Q1,0.007634686728109409,0.009969664792664019,-0.005450176453120645,0.007163656522777265
2007,2,48,1.24,1.32,48,texas,0.1299999999999999,2007Q2,0.007634686728109409,0.009969664792664019,-0.005450176453120645,0.007163656522777265
2007,3,48,1.24,1.32,48,texas,0.0,2007Q3,0.007634686728109409,0.009969664792664019,-0.005450176453120645,0.007163656522777265
2007,4,48,1.24,1.32,48,texas,0.0,2007Q4,0.007634686728109409,0.009969664792664019,-0.005450176453120645,0.007163656522777265
2008,1,48,1.24,1.32,48,texas,0.0,2008Q1,-0.0014185133953404697,0.02031069788552401,-0.009053200123449878,0.010341033092859992
2008,2,48,1.24,1.32,48,texas,0.0,2008Q2,-0.0014185133953404697,0.02031069788552401,-0.009053200123449878,0.010341033092859992
2005,2,49,1.84,2.06,49,utah,0.0,2005Q2,0.017687724329935445,0.027479079234384904,-0.014175644629638173,0.011531538536010213
2005,3,49,1.84,2.06,49,utah,0.0,2005Q3,0.017687724329935445,0.027479079234384904,-0.014175644629638173,0.011531538536010213
2005,4,49,1.84,2.06,49,utah,0.0,2005Q4,0.017687724329935445,0.027479079234384904,-0.014175644629638173,0.011531538536010213
2006,1,49,1.84,2.06,49,utah,0.0,2006Q1,0.03342423157886635,0.030280848529989166,0.015736507248930904,0.0028017692956042624
2006,2,49,1.84,2.06,49,utah,0.0,2006Q2,0.03342423157886635,0.030280848529989166,0.015736507248930904,0.0028017692956042624
2006,3,49,1.84,2.06,49,utah,0.0,2006Q3,0.03342423157886635,0.030280848529989166,0.015736507248930904,0.0028017692956042624
2006,4,49,1.84,2.06,49,utah,0.0,2006Q4,0.03342423157886635,0.030280848529989166,0.015736507248930904,0.0028017692956042624
2007,1,49,1.84,2.06,49,utah,0.0,2007Q1,0.04017029011768196,0.04028232078191577,0.006746058538815609,0.010001472251926605
2007,2,49,1.84,2.06,49,utah,0.0,2007Q2,0.04017029011768196,0.04028232078191577,0.006746058538815609,0.010001472251926605
2007,3,49,1.84,2.06,49,utah,0.0,2007Q3,0.04017029011768196,0.04028232078191577,0.006746058538815609,0.010001472251926605
2007,4,49,2.06,,49,utah,0.21999999999999997,2007Q4,0.04017029011768196,0.04028232078191577,0.006746058538815609,0.010001472251926605
2008,1,49,2.06,,49,utah,0.0,2008Q1,0.0013106664681829976,0.08244394630468511,-0.038859623649498964,0.04216162552276934
2008,2,49,2.06,,49,utah,0.0,2008Q2,0.0013106664681829976,0.08244394630468511,-0.038859623649498964,0.04216162552276934
2005,2,50,1.4,1.5,50,vermont,-0.10000000000000009,2005Q2,0.008721099613107724,0.001043829514137944,0.001427338784562424,-0.00017348305339700328
2005,3,50,1.4,1.5,50,vermont,0.0,2005Q3,0.008721099613107724,0.001043829514137944,0.001427338784562424,-0.00017348305339700328
2005,4,50,1.5,1.6,50,vermont,0.10000000000000009,2005Q4,0.008721099613107724,0.001043829514137944,0.001427338784562424,-0.00017348305339700328
2006,1,50,1.5,1.6,50,vermont,0.0,2006Q1,0.006687051804692975,0.0011013700312815647,-0.002034047808414749,5.75405171436207e-05
2006,2,50,1.5,1.6,50,vermont,0.0,2006Q2,0.006687051804692975,0.0011013700312815647,-0.002034047808414749,5.75405171436207e-05
2006,3,50,1.6,1.72,50,vermont,0.10000000000000009,2006Q3,0.006687051804692975,0.0011013700312815647,-0.002034047808414749,5.75405171436207e-05
2006,4,50,1.6,1.72,50,vermont,0.0,2006Q4,0.006687051804692975,0.0011013700312815647,-0.002034047808414749,5.75405171436207e-05
2007,1,50,1.5,1.6,50,vermont,-0.10000000000000009,2007Q1,0.007519241373369725,-0.0014995684168946498,0.0008321895686767503,-0.0026009384481762146
2007,2,50,1.6,1.72,50,vermont,0.10000000000000009,2007Q2,0.007519241373369725,-0.0014995684168946498,0.0008321895686767503,-0.0026009384481762146
2007,3,50,1.6,1.72,50,vermont,0.0,2007Q3,0.007519241373369725,-0.0014995684168946498,0.0008321895686767503,-0.0026009384481762146
2007,4,50,1.6,1.72,50,vermont,0.0,2007Q4,0.007519241373369725,-0.0014995684168946498,0.0008321895686767503,-0.0026009384481762146
2008,1,50,1.6,1.72,50,vermont,0.0,2008Q1,0.010915278050932883,0.0012875032391674866,0.003396036677563158,0.0027870716560621364
2008,2,50,1.6,1.72,50,vermont,0.0,2008Q2,0.010915278050932883,0.0012875032391674866,0.003396036677563158,0.0027870716560621364
2005,2,51,1.84,2.06,51,virginia,0.0,2005Q2,0.014426843889954903,0.006834951071865209,0.0009571645201733679,0.0002437734380344907
2005,3,51,1.84,2.06,51,virginia,0.0,2005Q3,0.014426843889954903,0.006834951071865209,0.0009571645201733679,0.0002437734380344907
2005,4,51,1.84,2.06,51,virginia,0.0,2005Q4,0.014426843889954903,0.006834951071865209,0.0009571645201733679,0.0002437734380344907
2006,1,51,1.84,2.06,51,virginia,0.0,2006Q1,0.015129380165684702,0.006828605713001848,0.0007025362757297985,-6.345358863360517e-06
2006,2,51,2.06,,51,virginia,0.21999999999999997,2006Q2,0.015129380165684702,0.006828605713001848,0.0007025362757297985,-6.345358863360517e-06
2006,3,51,2.06,,51,virginia,0.0,2006Q3,0.015129380165684702,0.006828605713001848,0.0007025362757297985,-6.345358863360517e-06
2006,4,51,2.06,,51,virginia,0.0,2006Q4,0.015129380165684702,0.006828605713001848,0.0007025362757297985,-6.345358863360517e-06
2007,1,51,2.06,,51,virginia,0.0,2007Q1,-0.005630166779903628,0.017028812897792688,-0.02075954694558833,0.01020020718479084
2007,2,51,2.06,,51,virginia,0.0,2007Q2,-0.005630166779903628,0.017028812897792688,-0.02075954694558833,0.01020020718479084
2007,3,51,2.06,,51,virginia,0.0,2007Q3,-0.005630166779903628,0.017028812897792688,-0.02075954694558833,0.01020020718479084
2007,4,51,2.06,,51,virginia,0.0,2007Q4,-0.005630166779903628,0.017028812897792688,-0.02075954694558833,0.01020020718479084
2008,1,51,2.06,,51,virginia,0.0,2008Q1,-0.00046633639561152577,0.02305924465191107,0.005163830384292102,0.006030431754118382
2008,2,51,2.06,,51,virginia,0.0,2008Q2,-0.00046633639561152577,0.02305924465191107,0.005163830384292102,0.006030431754118382
2005,2,53,2.06,,53,washington,0.0,2005Q2,0.020146569788820852,0.0009479579290596473,0.004491181093412431,0.001213855491026468
2005,3,53,2.06,,53,washington,0.0,2005Q3,0.020146569788820852,0.0009479579290596473,0.004491181093412431,0.001213855491026468
2005,4,53,2.06,,53,washington,0.0,2005Q4,0.020146569788820852,0.0009479579290596473,0.004491181093412431,0.001213855491026468
2006,1,53,2.06,,53,washington,0.0,2006Q1,0.017897752153853225,0.0008455573792826448,-0.0022488176349676273,-0.00010240054977700246
2006,2,53,2.06,,53,washington,0.0,2006Q2,0.017897752153853225,0.0008455573792826448,-0.0022488176349676273,-0.00010240054977700246
2006,3,53,2.06,,53,washington,0.0,2006Q3,0.017897752153853225,0.0008455573792826448,-0.0022488176349676273,-0.00010240054977700246
2006,4,53,2.06,,53,washington,0.0,2006Q4,0.017897752153853225,0.0008455573792826448,-0.0022488176349676273,-0.00010240054977700246
2007,1,53,2.06,,53,washington,0.0,2007Q1,0.021700465850968624,0.0017411992097408349,0.0038027136971153994,0.00089564183045819
2007,2,53,2.06,,53,washington,0.0,2007Q2,0.021700465850968624,0.0017411992097408349,0.0038027136971153994,0.00089564183045819
2007,3,53,2.06,,53,washington,0.0,2007Q3,0.021700465850968624,0.0017411992097408349,0.0038027136971153994,0.00089564183045819
2007,4,53,2.06,,53,washington,0.0,2007Q4,0.021700465850968624,0.0017411992097408349,0.0038027136971153994,0.00089564183045819
2008,1,53,2.06,,53,washington,0.0,2008Q1,0.00404164541807512,0.01591945739136271,-0.017658820432893504,0.014178258181621876
2008,2,53,2.06,,53,washington,0.0,2008Q2,0.00404164541807512,0.01591945739136271,-0.017658820432893504,0.014178258181621876
2005,2,54,1.24,1.32,54,west virginia,0.0,2005Q2,0.012035313087400782,0.0004903171930872936,0.001354882537967778,-0.0005206070934118013
2005,3,54,1.32,1.4,54,west virginia,0.08000000000000007,2005Q3,0.012035313087400782,0.0004903171930872936,0.001354882537967778,-0.0005206070934118013
2005,4,54,1.32,1.4,54,west virginia,0.0,2005Q4,0.012035313087400782,0.0004903171930872936,0.001354882537967778,-0.0005206070934118013
2006,1,54,1.24,1.32,54,west virginia,-0.08000000000000007,2006Q1,0.00991120289553893,0.0012381252532528927,-0.0021241101918618513,0.000747808060165599
2006,2,54,1.24,1.32,54,west virginia,0.0,2006Q2,0.00991120289553893,0.0012381252532528927,-0.0021241101918618513,0.000747808060165599
2006,3,54,1.32,1.4,54,west virginia,0.08000000000000007,2006Q3,0.00991120289553893,0.0012381252532528927,-0.0021241101918618513,0.000747808060165599
2006,4,54,1.32,1.4,54,west virginia,0.0,2006Q4,0.00991120289553893,0.0012381252532528927,-0.0021241101918618513,0.000747808060165599
2007,1,54,1.24,1.32,54,west virginia,-0.08000000000000007,2007Q1,-0.007705014998991898,0.0228380190719224,-0.017616217894530828,0.021599893818669506
2007,2,54,1.32,1.4,54,west virginia,0.08000000000000007,2007Q2,-0.007705014998991898,0.0228380190719224,-0.017616217894530828,0.021599893818669506
2007,3,54,1.32,1.4,54,west virginia,0.0,2007Q3,-0.007705014998991898,0.0228380190719224,-0.017616217894530828,0.021599893818669506
2007,4,54,1.32,1.4,54,west virginia,0.0,2007Q4,-0.007705014998991898,0.0228380190719224,-0.017616217894530828,0.021599893818669506
2008,1,54,1.32,1.4,54,west virginia,0.0,2008Q1,0.0070456207287977425,0.003090492535863476,0.01475063572778964,-0.019747526536058924
2008,2,54,1.24,1.32,54,west virginia,-0.08000000000000007,2008Q2,0.0070456207287977425,0.003090492535863476,0.01475063572778964,-0.019747526536058924
2005,2,55,1.32,1.4,55,wisconsin,0.08000000000000007,2005Q2,0.00892121632407681,0.0018768632447378893,-0.00014632006217249298,-0.0006444097980018158
2005,3,55,1.32,1.4,55,wisconsin,0.0,2005Q3,0.00892121632407681,0.0018768632447378893,-0.00014632006217249298,-0.0006444097980018158
2005,4,55,1.32,1.4,55,wisconsin,0.0,2005Q4,0.00892121632407681,0.0018768632447378893,-0.00014632006217249298,-0.0006444097980018158
2006,1,55,1.32,1.4,55,wisconsin,0.0,2006Q1,0.006755573572422184,0.0025850731782379776,-0.0021656427516546254,0.0007082099335000882
2006,2,55,1.4,1.5,55,wisconsin,0.07999999999999985,2006Q2,0.006755573572422184,0.0025850731782379776,-0.0021656427516546254,0.0007082099335000882
2006,3,55,1.4,1.5,55,wisconsin,0.0,2006Q3,0.006755573572422184,0.0025850731782379776,-0.0021656427516546254,0.0007082099335000882
2006,4,55,1.4,1.5,55,wisconsin,0.0,2006Q4,0.006755573572422184,0.0025850731782379776,-0.0021656427516546254,0.0007082099335000882
2007,1,55,1.32,1.4,55,wisconsin,-0.07999999999999985,2007Q1,0.004855009119431452,0.004019578713775153,-0.0019005644529907322,0.0014345055355371754
2007,2,55,1.4,1.5,55,wisconsin,0.07999999999999985,2007Q2,0.004855009119431452,0.004019578713775153,-0.0019005644529907322,0.0014345055355371754
2007,3,55,1.4,1.5,55,wisconsin,0.0,2007Q3,0.004855009119431452,0.004019578713775153,-0.0019005644529907322,0.0014345055355371754
2007,4,55,1.4,1.5,55,wisconsin,0.0,2007Q4,0.004855009119431452,0.004019578713775153,-0.0019005644529907322,0.0014345055355371754
2008,1,55,1.4,1.5,55,wisconsin,0.0,2008Q1,-0.007549622681025975,0.01902225488874928,-0.012404631800457427,0.015002676174974128
2008,2,55,1.4,1.5,55,wisconsin,0.0,2008Q2,-0.007549622681025975,0.01902225488874928,-0.012404631800457427,0.015002676174974128
2005,2,56,1.32,1.4,56,wyoming,0.0,2005Q2,0.008916269114478138,0.0011166519529479135,0.0016403572706276586,0.00015396439485469877
2005,3,56,1.4,1.5,56,wyoming,0.07999999999999985,2005Q3,0.008916269114478138,0.0011166519529479135,0.0016403572706276586,0.00015396439485469877
2005,4,56,1.4,1.5,56,wyoming,0.0,2005Q4,0.008916269114478138,0.0011166519529479135,0.0016403572706276586,0.00015396439485469877
2006,1,56,1.32,1.4,56,wyoming,-0.07999999999999985,2006Q1,0.009033083162252212,0.000894789143798638,0.00011681404777407443,-0.00022186280914927544
2006,2,56,1.32,1.4,56,wyoming,0.0,2006Q2,0.009033083162252212,0.000894789143798638,0.00011681404777407443,-0.00022186280914927544
2006,3,56,1.32,1.4,56,wyoming,0.0,2006Q3,0.009033083162252212,0.000894789143798638,0.00011681404777407443,-0.00022186280914927544
2006,4,56,1.24,1.32,56,wyoming,-0.08000000000000007,2006Q4,0.009033083162252212,0.000894789143798638,0.00011681404777407443,-0.00022186280914927544
2007,1,56,1.24,1.32,56,wyoming,0.0,2007Q1,0.008248085955092325,0.0009548241628032717,-0.0007849972071598873,6.0035019004633645e-05
2007,2,56,1.32,1.4,56,wyoming,0.08000000000000007,2007Q2,0.008248085955092325,0.0009548241628032717,-0.0007849972071598873,6.0035019004633645e-05
2007,3,56,1.32,1.4,56,wyoming,0.0,2007Q3,0.008248085955092325,0.0009548241628032717,-0.0007849972071598873,6.0035019004633645e-05
2007,4,56,1.32,1.4,56,wyoming,0.0,2007Q4,0.008248085955092325,0.0009548241628032717,-0.0007849972071598873,6.0035019004633645e-05
2008,1,56,1.32,1.4,56,wyoming,0.0,2008Q1,0.006263982102908278,0.0036170520041487785,-0.0019841038521840474,0.002662227841345507
2008,2,56,1.32,1.4,56,wyoming,0.0,2008Q2,0.006263982102908278,0.0036170520041487785,-0.0019841038521840474,0.002662227841345507
