State,YearQuarter,employment_growth,GDP,gdp_growth,EPU_value_Quarterly,composite_rates,growth_STLFSI4,diff_CLOSE,diff_CPIAUCSL
alabama,2005Q2,0.0023549319723161,197495.8,0.0093155417456674,109.1919470104522,3.1833333333333336,-0.16404676820911135,0.6202945696721329,1.299999999999983
alabama,2005Q3,0.0016314703868879,196798.5,-0.0035307079948028,107.7503113766588,3.783333333333333,0.18800643497834746,-1.1565625000000015,2.933333333333337
alabama,2005Q4,0.000867246525061,199018.6,0.0112810819188153,63.52991563826307,4.296666666666667,-0.0946281257421937,0.5309647817460323,1.8333333333333144
alabama,2006Q1,0.0015239250720429,199142.9,0.0006245647391751,58.26970297473781,4.633333333333333,0.3231746289401334,-0.7393266769073215,1.0333333333333599
alabama,2006Q2,0.0019400084134737,200031.3,0.0044611181217104,90.09487612190247,5.08,-0.06388394773967976,2.486310803891447,1.799999999999983
alabama,2006Q3,0.0025787099779882,199875.0,-0.0007813777143876,110.41801476905204,5.193333333333334,-0.03460505192805419,-0.9207936507936498,1.9000000000000057
alabama,2006Q4,0.0016530363768951,200646.3,0.0038589118198872,73.44055762290073,5.1499999999999995,0.045636183155590704,-2.5730158730158728,-0.8333333333333144
alabama,2007Q1,-0.000834148801125,199991.2,-0.0032649493162842,108.96855286932949,5.1499999999999995,0.04336043360433606,1.5286859224564147,1.9836666666666645
alabama,2007Q2,-0.0012756723501206,201622.9,0.0081588589897954,67.29536611736506,5.109999999999999,-0.09901236488062837,1.1682982045277122,2.313999999999993
alabama,2007Q3,-0.0001550605357638,203021.2,0.0069352241238471,91.67121796159492,4.6499999999999995,-1.4854649657339156,7.857301587301585,1.3079999999999927
alabama,2007Q4,-0.0003867653596337,203466.6,0.0021938595575239,142.98134287259333,3.893333333333333,1.8467063738999023,0.4406374007936549,2.5506666666667
alabama,2008Q1,-0.0016566131374586,202569.5,-0.0044090774603793,226.264319096147,2.223333333333333,0.25064797986422094,4.090320184426226,2.2799999999999727
alabama,2008Q2,-0.0027781047402956,203521.2,0.0046981406381514,114.74755179026116,1.9400000000000002,-0.1015006616894304,-5.447195184426228,2.768000000000029
alaska,2005Q2,0.002222591208975,44542.3,0.0117754219866936,113.34081214071736,3.1833333333333336,-0.16404676820911135,0.6202945696721329,1.299999999999983
alaska,2005Q3,0.0007029050285835,44267.3,-0.0061739066011409,64.20324355611993,3.783333333333333,0.18800643497834746,-1.1565625000000015,2.933333333333337
alaska,2005Q4,0.0003906817195792,44793.8,0.011893655135958,114.2375822128757,4.296666666666667,-0.0946281257421937,0.5309647817460323,1.8333333333333144
alaska,2006Q1,0.0018697096453511,45815.9,0.0228178899758448,105.75660519532144,4.633333333333333,0.3231746289401334,-0.7393266769073215,1.0333333333333599
alaska,2006Q2,0.002008992723581,47205.1,0.0303213513212661,176.34621793821566,5.08,-0.06388394773967976,2.486310803891447,1.799999999999983
alaska,2006Q3,0.0010663481668432,47812.7,0.0128714905804669,106.0661280383898,5.193333333333334,-0.03460505192805419,-0.9207936507936498,1.9000000000000057
alaska,2006Q4,0.0009692760282644,49351.2,0.0321776431784861,150.41245284792933,5.1499999999999995,0.045636183155590704,-2.5730158730158728,-0.8333333333333144
alaska,2007Q1,-6.506066380377688e-05,49737.7,0.0078316231418891,110.8103835412184,5.1499999999999995,0.04336043360433606,1.5286859224564147,1.9836666666666645
alaska,2007Q2,-0.0001943119392916,50520.8,0.0157445961514104,94.55871648624596,5.109999999999999,-0.09901236488062837,1.1682982045277122,2.313999999999993
alaska,2007Q3,0.0013379991863361,50563.9,0.0008531139649412,69.86513145718433,4.6499999999999995,-1.4854649657339156,7.857301587301585,1.3079999999999927
alaska,2007Q4,0.001585349520745,49684.7,-0.0173878992720103,129.90102479346766,3.893333333333333,1.8467063738999023,0.4406374007936549,2.5506666666667
alaska,2008Q1,0.0015335805536199,48550.1,-0.0228360038402163,123.74627977184066,2.223333333333333,0.25064797986422094,4.090320184426226,2.2799999999999727
alaska,2008Q2,0.0012120411726728,47477.7,-0.022088522989654,88.6478365701209,1.9400000000000002,-0.1015006616894304,-5.447195184426228,2.768000000000029
california,2005Q2,0.002475618010702,2029374.2,0.0086565442532187,118.5254220981448,3.1833333333333336,-0.16404676820911135,0.6202945696721329,1.299999999999983
california,2005Q3,0.001239915492568,2056154.2,0.0131961862923062,114.29666936605422,3.783333333333333,0.18800643497834746,-1.1565625000000015,2.933333333333337
california,2005Q4,0.0005050335867996,2071078.0,0.0072581132290565,93.5722170463013,4.296666666666667,-0.0946281257421937,0.5309647817460323,1.8333333333333144
california,2006Q1,0.0010073619277539,2114085.7,0.0207658523725327,65.7294767096575,4.633333333333333,0.3231746289401334,-0.7393266769073215,1.0333333333333599
california,2006Q2,0.000938978999173,2109040.3,-0.0023865636099805,135.872276550515,5.08,-0.06388394773967976,2.486310803891447,1.799999999999983
california,2006Q3,0.0015033608754215,2121481.1,0.0058987967181092,105.97200027096244,5.193333333333334,-0.03460505192805419,-0.9207936507936498,1.9000000000000057
california,2006Q4,0.0017851176814944,2137134.4,0.0073784772346072,62.70141484757196,5.1499999999999995,0.045636183155590704,-2.5730158730158728,-0.8333333333333144
california,2007Q1,0.0005633618558284,2126879.2,-0.0047985751387463,97.34225993929311,5.1499999999999995,0.04336043360433606,1.5286859224564147,1.9836666666666645
california,2007Q2,0.0002565509548861,2153290.5,0.0124178655750639,94.41689868405196,5.109999999999999,-0.09901236488062837,1.1682982045277122,2.313999999999993
california,2007Q3,0.0004869062959548,2180276.5,0.0125324474333583,112.00829546520376,4.6499999999999995,-1.4854649657339156,7.857301587301585,1.3079999999999927
california,2007Q4,0.0003980603651914,2215315.5,0.0160708974297525,143.22623767660468,3.893333333333333,1.8467063738999023,0.4406374007936549,2.5506666666667
california,2008Q1,-0.0002185241032752,2180243.6,-0.0158315598839081,238.0455493009433,2.223333333333333,0.25064797986422094,4.090320184426226,2.2799999999999727
california,2008Q2,-0.0010321272393149,2224915.6,0.0204894535638127,198.57878606563563,1.9400000000000002,-0.1015006616894304,-5.447195184426228,2.768000000000029
colorado,2005Q2,0.0019762795561458,262351.6,0.0022447700982564,64.02451242707757,3.1833333333333336,-0.16404676820911135,0.6202945696721329,1.299999999999983
colorado,2005Q3,0.0020520662967713,263133.9,0.0029818762302193,87.63018218169077,3.783333333333333,0.18800643497834746,-1.1565625000000015,2.933333333333337
colorado,2005Q4,0.0029998249722183,260722.2,-0.0091652956916612,111.09153137911343,4.296666666666667,-0.0946281257421937,0.5309647817460323,1.8333333333333144
colorado,2006Q1,0.0036705001275022,267639.9,0.0265328384004124,75.12546872922323,4.633333333333333,0.3231746289401334,-0.7393266769073215,1.0333333333333599
colorado,2006Q2,0.0026873191611189,265918.0,-0.0064336446097911,89.94574529876381,5.08,-0.06388394773967976,2.486310803891447,1.799999999999983
colorado,2006Q3,0.0025877370734896,269711.5,0.0142656758850472,92.14128343355956,5.193333333333334,-0.03460505192805419,-0.9207936507936498,1.9000000000000057
colorado,2006Q4,0.0021861881042166,269493.8,-0.0008071587603791,54.06274776170327,5.1499999999999995,0.045636183155590704,-2.5730158730158728,-0.8333333333333144
colorado,2007Q1,0.0010651421989424,273536.6,0.0150014582895783,62.0615924535025,5.1499999999999995,0.04336043360433606,1.5286859224564147,1.9836666666666645
colorado,2007Q2,0.0016166180144722,277187.3,0.0133462944264131,50.91155299875553,5.109999999999999,-0.09901236488062837,1.1682982045277122,2.313999999999993
colorado,2007Q3,0.0019233205756018,279588.8,0.0086638168487518,114.94035520060886,4.6499999999999995,-1.4854649657339156,7.857301587301585,1.3079999999999927
colorado,2007Q4,0.0013489437263237,284622.6,0.0180042977401098,97.3589447530381,3.893333333333333,1.8467063738999023,0.4406374007936549,2.5506666666667
colorado,2008Q1,0.0001037440293613,281408.9,-0.0112910921339344,167.43005742524568,2.223333333333333,0.25064797986422094,4.090320184426226,2.2799999999999727
colorado,2008Q2,-0.0009263959436783,283761.3,0.0083593660328438,92.5043004299566,1.9400000000000002,-0.1015006616894304,-5.447195184426228,2.768000000000029
connecticut,2005Q2,0.0028641161979046,257460.7,0.0046560722682353,87.80207676417622,3.1833333333333336,-0.16404676820911135,0.6202945696721329,1.299999999999983
connecticut,2005Q3,0.0020655700326489,257626.4,0.0006435933717261,124.2086187326435,3.783333333333333,0.18800643497834746,-1.1565625000000015,2.933333333333337
connecticut,2005Q4,0.0023588224486953,261460.2,0.0148812388792454,111.0843204015411,4.296666666666667,-0.0946281257421937,0.5309647817460323,1.8333333333333144
connecticut,2006Q1,0.0024923875483116,270061.6,0.0328975499903998,98.48109082776834,4.633333333333333,0.3231746289401334,-0.7393266769073215,1.0333333333333599
connecticut,2006Q2,0.0014201275868666,267848.9,-0.0081933158953363,84.79486645464313,5.08,-0.06388394773967976,2.486310803891447,1.799999999999983
connecticut,2006Q3,0.001690846520405,268090.5,0.0009020010909135,82.45085486552233,5.193333333333334,-0.03460505192805419,-0.9207936507936498,1.9000000000000057
connecticut,2006Q4,0.0018803406733232,271913.2,0.0142589909004609,62.561498200076926,5.1499999999999995,0.045636183155590704,-2.5730158730158728,-0.8333333333333144
connecticut,2007Q1,0.0010657699712655,280503.1,0.0315905958224902,54.98350406975057,5.1499999999999995,0.04336043360433606,1.5286859224564147,1.9836666666666645
connecticut,2007Q2,0.0004001764992259,278775.6,-0.0061585772135851,81.38550502088096,5.109999999999999,-0.09901236488062837,1.1682982045277122,2.313999999999993
connecticut,2007Q3,0.0005561259650241,278548.0,-0.000816427262644,76.61297954438653,4.6499999999999995,-1.4854649657339156,7.857301587301585,1.3079999999999927
connecticut,2007Q4,0.0008105544825707,276114.8,-0.0087352987635883,95.68463864360504,3.893333333333333,1.8467063738999023,0.4406374007936549,2.5506666666667
connecticut,2008Q1,9.363305283497753e-05,289701.3,0.0492059824391883,213.352274597751,2.223333333333333,0.25064797986422094,4.090320184426226,2.2799999999999727
connecticut,2008Q2,-0.0007194370192119,285823.5,-0.0133855112144819,182.30557624071105,1.9400000000000002,-0.1015006616894304,-5.447195184426228,2.768000000000029
florida,2005Q2,0.0049161357856376,877633.4,0.0064049226648075,79.36161920400883,3.1833333333333336,-0.16404676820911135,0.6202945696721329,1.299999999999983
florida,2005Q3,0.0036620965457583,892662.4,0.0171244622185071,105.500610966201,3.783333333333333,0.18800643497834746,-1.1565625000000015,2.933333333333337
florida,2005Q4,0.0025333507492384,890314.1,-0.0026306697806472,69.64756069007417,4.296666666666667,-0.0946281257421937,0.5309647817460323,1.8333333333333144
florida,2006Q1,0.002874697371711,902478.3,0.0136628185490941,84.15633862827553,4.633333333333333,0.3231746289401334,-0.7393266769073215,1.0333333333333599
florida,2006Q2,0.0027583673636476,905832.1,0.0037162112374335,102.76254094655016,5.08,-0.06388394773967976,2.486310803891447,1.799999999999983
florida,2006Q3,0.0026452406384764,907829.5,0.0022050444006125,81.48399057356346,5.193333333333334,-0.03460505192805419,-0.9207936507936498,1.9000000000000057
florida,2006Q4,0.0021057393842454,921055.6,0.0145689251120391,63.16022865967904,5.1499999999999995,0.045636183155590704,-2.5730158730158728,-0.8333333333333144
florida,2007Q1,0.000620129384671,915009.6,-0.0065642074159257,72.69310819175978,5.1499999999999995,0.04336043360433606,1.5286859224564147,1.9836666666666645
florida,2007Q2,-0.0004968270987895,921777.1,0.0073960972649904,97.3889888363401,5.109999999999999,-0.09901236488062837,1.1682982045277122,2.313999999999993
florida,2007Q3,-0.0005739139858527,928467.5,0.0072581538421816,117.59329147671748,4.6499999999999995,-1.4854649657339156,7.857301587301585,1.3079999999999927
florida,2007Q4,-0.0004704750913485,923899.0,-0.0049204737914897,163.294703161969,3.893333333333333,1.8467063738999023,0.4406374007936549,2.5506666666667
florida,2008Q1,-0.0017051421246078,909549.6,-0.0155313513706585,208.22470572264035,2.223333333333333,0.25064797986422094,4.090320184426226,2.2799999999999727
florida,2008Q2,-0.0028200346061462,905576.0,-0.0043687557006236,169.83096717501465,1.9400000000000002,-0.1015006616894304,-5.447195184426228,2.768000000000029
georgia,2005Q2,0.0034510178549346,479548.8,0.0053661592337939,123.25161805610854,3.1833333333333336,-0.16404676820911135,0.6202945696721329,1.299999999999983
georgia,2005Q3,0.002308146950807,480522.6,0.0020306588192902,174.000031834316,3.783333333333333,0.18800643497834746,-1.1565625000000015,2.933333333333337
georgia,2005Q4,0.0021866685376057,486292.7,0.0120079679915159,106.9015084686929,4.296666666666667,-0.0946281257421937,0.5309647817460323,1.8333333333333144
georgia,2006Q1,0.0027129603350681,483793.8,-0.0051386747117528,119.61984150300668,4.633333333333333,0.3231746289401334,-0.7393266769073215,1.0333333333333599
georgia,2006Q2,0.0025695638390868,485066.7,0.0026310796045754,132.2438634375945,5.08,-0.06388394773967976,2.486310803891447,1.799999999999983
georgia,2006Q3,0.0031621801231984,488063.4,0.0061779132642996,93.59010625598216,5.193333333333334,-0.03460505192805419,-0.9207936507936498,1.9000000000000057
georgia,2006Q4,0.0029784216364993,493175.8,0.01047486863387,84.03385106233829,5.1499999999999995,0.045636183155590704,-2.5730158730158728,-0.8333333333333144
georgia,2007Q1,0.0011501557728079,492348.7,-0.001677089589554,57.80095608985656,5.1499999999999995,0.04336043360433606,1.5286859224564147,1.9836666666666645
georgia,2007Q2,0.0005268263707787,492181.4,-0.0003397998207367,61.7948369292097,5.109999999999999,-0.09901236488062837,1.1682982045277122,2.313999999999993
georgia,2007Q3,0.0010929646348096,491679.7,-0.0010193396174662,77.13550217264826,4.6499999999999995,-1.4854649657339156,7.857301587301585,1.3079999999999927
georgia,2007Q4,0.0009891498847537,492745.0,0.0021666544297029,80.22815336479503,3.893333333333333,1.8467063738999023,0.4406374007936549,2.5506666666667
georgia,2008Q1,0.000765228635321,484755.7,-0.0162138631543699,151.75904010132933,2.223333333333333,0.25064797986422094,4.090320184426226,2.2799999999999727
georgia,2008Q2,0.0006557083107504,488654.1,0.0080419889853795,99.61190689737032,1.9400000000000002,-0.1015006616894304,-5.447195184426228,2.768000000000029
idaho,2005Q2,0.004006265731871,59144.2,0.0140071870413802,147.84887045877733,3.1833333333333336,-0.16404676820911135,0.6202945696721329,1.299999999999983
idaho,2005Q3,0.0026262417946311,60007.1,0.0145897653531539,101.56076604672228,3.783333333333333,0.18800643497834746,-1.1565625000000015,2.933333333333337
idaho,2005Q4,0.0017227397269073,59849.1,-0.0026330217590918,62.61446523278929,4.296666666666667,-0.0946281257421937,0.5309647817460323,1.8333333333333144
idaho,2006Q1,0.00182393558331,60754.4,0.0151263761693993,58.77273698002977,4.633333333333333,0.3231746289401334,-0.7393266769073215,1.0333333333333599
idaho,2006Q2,0.0018885224059762,61356.4,0.0099087473499861,66.51795769146,5.08,-0.06388394773967976,2.486310803891447,1.799999999999983
idaho,2006Q3,0.0026894182102528,60080.4,-0.0207965265237204,77.0946907637995,5.193333333333334,-0.03460505192805419,-0.9207936507936498,1.9000000000000057
idaho,2006Q4,0.0026674432499672,60763.0,0.0113614423339392,79.152282906379,5.1499999999999995,0.045636183155590704,-2.5730158730158728,-0.8333333333333144
idaho,2007Q1,0.0014596676261563,61032.9,0.0044418478350312,64.36294341551952,5.1499999999999995,0.04336043360433606,1.5286859224564147,1.9836666666666645
idaho,2007Q2,0.0008935721100532,61326.9,0.0048170740698869,52.86076776536586,5.109999999999999,-0.09901236488062837,1.1682982045277122,2.313999999999993
idaho,2007Q3,-9.30625484557579e-05,61821.4,0.0080633457748557,79.35522493671498,4.6499999999999995,-1.4854649657339156,7.857301587301585,1.3079999999999927
idaho,2007Q4,-0.0009335109424345,63067.1,0.0201499804274893,85.8195747857287,3.893333333333333,1.8467063738999023,0.4406374007936549,2.5506666666667
idaho,2008Q1,-0.0013365776907096,63182.4,0.0018282115397727,138.36254197292502,2.223333333333333,0.25064797986422094,4.090320184426226,2.2799999999999727
idaho,2008Q2,-0.0016337280583794,64527.5,0.0212891564739547,118.72134661346398,1.9400000000000002,-0.1015006616894304,-5.447195184426228,2.768000000000029
illinois,2005Q2,0.0014740503438935,739052.6,0.0001634792277176,84.27408673600543,3.1833333333333336,-0.16404676820911135,0.6202945696721329,1.299999999999983
illinois,2005Q3,0.0014827252041712,743557.6,0.0060956419069495,59.15831402298087,3.783333333333333,0.18800643497834746,-1.1565625000000015,2.933333333333337
illinois,2005Q4,0.0017461832791641,743452.2,-0.0001417509551379,55.80262393625727,4.296666666666667,-0.0946281257421937,0.5309647817460323,1.8333333333333144
illinois,2006Q1,0.0027938357049341,757875.8,0.0194008437933199,54.84482742723114,4.633333333333333,0.3231746289401334,-0.7393266769073215,1.0333333333333599
illinois,2006Q2,0.0030889610607127,758270.4,0.000520665787191,71.7144451699058,5.08,-0.06388394773967976,2.486310803891447,1.799999999999983
illinois,2006Q3,0.0029849544249023,758160.5,-0.0001449351049441,71.7045970756521,5.193333333333334,-0.03460505192805419,-0.9207936507936498,1.9000000000000057
illinois,2006Q4,0.0011983457699514,764996.1,0.0090160328848574,46.48092793809443,5.1499999999999995,0.045636183155590704,-2.5730158730158728,-0.8333333333333144
illinois,2007Q1,-0.0004750296154117,764332.9,-0.000866932524231,55.73986531062536,5.1499999999999995,0.04336043360433606,1.5286859224564147,1.9836666666666645
illinois,2007Q2,0.0006005773273257,768292.9,0.0051809885456979,54.16792084065133,5.109999999999999,-0.09901236488062837,1.1682982045277122,2.313999999999993
illinois,2007Q3,0.0010186989554438,769950.8,0.0021579009776089,58.32833139506473,4.6499999999999995,-1.4854649657339156,7.857301587301585,1.3079999999999927
illinois,2007Q4,0.000609611565715,775709.9,0.0074798285812547,85.4391218399034,3.893333333333333,1.8467063738999023,0.4406374007936549,2.5506666666667
illinois,2008Q1,-0.0008426917447371,763659.5,-0.0155346734649126,157.81058568662868,2.223333333333333,0.25064797986422094,4.090320184426226,2.2799999999999727
illinois,2008Q2,-0.0039224325719633,767475.2,0.0049965986149584,89.61572489799414,1.9400000000000002,-0.1015006616894304,-5.447195184426228,2.768000000000029
indiana,2005Q2,0.0025202972577145,306000.2,0.0079028092472717,99.95409217030726,3.1833333333333336,-0.16404676820911135,0.6202945696721329,1.299999999999983
indiana,2005Q3,0.0016577806052457,307860.8,0.0060803881827526,120.53265603627432,3.783333333333333,0.18800643497834746,-1.1565625000000015,2.933333333333337
indiana,2005Q4,0.0017398367452407,307916.5,0.0001809259249634,77.94217852932549,4.296666666666667,-0.0946281257421937,0.5309647817460323,1.8333333333333144
indiana,2006Q1,0.0013500274624469,310651.5,0.0088822781500828,79.73607137479183,4.633333333333333,0.3231746289401334,-0.7393266769073215,1.0333333333333599
indiana,2006Q2,-5.900378083593486e-05,311600.5,0.0030548701680177,77.87086885241453,5.08,-0.06388394773967976,2.486310803891447,1.799999999999983
indiana,2006Q3,0.0004194275763823,312644.8,0.0033514066890136,75.7578700197997,5.193333333333334,-0.03460505192805419,-0.9207936507936498,1.9000000000000057
indiana,2006Q4,0.0003964626132443,315205.4,0.0081901250236691,54.6067308370319,5.1499999999999995,0.045636183155590704,-2.5730158730158728,-0.8333333333333144
indiana,2007Q1,-0.0016919532161329,315549.9,0.001092938128598,53.72935541444853,5.1499999999999995,0.04336043360433606,1.5286859224564147,1.9836666666666645
indiana,2007Q2,-0.0019295513921533,321548.8,0.0190109393157784,73.34558702308914,5.109999999999999,-0.09901236488062837,1.1682982045277122,2.313999999999993
indiana,2007Q3,0.00018951827861,324923.4,0.0104948300226903,102.67544525494289,4.6499999999999995,-1.4854649657339156,7.857301587301585,1.3079999999999927
indiana,2007Q4,0.0018720748478431,328624.6,0.0113909924616077,120.96115598089284,3.893333333333333,1.8467063738999023,0.4406374007936549,2.5506666666667
indiana,2008Q1,0.0007984354015058,328175.7,-0.0013659963374621,193.059505087314,2.223333333333333,0.25064797986422094,4.090320184426226,2.2799999999999727
indiana,2008Q2,-0.0002901247513733,328587.2,0.0012539014924017,125.57069286186004,1.9400000000000002,-0.1015006616894304,-5.447195184426228,2.768000000000029
iowa,2005Q2,0.0026661980619773,153673.2,0.0022468070230818,73.57830003097352,3.1833333333333336,-0.16404676820911135,0.6202945696721329,1.299999999999983
iowa,2005Q3,0.0014515191960579,154585.8,0.0059385761473047,93.27463161649398,3.783333333333333,0.18800643497834746,-1.1565625000000015,2.933333333333337
iowa,2005Q4,0.0015465761786059,152919.4,-0.0107797740801548,63.44896687805893,4.296666666666667,-0.0946281257421937,0.5309647817460323,1.8333333333333144
iowa,2006Q1,0.0032838594979724,154648.7,0.0113085717050944,56.507702249320864,4.633333333333333,0.3231746289401334,-0.7393266769073215,1.0333333333333599
iowa,2006Q2,0.0015525033772553,155912.3,0.0081707767346248,76.5121680066819,5.08,-0.06388394773967976,2.486310803891447,1.799999999999983
iowa,2006Q3,0.0007791813470808,154888.1,-0.0065690776160699,75.69132413188224,5.193333333333334,-0.03460505192805419,-0.9207936507936498,1.9000000000000057
iowa,2006Q4,0.0008883480245847,157368.7,0.01601543307717,56.62816292739367,5.1499999999999995,0.045636183155590704,-2.5730158730158728,-0.8333333333333144
iowa,2007Q1,-0.000854869891408,160806.5,0.0218455131166488,62.53421627506051,5.1499999999999995,0.04336043360433606,1.5286859224564147,1.9836666666666645
iowa,2007Q2,-0.0002041096423484,163468.8,0.0165559228016278,56.29314150522473,5.109999999999999,-0.09901236488062837,1.1682982045277122,2.313999999999993
iowa,2007Q3,0.000731485967045,163228.4,-0.0014706170229425,87.85154504041292,4.6499999999999995,-1.4854649657339156,7.857301587301585,1.3079999999999927
iowa,2007Q4,0.0014355194233324,163848.5,0.0037989712574528,84.02261879738256,3.893333333333333,1.8467063738999023,0.4406374007936549,2.5506666666667
iowa,2008Q1,0.0008745665719272,163884.0,0.0002166635642071,139.91033165954337,2.223333333333333,0.25064797986422094,4.090320184426226,2.2799999999999727
iowa,2008Q2,0.0005998339475425,162965.8,-0.0056027434038711,110.74451225169686,1.9400000000000002,-0.1015006616894304,-5.447195184426228,2.768000000000029
kansas,2005Q2,0.0008620956925896,129763.8,-0.0004352169884063,78.22110527277177,3.1833333333333336,-0.16404676820911135,0.6202945696721329,1.299999999999983
kansas,2005Q3,0.0007061271579943,130490.5,0.0056001750873508,76.95103693392633,3.783333333333333,0.18800643497834746,-1.1565625000000015,2.933333333333337
kansas,2005Q4,0.0004359061727416,128278.3,-0.0169529582613293,120.316581620264,4.296666666666667,-0.0946281257421937,0.5309647817460323,1.8333333333333144
kansas,2006Q1,0.0009220789300078,135170.4,0.0537277154436877,113.27056985157454,4.633333333333333,0.3231746289401334,-0.7393266769073215,1.0333333333333599
kansas,2006Q2,0.0011236387085603,136100.7,0.0068824239626428,100.59423388620796,5.08,-0.06388394773967976,2.486310803891447,1.799999999999983
kansas,2006Q3,0.0015357107701989,135685.8,-0.0030484780754251,84.85147159529524,5.193333333333334,-0.03460505192805419,-0.9207936507936498,1.9000000000000057
kansas,2006Q4,0.0015996427732588,137586.3,0.0140066241272116,68.37692088834977,5.1499999999999995,0.045636183155590704,-2.5730158730158728,-0.8333333333333144
kansas,2007Q1,0.0003860992732983,142266.3,0.0340150145763058,62.30195312502326,5.1499999999999995,0.04336043360433606,1.5286859224564147,1.9836666666666645
kansas,2007Q2,0.0001093078634682,143418.0,0.008095381689128,84.3217264101107,5.109999999999999,-0.09901236488062837,1.1682982045277122,2.313999999999993
kansas,2007Q3,0.000581063058544,143598.3,0.0012571643726728,70.81782372346653,4.6499999999999995,-1.4854649657339156,7.857301587301585,1.3079999999999927
kansas,2007Q4,0.0004092022304728,145063.8,0.0102055525726976,104.83141230321483,3.893333333333333,1.8467063738999023,0.4406374007936549,2.5506666666667
kansas,2008Q1,0.0004285984097529,147756.9,0.0185649348769301,276.103651972433,2.223333333333333,0.25064797986422094,4.090320184426226,2.2799999999999727
kansas,2008Q2,0.000208704504603,149440.6,0.0113950685213348,138.00825857841633,1.9400000000000002,-0.1015006616894304,-5.447195184426228,2.768000000000029
kentucky,2005Q2,0.0017545276913076,181836.1,0.015173779102291,90.9968822783377,3.1833333333333336,-0.16404676820911135,0.6202945696721329,1.299999999999983
kentucky,2005Q3,0.0006959119088854,183252.4,0.0077888824056389,56.77999399976974,3.783333333333333,0.18800643497834746,-1.1565625000000015,2.933333333333337
kentucky,2005Q4,0.0003595234348173,183864.8,0.0033418389063388,42.747830850086665,4.296666666666667,-0.0946281257421937,0.5309647817460323,1.8333333333333144
kentucky,2006Q1,0.0021496352199611,186066.1,0.0119723840561107,84.2001856871775,4.633333333333333,0.3231746289401334,-0.7393266769073215,1.0333333333333599
kentucky,2006Q2,0.0021886571052748,187093.7,0.0055227685215093,55.15785536384311,5.08,-0.06388394773967976,2.486310803891447,1.799999999999983
kentucky,2006Q3,0.0030295504423277,186245.3,-0.004534626232738,83.0708143922271,5.193333333333334,-0.03460505192805419,-0.9207936507936498,1.9000000000000057
kentucky,2006Q4,0.002501261573708,185925.5,-0.0017170903104668,109.36047596235083,5.1499999999999995,0.045636183155590704,-2.5730158730158728,-0.8333333333333144
kentucky,2007Q1,-0.0004129154970932,183605.0,-0.0124808054839169,82.84260775603397,5.1499999999999995,0.04336043360433606,1.5286859224564147,1.9836666666666645
kentucky,2007Q2,-0.0017126246849904,185160.8,0.0084736254459301,116.69181301663836,5.109999999999999,-0.09901236488062837,1.1682982045277122,2.313999999999993
kentucky,2007Q3,-0.0008739033052439,185752.1,0.0031934405122466,72.1741706370135,4.6499999999999995,-1.4854649657339156,7.857301587301585,1.3079999999999927
kentucky,2007Q4,-7.406392473182273e-05,188642.3,0.0155594472417808,95.9557568189973,3.893333333333333,1.8467063738999023,0.4406374007936549,2.5506666666667
kentucky,2008Q1,-0.0005729363357912,188247.3,-0.0020939100085187,239.87335717291435,2.223333333333333,0.25064797986422094,4.090320184426226,2.2799999999999727
kentucky,2008Q2,-0.0007619518956609,190012.5,0.0093770269215016,133.13775353052657,1.9400000000000002,-0.1015006616894304,-5.447195184426228,2.768000000000029
louisiana,2005Q2,0.0014010429582556,252624.8,0.0095792713679294,100.2864586620354,3.1833333333333336,-0.16404676820911135,0.6202945696721329,1.299999999999983
louisiana,2005Q3,-0.0031423843165564,248166.9,-0.0176463276764593,253.15564770332267,3.783333333333333,0.18800643497834746,-1.1565625000000015,2.933333333333337
louisiana,2005Q4,-0.0031482495401423,247224.2,-0.003798653245054,245.29075090395835,4.296666666666667,-0.0946281257421937,0.5309647817460323,1.8333333333333144
louisiana,2006Q1,0.0007854989061286,249031.9,0.0073119864479285,177.41404134286498,4.633333333333333,0.3231746289401334,-0.7393266769073215,1.0333333333333599
louisiana,2006Q2,0.0009061956685028,248218.9,-0.0032646419996795,149.170930410796,5.08,-0.06388394773967976,2.486310803891447,1.799999999999983
louisiana,2006Q3,0.0017373654597781,245891.8,-0.0093751926223184,103.48391742920444,5.193333333333334,-0.03460505192805419,-0.9207936507936498,1.9000000000000057
louisiana,2006Q4,0.0022120089904151,245416.2,-0.001934184059818,134.8466052062603,5.1499999999999995,0.045636183155590704,-2.5730158730158728,-0.8333333333333144
louisiana,2007Q1,0.0002096884501646,236389.5,-0.0367811904837578,100.52841465927152,5.1499999999999995,0.04336043360433606,1.5286859224564147,1.9836666666666645
louisiana,2007Q2,-0.0004570805014551,234038.1,-0.0099471423223111,89.87774117335464,5.109999999999999,-0.09901236488062837,1.1682982045277122,2.313999999999993
louisiana,2007Q3,0.002097296547098,233026.0,-0.0043245095563499,118.74181456783988,4.6499999999999995,-1.4854649657339156,7.857301587301585,1.3079999999999927
louisiana,2007Q4,0.0023362007653677,233412.1,0.0016568966553087,58.15261051651317,3.893333333333333,1.8467063738999023,0.4406374007936549,2.5506666666667
louisiana,2008Q1,0.0010454975360575,232582.2,-0.0035555140457584,72.43203332752117,2.223333333333333,0.25064797986422094,4.090320184426226,2.2799999999999727
louisiana,2008Q2,0.001165801641746,236561.9,0.0171109397021782,60.53420512568133,1.9400000000000002,-0.1015006616894304,-5.447195184426228,2.768000000000029
maine,2005Q2,0.002667965266269,59462.3,0.0057388833448912,136.189000884519,3.1833333333333336,-0.16404676820911135,0.6202945696721329,1.299999999999983
maine,2005Q3,0.0013788303418646,59602.2,0.0023527512390202,77.5993727970007,3.783333333333333,0.18800643497834746,-1.1565625000000015,2.933333333333337
maine,2005Q4,0.0002941738906395,60171.2,0.0095466274734825,65.3938638147926,4.296666666666667,-0.0946281257421937,0.5309647817460323,1.8333333333333144
maine,2006Q1,0.000662434259405,59870.5,-0.0049974073975589,56.701900775590765,4.633333333333333,0.3231746289401334,-0.7393266769073215,1.0333333333333599
maine,2006Q2,0.0005486721376881,60199.8,0.0055002046082794,66.99873419001149,5.08,-0.06388394773967976,2.486310803891447,1.799999999999983
maine,2006Q3,0.0009336680727742,59808.7,-0.0064966993245825,88.49428807002197,5.193333333333334,-0.03460505192805419,-0.9207936507936498,1.9000000000000057
maine,2006Q4,0.0011394484794246,60064.8,0.0042819857311728,79.63310374685561,5.1499999999999995,0.045636183155590704,-2.5730158730158728,-0.8333333333333144
maine,2007Q1,-0.0009224977112048,59301.5,-0.0127079420892103,65.01471307288666,5.1499999999999995,0.04336043360433606,1.5286859224564147,1.9836666666666645
maine,2007Q2,-0.0019023543014914,60113.2,0.0136876807500652,58.55286077298424,5.109999999999999,-0.09901236488062837,1.1682982045277122,2.313999999999993
maine,2007Q3,-9.001024339779413e-05,60346.5,0.0038810111589469,60.4876466389406,4.6499999999999995,-1.4854649657339156,7.857301587301585,1.3079999999999927
maine,2007Q4,0.0014016106663254,60369.4,0.0003794751974017,56.5668886074009,3.893333333333333,1.8467063738999023,0.4406374007936549,2.5506666666667
maine,2008Q1,0.0006069270354809,60381.5,0.0002004326695312,135.38535476996788,2.223333333333333,0.25064797986422094,4.090320184426226,2.2799999999999727
maine,2008Q2,-0.0006019534920779,60469.0,0.0014491193494696,104.19563529981464,1.9400000000000002,-0.1015006616894304,-5.447195184426228,2.768000000000029
maryland,2005Q2,0.0033663192599755,323322.6,0.0115986239716159,104.23068914481156,3.1833333333333336,-0.16404676820911135,0.6202945696721329,1.299999999999983
maryland,2005Q3,0.0020817657073266,329217.8,0.0182331825860611,135.81295190979498,3.783333333333333,0.18800643497834746,-1.1565625000000015,2.933333333333337
maryland,2005Q4,0.001995807463886,330422.1,0.0036580646611452,77.45373316092254,4.296666666666667,-0.0946281257421937,0.5309647817460323,1.8333333333333144
maryland,2006Q1,0.0022417357047688,328507.5,-0.0057944066090009,104.259649002631,4.633333333333333,0.3231746289401334,-0.7393266769073215,1.0333333333333599
maryland,2006Q2,0.0009926272774124,328771.5,0.000803634620214,109.6723926586416,5.08,-0.06388394773967976,2.486310803891447,1.799999999999983
maryland,2006Q3,0.0012475959055463,330238.5,0.0044620655987517,99.79399738334008,5.193333333333334,-0.03460505192805419,-0.9207936507936498,1.9000000000000057
maryland,2006Q4,0.0011033678473773,331978.5,0.005268919281065,97.70488125863648,5.1499999999999995,0.045636183155590704,-2.5730158730158728,-0.8333333333333144
maryland,2007Q1,-0.0003428655587116,328863.4,-0.0093834389877657,80.8217110061002,5.1499999999999995,0.04336043360433606,1.5286859224564147,1.9836666666666645
maryland,2007Q2,0.0001563423685064,332357.5,0.0106247761228521,59.236908040510166,5.109999999999999,-0.09901236488062837,1.1682982045277122,2.313999999999993
maryland,2007Q3,0.0014152543851225,331458.7,-0.0027043168876886,89.04442310246209,4.6499999999999995,-1.4854649657339156,7.857301587301585,1.3079999999999927
maryland,2007Q4,0.0016523464519388,334374.5,0.0087968727325606,131.22379375298,3.893333333333333,1.8467063738999023,0.4406374007936549,2.5506666666667
maryland,2008Q1,0.0008551471652915,337666.4,0.0098449493008587,175.62801462655202,2.223333333333333,0.25064797986422094,4.090320184426226,2.2799999999999727
maryland,2008Q2,-0.0003427712483548,340914.2,0.0096183688990079,129.70618633318665,1.9400000000000002,-0.1015006616894304,-5.447195184426228,2.768000000000029
michigan,2005Q2,0.0014271952643968,496170.7,0.001766419178196,94.96427382052684,3.1833333333333336,-0.16404676820911135,0.6202945696721329,1.299999999999983
michigan,2005Q3,0.0003577618047061,491933.7,-0.0085393998476733,84.18060287763076,3.783333333333333,0.18800643497834746,-1.1565625000000015,2.933333333333337
michigan,2005Q4,-0.0008108414233453,491784.8,-0.0003026830648114,116.59053068296627,4.296666666666667,-0.0946281257421937,0.5309647817460323,1.8333333333333144
michigan,2006Q1,-0.0008156763134111,485281.5,-0.0132238735316747,101.0548246001672,4.633333333333333,0.3231746289401334,-0.7393266769073215,1.0333333333333599
michigan,2006Q2,-0.0010830220910699,485943.5,0.0013641566801949,85.64568139116575,5.08,-0.06388394773967976,2.486310803891447,1.799999999999983
michigan,2006Q3,-0.0009722426248488,483215.1,-0.0056146445008524,107.48970405792151,5.193333333333334,-0.03460505192805419,-0.9207936507936498,1.9000000000000057
michigan,2006Q4,-0.0003538822212588,480614.3,-0.005382282134809,123.8867667337974,5.1499999999999995,0.045636183155590704,-2.5730158730158728,-0.8333333333333144
michigan,2007Q1,-0.0014759293122133,485185.1,0.0095103287605049,143.70716766850933,5.1499999999999995,0.04336043360433606,1.5286859224564147,1.9836666666666645
michigan,2007Q2,-0.0016503994784094,485490.4,0.0006292443852873,185.32433905757836,5.109999999999999,-0.09901236488062837,1.1682982045277122,2.313999999999993
michigan,2007Q3,-0.0013806140452711,485339.9,-0.0003099958310195,173.09677540839368,4.6499999999999995,-1.4854649657339156,7.857301587301585,1.3079999999999927
michigan,2007Q4,-0.0009939525896181,475724.9,-0.0198108583283591,149.95863332568732,3.893333333333333,1.8467063738999023,0.4406374007936549,2.5506666666667
michigan,2008Q1,-0.0020992055667834,467558.9,-0.0171653827663845,179.14423776668,2.223333333333333,0.25064797986422094,4.090320184426226,2.2799999999999727
michigan,2008Q2,-0.0034676939924911,463418.3,-0.0088557826618208,94.73094436567106,1.9400000000000002,-0.1015006616894304,-5.447195184426228,2.768000000000029
missouri,2005Q2,0.0016877928582608,285138.2,0.0067543424808245,55.9690897001236,3.1833333333333336,-0.16404676820911135,0.6202945696721329,1.299999999999983
missouri,2005Q3,0.0012102234454423,285894.4,0.0026520473230173,108.85039697120628,3.783333333333333,0.18800643497834746,-1.1565625000000015,2.933333333333337
missouri,2005Q4,0.0005852895216117,287109.1,0.0042487715743992,83.42219825712537,4.296666666666667,-0.0946281257421937,0.5309647817460323,1.8333333333333144
missouri,2006Q1,0.0012948227740234,286626.5,-0.001680894127006,66.72264002289903,4.633333333333333,0.3231746289401334,-0.7393266769073215,1.0333333333333599
missouri,2006Q2,0.0014532053564371,288256.2,0.0056857966726733,58.21634512809167,5.08,-0.06388394773967976,2.486310803891447,1.799999999999983
missouri,2006Q3,0.0015895935275198,285549.0,-0.0093916453488251,57.99757550968803,5.193333333333334,-0.03460505192805419,-0.9207936507936498,1.9000000000000057
missouri,2006Q4,0.001159829853652,285801.5,0.0008842615453039,41.16082472468887,5.1499999999999995,0.045636183155590704,-2.5730158730158728,-0.8333333333333144
missouri,2007Q1,-0.0003067845919325,282683.5,-0.0109096698232864,30.394019955173366,5.1499999999999995,0.04336043360433606,1.5286859224564147,1.9836666666666645
missouri,2007Q2,-0.0007272582412347,287473.3,0.0169440381203713,63.74214486520864,5.109999999999999,-0.09901236488062837,1.1682982045277122,2.313999999999993
missouri,2007Q3,-0.0001121112111196,289950.4,0.0086168002384918,60.35796630616804,4.6499999999999995,-1.4854649657339156,7.857301587301585,1.3079999999999927
missouri,2007Q4,-7.230975950397085e-05,293176.2,0.0111253510945319,99.2887423772547,3.893333333333333,1.8467063738999023,0.4406374007936549,2.5506666666667
missouri,2008Q1,-0.0006669630141245,295021.9,0.0062955314926655,140.09747742088635,2.223333333333333,0.25064797986422094,4.090320184426226,2.2799999999999727
missouri,2008Q2,-0.0013804278749034,300985.0,0.0202123977914858,78.49442250419649,1.9400000000000002,-0.1015006616894304,-5.447195184426228,2.768000000000029
montana,2005Q2,0.0023091386147989,38591.1,-0.0059271738122468,108.18495153209476,3.1833333333333336,-0.16404676820911135,0.6202945696721329,1.299999999999983
montana,2005Q3,0.0027963431660007,38743.1,0.0039387319874271,94.06005816804064,3.783333333333333,0.18800643497834746,-1.1565625000000015,2.933333333333337
montana,2005Q4,0.0020452182191442,39240.5,0.0128384150984304,107.65163969395928,4.296666666666667,-0.0946281257421937,0.5309647817460323,1.8333333333333144
montana,2006Q1,0.0029351051805518,39350.1,0.0027930327085536,42.19207801113213,4.633333333333333,0.3231746289401334,-0.7393266769073215,1.0333333333333599
montana,2006Q2,0.0031783502002512,39828.0,0.0121448230118856,42.91728819274226,5.08,-0.06388394773967976,2.486310803891447,1.799999999999983
montana,2006Q3,0.0009654757721275,40321.7,0.0123958019483778,41.79656373510203,5.193333333333334,-0.03460505192805419,-0.9207936507936498,1.9000000000000057
montana,2006Q4,0.0025484431362754,40720.3,0.0098854958992304,70.1480951661146,5.1499999999999995,0.045636183155590704,-2.5730158730158728,-0.8333333333333144
montana,2007Q1,0.0026926696654851,41571.2,0.0208962114719193,34.49548905126747,5.1499999999999995,0.04336043360433606,1.5286859224564147,1.9836666666666645
montana,2007Q2,-6.040037072555885e-05,42088.4,0.0124413055192056,48.0760995872476,5.109999999999999,-0.09901236488062837,1.1682982045277122,2.313999999999993
montana,2007Q3,0.0001597575505405,42121.0,0.0007745602113646,65.60122923776511,4.6499999999999995,-1.4854649657339156,7.857301587301585,1.3079999999999927
montana,2007Q4,0.0013337204767496,42450.1,0.0078132048147003,81.37086194886143,3.893333333333333,1.8467063738999023,0.4406374007936549,2.5506666666667
montana,2008Q1,0.0002916956960694,42475.5,0.0005983495916381,109.02929185646234,2.223333333333333,0.25064797986422094,4.090320184426226,2.2799999999999727
montana,2008Q2,-0.0010610795421977,42253.9,-0.0052171251662722,91.38658236117844,1.9400000000000002,-0.1015006616894304,-5.447195184426228,2.768000000000029
nebraska,2005Q2,0.0005221892037456,93695.0,0.0104294392518324,81.88768053595119,3.1833333333333336,-0.16404676820911135,0.6202945696721329,1.299999999999983
nebraska,2005Q3,0.0003599286936071,95030.2,0.0142504936229255,86.9677379866028,3.783333333333333,0.18800643497834746,-1.1565625000000015,2.933333333333337
nebraska,2005Q4,3.221620172633166e-05,96770.7,0.0183152303162572,53.7821800751139,4.296666666666667,-0.0946281257421937,0.5309647817460323,1.8333333333333144
nebraska,2006Q1,0.000699648976904,95798.7,-0.0100443626014898,80.40788669553552,4.633333333333333,0.3231746289401334,-0.7393266769073215,1.0333333333333599
nebraska,2006Q2,0.0009094066259424,99248.2,0.0360077955128828,85.64284751747209,5.08,-0.06388394773967976,2.486310803891447,1.799999999999983
nebraska,2006Q3,0.0014017745534147,96903.4,-0.0236256173915496,101.0325621943587,5.193333333333334,-0.03460505192805419,-0.9207936507936498,1.9000000000000057
nebraska,2006Q4,0.0012699767831939,97340.9,0.0045148054660619,132.8366992211531,5.1499999999999995,0.045636183155590704,-2.5730158730158728,-0.8333333333333144
nebraska,2007Q1,0.0003587547395286,99389.5,0.0210456241929137,68.53354355476294,5.1499999999999995,0.04336043360433606,1.5286859224564147,1.9836666666666645
nebraska,2007Q2,0.0006042324427114,99528.2,0.0013955196474475,43.6446415151896,5.109999999999999,-0.09901236488062837,1.1682982045277122,2.313999999999993
nebraska,2007Q3,0.0010334402927096,99336.5,-0.001926087279786,49.01034281662356,4.6499999999999995,-1.4854649657339156,7.857301587301585,1.3079999999999927
nebraska,2007Q4,0.0011394206054671,100868.8,0.0154253471785295,130.97361474030632,3.893333333333333,1.8467063738999023,0.4406374007936549,2.5506666666667
nebraska,2008Q1,0.0008007598209173,100655.9,-0.0021106625636471,186.62307930358895,2.223333333333333,0.25064797986422094,4.090320184426226,2.2799999999999727
nebraska,2008Q2,-2.760689891408615e-05,101892.3,0.0122834329631944,206.859353396044,1.9400000000000002,-0.1015006616894304,-5.447195184426228,2.768000000000029
ohio,2005Q2,0.0021001986991072,583627.7,0.0053638681175418,97.55033741518746,3.1833333333333336,-0.16404676820911135,0.6202945696721329,1.299999999999983
ohio,2005Q3,0.0010580894421171,587807.9,0.0071624427695944,94.7393690363514,3.783333333333333,0.18800643497834746,-1.1565625000000015,2.933333333333337
ohio,2005Q4,0.000915535253456,587521.2,-0.0004877443804346,75.11496304112273,4.296666666666667,-0.0946281257421937,0.5309647817460323,1.8333333333333144
ohio,2006Q1,0.0018471973100591,583452.2,-0.0069257075319154,75.25439131611216,4.633333333333333,0.3231746289401334,-0.7393266769073215,1.0333333333333599
ohio,2006Q2,0.0018655385850772,583638.6,0.0003194777567039,80.51789030254167,5.08,-0.06388394773967976,2.486310803891447,1.799999999999983
ohio,2006Q3,0.001790815972945,581738.7,-0.0032552679003753,96.9220681920411,5.193333333333334,-0.03460505192805419,-0.9207936507936498,1.9000000000000057
ohio,2006Q4,0.0013447810424082,581720.9,-3.059792996396027e-05,69.73481869154813,5.1499999999999995,0.045636183155590704,-2.5730158730158728,-0.8333333333333144
ohio,2007Q1,0.0001257178017594,583443.3,0.0029608700667278,72.1732809810178,5.1499999999999995,0.04336043360433606,1.5286859224564147,1.9836666666666645
ohio,2007Q2,-0.0004721124417967,584132.1,0.0011805774442863,59.35763541210449,5.109999999999999,-0.09901236488062837,1.1682982045277122,2.313999999999993
ohio,2007Q3,-0.0005215950018209,586433.3,0.0039395198449119,60.25042912181457,4.6499999999999995,-1.4854649657339156,7.857301587301585,1.3079999999999927
ohio,2007Q4,0.0001645005161459,587603.2,0.0019949412831772,121.78692579338264,3.893333333333333,1.8467063738999023,0.4406374007936549,2.5506666666667
ohio,2008Q1,-0.0006297073101011,588461.0,0.0014598286734994,164.63847523883365,2.223333333333333,0.25064797986422094,4.090320184426226,2.2799999999999727
ohio,2008Q2,-0.0022207141428751,591534.7,0.0052232858252287,110.05954312485876,1.9400000000000002,-0.1015006616894304,-5.447195184426228,2.768000000000029
oklahoma,2005Q2,0.0017920099237946,141243.8,0.0091805522907082,109.741376461305,3.1833333333333336,-0.16404676820911135,0.6202945696721329,1.299999999999983
oklahoma,2005Q3,0.0007837372875004,140760.1,-0.0034245750963934,143.44177485318633,3.783333333333333,0.18800643497834746,-1.1565625000000015,2.933333333333337
oklahoma,2005Q4,0.0003125298236935,139477.6,-0.0091112467240361,171.42851922921432,4.296666666666667,-0.0946281257421937,0.5309647817460323,1.8333333333333144
oklahoma,2006Q1,0.0001481919120941,154266.3,0.1060292118591084,102.63008508455114,4.633333333333333,0.3231746289401334,-0.7393266769073215,1.0333333333333599
oklahoma,2006Q2,0.0006412942619142,148604.2,-0.0367034148093263,94.6916993508002,5.08,-0.06388394773967976,2.486310803891447,1.799999999999983
oklahoma,2006Q3,0.000968592770508,147134.6,-0.0098893570975786,74.38240970889727,5.193333333333334,-0.03460505192805419,-0.9207936507936498,1.9000000000000057
oklahoma,2006Q4,0.0010225624446886,147463.5,0.0022353681594946,61.14271356642907,5.1499999999999995,0.045636183155590704,-2.5730158730158728,-0.8333333333333144
oklahoma,2007Q1,0.0001342846396387,150082.7,0.017761683399621,49.9465552125304,5.1499999999999995,0.04336043360433606,1.5286859224564147,1.9836666666666645
oklahoma,2007Q2,-0.0006845577639513,152166.6,0.0138850113970496,56.23492705531863,5.109999999999999,-0.09901236488062837,1.1682982045277122,2.313999999999993
oklahoma,2007Q3,0.0006975634914333,154600.1,0.0159923399747381,78.87740715947086,4.6499999999999995,-1.4854649657339156,7.857301587301585,1.3079999999999927
oklahoma,2007Q4,0.0020782691958537,154668.9,0.0004450191170639,65.01136584194197,3.893333333333333,1.8467063738999023,0.4406374007936549,2.5506666666667
oklahoma,2008Q1,0.0023191768389253,154733.5,0.0004176663828345,152.35945900195665,2.223333333333333,0.25064797986422094,4.090320184426226,2.2799999999999727
oklahoma,2008Q2,0.0016571815675592,158073.6,0.0215861465035045,74.11632579536906,1.9400000000000002,-0.1015006616894304,-5.447195184426228,2.768000000000029
oregon,2005Q2,0.0017595499075719,166876.3,-0.0001479919233557,119.22001318917204,3.1833333333333336,-0.16404676820911135,0.6202945696721329,1.299999999999983
oregon,2005Q3,0.0009846085589767,169502.7,0.0157386039839091,81.04689207345227,3.783333333333333,0.18800643497834746,-1.1565625000000015,2.933333333333337
oregon,2005Q4,0.001721127581968,171657.8,0.0127142517493821,36.13712440460044,4.296666666666667,-0.0946281257421937,0.5309647817460323,1.8333333333333144
oregon,2006Q1,0.0029612793513464,176491.5,0.0281589301505671,84.53741207707226,4.633333333333333,0.3231746289401334,-0.7393266769073215,1.0333333333333599
oregon,2006Q2,0.0023832399954863,175793.9,-0.00395259828377,96.39600542222011,5.08,-0.06388394773967976,2.486310803891447,1.799999999999983
oregon,2006Q3,0.0020282219689501,177594.4,0.010242107376877,66.16320088786934,5.193333333333334,-0.03460505192805419,-0.9207936507936498,1.9000000000000057
oregon,2006Q4,0.0026775399887249,179009.9,0.0079704089768595,135.51134201671735,5.1499999999999995,0.045636183155590704,-2.5730158730158728,-0.8333333333333144
oregon,2007Q1,0.0011866501517618,176261.3,-0.0153544580495269,72.33082763463683,5.1499999999999995,0.04336043360433606,1.5286859224564147,1.9836666666666645
oregon,2007Q2,-0.0002746207997196,179196.4,0.0166519820289536,65.66724554896307,5.109999999999999,-0.09901236488062837,1.1682982045277122,2.313999999999993
oregon,2007Q3,0.0009504759706418,182146.4,0.0164623842889701,100.34974698815444,4.6499999999999995,-1.4854649657339156,7.857301587301585,1.3079999999999927
oregon,2007Q4,0.0022245718693785,185293.1,0.0172756639713989,104.944211901679,3.893333333333333,1.8467063738999023,0.4406374007936549,2.5506666666667
oregon,2008Q1,0.001149871915876,185597.6,0.0016433423586739,241.14510379656895,2.223333333333333,0.25064797986422094,4.090320184426226,2.2799999999999727
oregon,2008Q2,0.0004627926563918,186645.5,0.0056460859407665,118.31122653712777,1.9400000000000002,-0.1015006616894304,-5.447195184426228,2.768000000000029
pennsylvania,2005Q2,0.0014169975580903,624301.4,0.0064056455312819,129.017845536227,3.1833333333333336,-0.16404676820911135,0.6202945696721329,1.299999999999983
pennsylvania,2005Q3,0.0003552796836044,629653.9,0.0085735832083668,112.92512877836565,3.783333333333333,0.18800643497834746,-1.1565625000000015,2.933333333333337
pennsylvania,2005Q4,0.0001882669262652,630877.6,0.0019434486151836,84.55496388143837,4.296666666666667,-0.0946281257421937,0.5309647817460323,1.8333333333333144
pennsylvania,2006Q1,0.0012605709961276,621047.7,-0.0155813108596659,86.43871195677993,4.633333333333333,0.3231746289401334,-0.7393266769073215,1.0333333333333599
pennsylvania,2006Q2,0.0008352490126142,624685.1,0.0058568770160489,105.22394948938285,5.08,-0.06388394773967976,2.486310803891447,1.799999999999983
pennsylvania,2006Q3,0.0012827712576279,628496.9,0.0061019544087093,115.1463805637394,5.193333333333334,-0.03460505192805419,-0.9207936507936498,1.9000000000000057
pennsylvania,2006Q4,0.0016978495789594,632130.0,0.0057806172154548,60.800029316711765,5.1499999999999995,0.045636183155590704,-2.5730158730158728,-0.8333333333333144
pennsylvania,2007Q1,0.0001986353453291,641564.8,0.0149254109123124,66.18306347271306,5.1499999999999995,0.04336043360433606,1.5286859224564147,1.9836666666666645
pennsylvania,2007Q2,0.0001349720256582,643633.0,0.0032236806009307,51.92788089501997,5.109999999999999,-0.09901236488062837,1.1682982045277122,2.313999999999993
pennsylvania,2007Q3,0.0008588994007115,651351.8,0.0119925485486294,90.495450281617,4.6499999999999995,-1.4854649657339156,7.857301587301585,1.3079999999999927
pennsylvania,2007Q4,0.0010977956442569,662002.5,0.0163516858324486,94.15527173173984,3.893333333333333,1.8467063738999023,0.4406374007936549,2.5506666666667
pennsylvania,2008Q1,0.0010669632748766,660225.1,-0.0026848841205282,166.572157846485,2.223333333333333,0.25064797986422094,4.090320184426226,2.2799999999999727
pennsylvania,2008Q2,0.0007716607760559,675129.3,0.0225744219660841,114.25690165251063,1.9400000000000002,-0.1015006616894304,-5.447195184426228,2.768000000000029
tennessee,2005Q2,0.0027014338921208,287236.7,0.0035265678710592,94.6461461609245,3.1833333333333336,-0.16404676820911135,0.6202945696721329,1.299999999999983
tennessee,2005Q3,0.0027228002912224,290621.3,0.011783313204754,98.42256399786,3.783333333333333,0.18800643497834746,-1.1565625000000015,2.933333333333337
tennessee,2005Q4,0.0025379707773755,292171.7,0.0053347775954482,83.3207522907573,4.296666666666667,-0.0946281257421937,0.5309647817460323,1.8333333333333144
tennessee,2006Q1,0.0043762520489563,293896.3,0.0059026935189137,93.26426526041496,4.633333333333333,0.3231746289401334,-0.7393266769073215,1.0333333333333599
tennessee,2006Q2,0.0048025091457607,296505.5,0.0088779613761724,94.42909221410828,5.08,-0.06388394773967976,2.486310803891447,1.799999999999983
tennessee,2006Q3,0.0037382451782801,294877.7,-0.0054899487530585,103.90481311643,5.193333333333334,-0.03460505192805419,-0.9207936507936498,1.9000000000000057
tennessee,2006Q4,0.0026996183050883,297393.3,0.008530994374956,63.57193992523883,5.1499999999999995,0.045636183155590704,-2.5730158730158728,-0.8333333333333144
tennessee,2007Q1,0.000183531880724,290457.9,-0.0233206329799627,87.54205334124715,5.1499999999999995,0.04336043360433606,1.5286859224564147,1.9836666666666645
tennessee,2007Q2,-0.0008799956342005,292761.7,0.007931614185739,66.31580167032317,5.109999999999999,-0.09901236488062837,1.1682982045277122,2.313999999999993
tennessee,2007Q3,-0.0005447981930084,295408.7,0.0090414832268017,69.12435385780826,4.6499999999999995,-1.4854649657339156,7.857301587301585,1.3079999999999927
tennessee,2007Q4,-0.0006694386762123,300651.0,0.0177459228519674,97.20828241335924,3.893333333333333,1.8467063738999023,0.4406374007936549,2.5506666666667
tennessee,2008Q1,-0.0008690331219195,300121.1,-0.0017625086894772,145.57344434174834,2.223333333333333,0.25064797986422094,4.090320184426226,2.2799999999999727
tennessee,2008Q2,-0.0016200653159582,301710.8,0.0052968618334399,152.59925956145102,1.9400000000000002,-0.1015006616894304,-5.447195184426228,2.768000000000029
texas,2005Q2,0.0022476942557986,1138105.3,-0.0064242088795457,84.69242502424994,3.1833333333333336,-0.16404676820911135,0.6202945696721329,1.299999999999983
texas,2005Q3,0.0009073931080292,1139410.5,0.0011468183128573,92.6644855246452,3.783333333333333,0.18800643497834746,-1.1565625000000015,2.933333333333337
texas,2005Q4,0.0007563502289421,1150672.5,0.0098840584670756,68.8410526175377,4.296666666666667,-0.0946281257421937,0.5309647817460323,1.8333333333333144
texas,2006Q1,0.0017207576409476,1199085.1,0.0420733093039071,92.87313840595914,4.633333333333333,0.3231746289401334,-0.7393266769073215,1.0333333333333599
texas,2006Q2,0.0023317930150788,1216269.5,0.0143312597246016,93.61729621854636,5.08,-0.06388394773967976,2.486310803891447,1.799999999999983
texas,2006Q3,0.002946684231857,1230076.3,0.0113517604445396,96.6048226193688,5.193333333333334,-0.03460505192805419,-0.9207936507936498,1.9000000000000057
texas,2006Q4,0.0020383318923542,1255158.1,0.0203904424465377,53.39208564573156,5.1499999999999995,0.045636183155590704,-2.5730158730158728,-0.8333333333333144
texas,2007Q1,0.0003459782006762,1268400.5,0.0105503840512202,66.00950375700627,5.1499999999999995,0.04336043360433606,1.5286859224564147,1.9836666666666645
texas,2007Q2,0.000183121464866,1291796.4,0.0184451992883949,46.74138683438707,5.109999999999999,-0.09901236488062837,1.1682982045277122,2.313999999999993
texas,2007Q3,0.0012870936426898,1294241.5,0.0018927905357222,56.308836144946206,4.6499999999999995,-1.4854649657339156,7.857301587301585,1.3079999999999927
texas,2007Q4,0.0022359336546836,1300876.2,0.0051263230239486,83.14109257157543,3.893333333333333,1.8467063738999023,0.4406374007936549,2.5506666666667
texas,2008Q1,0.0019568694201894,1284436.7,-0.0126372517231078,159.35352965080168,2.223333333333333,0.25064797986422094,4.090320184426226,2.2799999999999727
texas,2008Q2,0.0012789038038069,1281165.1,-0.0025471087831731,113.817966781011,1.9400000000000002,-0.1015006616894304,-5.447195184426228,2.768000000000029
utah,2005Q2,0.0048488957082348,117105.1,0.0127886019109824,37.71411449772943,3.1833333333333336,-0.16404676820911135,0.6202945696721329,1.299999999999983
utah,2005Q3,0.003931375580446,119202.7,0.0179121148438452,49.34867788195036,3.783333333333333,0.18800643497834746,-1.1565625000000015,2.933333333333337
utah,2005Q4,0.0035064064968495,121786.5,0.0216756835205913,34.8471367821462,4.296666666666667,-0.0946281257421937,0.5309647817460323,1.8333333333333144
utah,2006Q1,0.0041539603686875,124545.0,0.0226502937517705,40.38350566944333,4.633333333333333,0.3231746289401334,-0.7393266769073215,1.0333333333333599
utah,2006Q2,0.0041218221820627,126446.9,0.0152707856598015,60.02258202645797,5.08,-0.06388394773967976,2.486310803891447,1.799999999999983
utah,2006Q3,0.0044240037414725,128259.9,0.0143380343843937,58.86052375834157,5.193333333333334,-0.03460505192805419,-0.9207936507936498,1.9000000000000057
utah,2006Q4,0.0040470233255267,130905.8,0.0206292067902751,43.1036031719161,5.1499999999999995,0.045636183155590704,-2.5730158730158728,-0.8333333333333144
utah,2007Q1,0.0020617352513689,131292.8,0.0029563243187085,45.135458040310304,5.1499999999999995,0.04336043360433606,1.5286859224564147,1.9836666666666645
utah,2007Q2,0.0010118009343119,134396.2,0.0236372443881158,66.2024986362005,5.109999999999999,-0.09901236488062837,1.1682982045277122,2.313999999999993
utah,2007Q3,0.0008757239780853,134347.8,-0.0003601292298445,120.84243569846755,4.6499999999999995,-1.4854649657339156,7.857301587301585,1.3079999999999927
utah,2007Q4,0.0006090170642102,135162.4,0.0060633668731457,79.20017276557414,3.893333333333333,1.8467063738999023,0.4406374007936549,2.5506666666667
utah,2008Q1,-0.0002858534163817,133257.1,-0.0140963759151953,106.80718520566116,2.223333333333333,0.25064797986422094,4.090320184426226,2.2799999999999727
utah,2008Q2,-0.0011609877558393,135279.8,0.0151789285523997,75.32964646583903,1.9400000000000002,-0.1015006616894304,-5.447195184426228,2.768000000000029
virginia,2005Q2,0.0036592966622107,440626.2,0.0113154558877162,51.40545283950217,3.1833333333333336,-0.16404676820911135,0.6202945696721329,1.299999999999983
virginia,2005Q3,0.0021814023597586,445933.4,0.0120446764173351,86.45055483055256,3.783333333333333,0.18800643497834746,-1.1565625000000015,2.933333333333337
virginia,2005Q4,0.0017002477009266,446102.5,0.0003792046076835,86.5607089830403,4.296666666666667,-0.0946281257421937,0.5309647817460323,1.8333333333333144
virginia,2006Q1,0.0021800866655654,451675.5,0.0124926446276361,138.067050707398,4.633333333333333,0.3231746289401334,-0.7393266769073215,1.0333333333333599
virginia,2006Q2,0.0015566483530225,451146.5,-0.0011711948068912,88.66894111015374,5.08,-0.06388394773967976,2.486310803891447,1.799999999999983
virginia,2006Q3,0.0017079608363659,450895.4,-0.0005565819528688,106.20000331719292,5.193333333333334,-0.03460505192805419,-0.9207936507936498,1.9000000000000057
virginia,2006Q4,0.0021940197578969,451335.0,0.0009749489571195,56.38874455001257,5.1499999999999995,0.045636183155590704,-2.5730158730158728,-0.8333333333333144
virginia,2007Q1,0.0011871231685753,454548.4,0.0071197669137115,56.49394216184263,5.1499999999999995,0.04336043360433606,1.5286859224564147,1.9836666666666645
virginia,2007Q2,0.0008487464540988,455549.1,0.002201525734113,73.93385306177811,5.109999999999999,-0.09901236488062837,1.1682982045277122,2.313999999999993
virginia,2007Q3,0.0012954638888996,459533.2,0.0087457092989537,95.72305979594071,4.6499999999999995,-1.4854649657339156,7.857301587301585,1.3079999999999927
virginia,2007Q4,0.0015943838132772,460644.8,0.0024189764743873,83.60090230822546,3.893333333333333,1.8467063738999023,0.4406374007936549,2.5506666666667
virginia,2008Q1,0.0016538962708008,459850.5,-0.0017243220807007,193.407704756384,2.223333333333333,0.25064797986422094,4.090320184426226,2.2799999999999727
virginia,2008Q2,0.0009758831935573,464445.2,0.0099917255716803,121.86978211106369,1.9400000000000002,-0.1015006616894304,-5.447195184426228,2.768000000000029
washington,2005Q2,0.0031473677637737,357307.6,0.0103238594511905,146.544446449331,3.1833333333333336,-0.16404676820911135,0.6202945696721329,1.299999999999983
washington,2005Q3,0.0020787326675513,358068.6,0.0021298175577568,107.93189561213433,3.783333333333333,0.18800643497834746,-1.1565625000000015,2.933333333333337
washington,2005Q4,0.0017333008786074,364552.5,0.0181079826603058,99.33837060858026,4.296666666666667,-0.0946281257421937,0.5309647817460323,1.8333333333333144
washington,2006Q1,0.0021145781413747,368433.6,0.010646203221758,90.71780936461792,4.633333333333333,0.3231746289401334,-0.7393266769073215,1.0333333333333599
washington,2006Q2,0.0017677376715894,369574.1,0.0030955374319823,125.598122706222,5.08,-0.06388394773967976,2.486310803891447,1.799999999999983
washington,2006Q3,0.0022727656320253,372581.6,0.008137745583362,118.9637620692282,5.193333333333334,-0.03460505192805419,-0.9207936507936498,1.9000000000000057
washington,2006Q4,0.002634950543849,377990.9,0.0145184303250618,82.90947085167473,5.1499999999999995,0.045636183155590704,-2.5730158730158728,-0.8333333333333144
washington,2007Q1,0.0019129377263267,379288.1,0.0034318286498429,97.22885812907754,5.1499999999999995,0.04336043360433606,1.5286859224564147,1.9836666666666645
washington,2007Q2,0.0015450656598586,391041.7,0.0309885809757808,83.66422096465686,5.109999999999999,-0.09901236488062837,1.1682982045277122,2.313999999999993
washington,2007Q3,0.0017507834197195,399727.5,0.0222119533543352,63.088729824224735,4.6499999999999995,-1.4854649657339156,7.857301587301585,1.3079999999999927
washington,2007Q4,0.001864052903011,406830.4,0.0177693553733482,106.61332202481628,3.893333333333333,1.8467063738999023,0.4406374007936549,2.5506666666667
washington,2008Q1,0.0008897678290463,399801.0,-0.0172784531342791,146.411772335739,2.223333333333333,0.25064797986422094,4.090320184426226,2.2799999999999727
washington,2008Q2,0.0001504910553607,403326.3,0.0088176367742951,114.09930386925066,1.9400000000000002,-0.1015006616894304,-5.447195184426228,2.768000000000029
wisconsin,2005Q2,0.0012126694911257,281326.0,0.0050864176535885,63.043882150210464,3.1833333333333336,-0.16404676820911135,0.6202945696721329,1.299999999999983
wisconsin,2005Q3,0.0010115512123967,284557.8,0.0114877402017588,97.29520278405688,3.783333333333333,0.18800643497834746,-1.1565625000000015,2.933333333333337
wisconsin,2005Q4,0.0006732671051326,282476.6,-0.007313804084794,76.22666362864628,4.296666666666667,-0.0946281257421937,0.5309647817460323,1.8333333333333144
wisconsin,2006Q1,0.0013499427468724,286216.2,0.0132386187032838,60.04753059150513,4.633333333333333,0.3231746289401334,-0.7393266769073215,1.0333333333333599
wisconsin,2006Q2,0.0013537439611903,286780.0,0.0019698395828049,88.8121725083296,5.08,-0.06388394773967976,2.486310803891447,1.799999999999983
wisconsin,2006Q3,0.0009914823307399,287276.0,0.0017295487830393,73.72391969026923,5.193333333333334,-0.03460505192805419,-0.9207936507936498,1.9000000000000057
wisconsin,2006Q4,0.0007350099197174,288314.1,0.0036135980729332,43.1378865565938,5.1499999999999995,0.045636183155590704,-2.5730158730158728,-0.8333333333333144
wisconsin,2007Q1,-0.0001209797236997,288576.7,0.0009108122009988,71.9844202770769,5.1499999999999995,0.04336043360433606,1.5286859224564147,1.9836666666666645
wisconsin,2007Q2,-0.0001697951772426,289401.7,0.0028588586673836,33.323473827750334,5.109999999999999,-0.09901236488062837,1.1682982045277122,2.313999999999993
wisconsin,2007Q3,0.0001457425770122,290829.8,0.0049346634798619,64.968036842867,4.6499999999999995,-1.4854649657339156,7.857301587301585,1.3079999999999927
wisconsin,2007Q4,0.0010228047357489,290612.7,-0.0007464847137397,81.479058085098,3.893333333333333,1.8467063738999023,0.4406374007936549,2.5506666666667
wisconsin,2008Q1,0.0011075370651105,288584.9,-0.0069776716571574,146.53305755126834,2.223333333333333,0.25064797986422094,4.090320184426226,2.2799999999999727
wisconsin,2008Q2,-0.0005656511132898,289724.5,0.003948924562581,94.76849802516304,1.9400000000000002,-0.1015006616894304,-5.447195184426228,2.768000000000029
