State,GMM_logp
alabama,-5.823356793051338
alabama,-4.1611232717504585
alabama,-5.823356793051338
alabama,-5.823356793051338
alabama,-3.1982771212757637
alabama,-3.1982771212757637
alabama,-3.1982771212757637
alabama,-3.1982771212757637
alabama,-5.863055683680197
alabama,-5.930376021092608
alabama,-5.863055683680197
alabama,-5.863055683680197
alabama,-4.234089149433016
alabama,-4.234089149433016
alabama,-4.234089149433016
alabama,-4.234089149433016
alabama,-6.586441999362572
alabama,-6.586441999362572
alabama,-6.586441999362572
alabama,-6.586441999362572
alabama,-4.477298825328518
alabama,-4.378077743604672
alabama,-4.477298825328518
alabama,-4.378077743604672
alabama,-4.37328207514445
alabama,-4.37328207514445
alabama,-4.266171187199015
alabama,-4.266171187199015
alabama,-3.9052824711917555
alabama,-3.9052824711917555
alabama,-4.0041418589014315
alabama,-4.0041418589014315
alabama,-4.051600228183981
alabama,-4.051600228183981
alabama,-4.051600228183981
alabama,-4.051600228183981
alabama,-8.641995633993885
alabama,-8.693764335828467
alaska,-2.859957192893682
alaska,-2.859957192893682
alaska,-2.859957192893682
alaska,-2.859957192893682
alaska,-2.1097271168391876
alaska,-2.0915960056674283
alaska,-2.0915960056674283
alaska,-2.0915960056674283
alaska,-1.984633695438814
alaska,-3.5133271138054534
alaska,-1.984633695438814
alaska,-1.9460752046201495
alaska,-2.8658370531634656
alaska,-2.8658370531634656
alaska,-2.8658370531634656
alaska,-2.8658370531634656
alaska,-2.13289690996459
alaska,-2.1058045483344183
alaska,-2.13289690996459
alaska,-2.13289690996459
alaska,-2.1044366100609717
alaska,-2.1044366100609717
alaska,-2.1044366100609717
alaska,-2.1044366100609717
alaska,-2.338789866545604
alaska,-2.338789866545604
alaska,-2.338789866545604
alaska,-2.4569036021881776
alaska,-2.9368945589510593
alaska,-3.0573155065471376
alaska,-3.2586430223203267
alaska,-3.0573155065471376
alaska,-2.4585896598102566
alaska,-2.4585896598102566
alaska,-2.6685524427585112
alaska,-2.6685524427585112
alaska,-7.451990452361996
alaska,-7.451990452361996
arizona,-2.5706740692984646
arizona,-2.5706740692984646
arizona,-2.5706740692984646
arizona,-2.537577632057487
arizona,-7.779878635904684
arizona,-7.716311993457404
arizona,-7.716311993457404
arizona,-7.716311993457404
arizona,-8.760535832592359
arizona,-8.790319149709891
arizona,-8.760535832592359
arizona,-8.760535832592359
arizona,-7.79262434669906
arizona,-7.79262434669906
arizona,-7.964295505653247
arizona,-7.964295505653247
arizona,-7.575230526489571
arizona,-7.79321880995518
arizona,-7.79321880995518
arizona,-7.79321880995518
arizona,-10.010856544672615
arizona,-10.010856544672615
arizona,-10.010856544672615
arizona,-10.010856544672615
arizona,-10.223435940821968
arizona,-9.734665049697426
arizona,-9.734665049697426
arizona,-10.223435940821968
arizona,-10.402328412542772
arizona,-10.402328412542772
arizona,-10.402328412542772
arizona,-10.402328412542772
arizona,-26.84842638887052
arizona,-26.84842638887052
arizona,-26.84842638887052
arizona,-26.84842638887052
arizona,-24.56878110992406
arizona,-24.56878110992406
arkansas,-3.9089462593736313
arkansas,-3.9089462593736313
arkansas,-3.9089462593736313
arkansas,-3.9089462593736313
arkansas,-3.666142718517459
arkansas,-3.666142718517459
arkansas,-3.666142718517459
arkansas,-3.666142718517459
arkansas,-3.5195030922005883
arkansas,-3.5195030922005883
arkansas,-3.5195030922005883
arkansas,-3.5195030922005883
arkansas,-5.911919913096234
arkansas,-5.011864047941723
arkansas,-5.011864047941723
arkansas,-5.011864047941723
arkansas,-2.277370044931792
arkansas,-2.2901588019735857
arkansas,-2.277370044931792
arkansas,-2.277370044931792
arkansas,-4.048579702797758
arkansas,-4.048579702797758
arkansas,-4.106923437160792
arkansas,-4.048579702797758
arkansas,-2.173888277084093
arkansas,-2.173888277084093
arkansas,-2.173888277084093
arkansas,-2.173888277084093
arkansas,-2.5978772702962085
arkansas,-2.5978772702962085
arkansas,-2.639252107980973
arkansas,-2.5978772702962085
arkansas,-6.3678014372639895
arkansas,-6.388211860232419
arkansas,-6.388211860232419
arkansas,-6.388211860232419
arkansas,-7.304793043039161
arkansas,-7.304793043039161
california,-2.5953767813529964
california,-2.5953767813529964
california,-2.471563882392716
california,-2.3907028352934843
california,-2.771092472446437
california,-2.8278346307831246
california,-2.8278346307831246
california,-2.8278346307831246
california,-2.236298972234677
california,-2.236298972234677
california,-2.373494745025173
california,-2.373494745025173
california,-2.624268474315491
california,-2.399878966511427
california,-2.910530552610848
california,-2.624268474315491
california,-4.243986282226008
california,-4.243986282226008
california,-4.243986282226008
california,-4.908451193544317
california,-3.664416045773601
california,-3.664416045773601
california,-3.664416045773601
california,-3.664416045773601
california,-3.98899689133008
california,-3.98899689133008
california,-3.98899689133008
california,-3.98899689133008
california,-3.891649312704704
california,-3.891649312704704
california,-3.891649312704704
california,-3.891649312704704
california,-8.385446920227889
california,-8.385446920227889
california,-8.385446920227889
california,-8.385446920227889
california,-10.609939512007518
california,-10.609939512007518
colorado,-2.626832045806609
colorado,-2.626832045806609
colorado,-2.626832045806609
colorado,-2.6412847343815056
colorado,-2.5637239539067243
colorado,-2.5637239539067243
colorado,-2.5637239539067243
colorado,-2.5553120977201114
colorado,-3.394648058280687
colorado,-3.4181620527871
colorado,-3.404110030658704
colorado,-3.404110030658704
colorado,-6.260068224709949
colorado,-6.260068224709949
colorado,-6.382641653483383
colorado,-6.382641653483383
colorado,-8.24434637941121
colorado,-8.24434637941121
colorado,-8.24434637941121
colorado,-9.023829436219934
colorado,-5.553569359780369
colorado,-5.553569359780369
colorado,-5.553569359780369
colorado,-5.553569359780369
colorado,-5.19539691145242
colorado,-5.19539691145242
colorado,-5.19539691145242
colorado,-5.19539691145242
colorado,-3.937937558524172
colorado,-3.937937558524172
colorado,-3.937937558524172
colorado,-3.937937558524172
colorado,-4.877331329566928
colorado,-4.877331329566928
colorado,-4.877331329566928
colorado,-4.877331329566928
colorado,-8.237625721450861
colorado,-8.237625721450861
connecticut,-2.41633604181481
connecticut,-3.714680171995049
connecticut,-3.714680171995049
connecticut,-3.714680171995049
connecticut,-3.875768261698647
connecticut,-3.875768261698647
connecticut,-3.875768261698647
connecticut,-3.875768261698647
connecticut,-4.996642832937519
connecticut,-4.996642832937519
connecticut,-4.996642832937519
connecticut,-4.996642832937519
connecticut,-3.4371960275854314
connecticut,-3.4371960275854314
connecticut,-3.4740245586171214
connecticut,-3.4371960275854314
connecticut,-2.3654128953202473
connecticut,-2.3328654860113955
connecticut,-2.3654128953202473
connecticut,-2.4253857472489817
connecticut,-2.4151117165407108
connecticut,-2.4151117165407108
connecticut,-2.4151117165407108
connecticut,-2.4151117165407108
connecticut,-2.693504485771405
connecticut,-2.693504485771405
connecticut,-2.693504485771405
connecticut,-2.693504485771405
connecticut,-2.599389321849102
connecticut,-2.698385509531927
connecticut,-2.698385509531927
connecticut,-2.698385509531927
connecticut,-2.4375321087062316
connecticut,-2.5323764396577544
connecticut,-2.5323764396577544
connecticut,-2.5323764396577544
connecticut,-2.4792265684471073
connecticut,-2.4792265684471073
delaware,-5.485253449040521
delaware,-5.485253449040521
delaware,-5.485253449040521
delaware,-5.485253449040521
delaware,-8.320589063194044
delaware,-8.320589063194044
delaware,-7.087451201281641
delaware,-8.320589063194044
delaware,-4.320182039386481
delaware,-5.276588502471446
delaware,-4.320182039386481
delaware,-4.320182039386481
delaware,-7.538628686991153
delaware,-7.538628686991153
delaware,-7.3770094818970735
delaware,-7.3770094818970735
delaware,-6.975381942170927
delaware,-6.975381942170927
delaware,-6.975381942170927
delaware,-6.975381942170927
delaware,-3.2625619421280234
delaware,-3.1936436172461597
delaware,-3.2625619421280234
delaware,-3.1936436172461597
delaware,-2.7152575927375286
delaware,-2.7152575927375286
delaware,-2.7152575927375286
delaware,-2.6508326104173436
delaware,-3.590381529817363
delaware,-3.590381529817363
delaware,-3.707592147356548
delaware,-3.867886170179727
delaware,-5.900414849695531
delaware,-6.070867046011266
delaware,-6.070867046011266
delaware,-6.335019744866825
delaware,-18.89685357914024
delaware,-18.75676813427105
florida,-3.1405111975438236
florida,-3.020905176330983
florida,-3.020905176330983
florida,-2.9561191053027716
florida,-2.7303597035367155
florida,-2.837446384374947
florida,-2.7303597035367155
florida,-2.837446384374947
florida,-2.2881671053298565
florida,-2.19157896014786
florida,-2.2881671053298565
florida,-2.2881671053298565
florida,-2.193032307145628
florida,-2.193032307145628
florida,-2.193032307145628
florida,-2.193032307145628
florida,-2.4041872133005966
florida,-2.4041872133005966
florida,-2.4041872133005966
florida,-2.6353872784404437
florida,-2.6796581956867835
florida,-2.6796581956867835
florida,-2.6796581956867835
florida,-2.6796581956867835
florida,-2.742330372019457
florida,-2.742330372019457
florida,-2.742330372019457
florida,-3.3058471969365035
florida,-3.310770707059319
florida,-3.310770707059319
florida,-3.310770707059319
florida,-3.310770707059319
florida,-8.352515726535017
florida,-8.352515726535017
florida,-8.352515726535017
florida,-8.352515726535017
florida,-13.512958230943694
florida,-13.512958230943694
georgia,-5.037129065980534
georgia,-5.037129065980534
georgia,-5.037129065980534
georgia,-5.037129065980534
georgia,-7.048833061158438
georgia,-7.048833061158438
georgia,-7.048833061158438
georgia,-7.048833061158438
georgia,-6.732468437113225
georgia,-6.787525574277406
georgia,-6.732468437113225
georgia,-6.732468437113225
georgia,-7.393084090099836
georgia,-7.393084090099836
georgia,-7.3968735726038055
georgia,-7.3968735726038055
georgia,-7.7896789310450085
georgia,-7.7896789310450085
georgia,-7.7896789310450085
georgia,-7.9905392156146675
georgia,-7.555521925540182
georgia,-7.555521925540182
georgia,-7.810525268475732
georgia,-7.555521925540182
georgia,-7.998614750952951
georgia,-7.998614750952951
georgia,-7.998614750952951
georgia,-7.998614750952951
georgia,-8.449643447863066
georgia,-8.449643447863066
georgia,-8.449643447863066
georgia,-8.449643447863066
georgia,-4.142409800116994
georgia,-4.142409800116994
georgia,-4.142409800116994
georgia,-4.142409800116994
georgia,-7.8709505451638515
georgia,-8.381107060903256
hawaii,-5.291891644216813
hawaii,-5.291891644216813
hawaii,-4.955499281052526
hawaii,-4.955499281052526
hawaii,-3.9865878395263565
hawaii,-3.9865878395263565
hawaii,-3.9865878395263565
hawaii,-3.659085263724472
hawaii,-4.05558884159196
hawaii,-4.393592656340253
hawaii,-4.393592656340253
hawaii,-4.393592656340253
hawaii,-3.662319827117673
hawaii,-3.342231935626131
hawaii,-3.662319827117673
hawaii,-3.0841806970970835
hawaii,-3.0915833326905098
hawaii,-3.0915833326905098
hawaii,-3.0915833326905098
hawaii,-3.0915833326905098
hawaii,-7.391731241262342
hawaii,-7.391731241262342
hawaii,-7.391731241262342
hawaii,-7.391731241262342
hawaii,-5.199950964971525
hawaii,-5.199950964971525
hawaii,-5.199950964971525
hawaii,-5.199950964971525
hawaii,-3.682007887713988
hawaii,-3.682007887713988
hawaii,-3.682007887713988
hawaii,-3.682007887713988
hawaii,-3.2556349469692214
hawaii,-3.2556349469692214
hawaii,-3.2556349469692214
hawaii,-3.2556349469692214
hawaii,-5.294019960101184
hawaii,-5.294019960101184
idaho,-1.967561781465551
idaho,-1.967561781465551
idaho,-1.967561781465551
idaho,-1.937493583858219
idaho,-2.0628846440135336
idaho,-2.0628846440135336
idaho,-2.0628846440135336
idaho,-2.0628846440135336
idaho,-2.8302223868004304
idaho,-2.777238144038321
idaho,-2.8302223868004304
idaho,-2.8302223868004304
idaho,-2.2925371812582562
idaho,-2.192252215419598
idaho,-2.2925371812582562
idaho,-2.2925371812582562
idaho,-2.3381500840953966
idaho,-2.3381500840953966
idaho,-2.3381500840953966
idaho,-2.5940380840619026
idaho,-2.6173274026054854
idaho,-2.6173274026054854
idaho,-2.6173274026054854
idaho,-2.6173274026054854
idaho,-2.9584892480478078
idaho,-2.9584892480478078
idaho,-2.9584892480478078
idaho,-2.9584892480478078
idaho,-2.9345849813159206
idaho,-2.9345849813159206
idaho,-2.9345849813159206
idaho,-2.9345849813159206
idaho,-2.6306408288356713
idaho,-3.235447077029888
idaho,-3.235447077029888
idaho,-3.235447077029888
idaho,-8.242456300199237
idaho,-8.242456300199237
illinois,-10.841353016942936
illinois,-10.841353016942936
illinois,-10.841353016942936
illinois,-10.841353016942936
illinois,-11.804355109057939
illinois,-11.804355109057939
illinois,-11.804355109057939
illinois,-11.804355109057939
illinois,-11.320097824320017
illinois,-11.320097824320017
illinois,-11.320097824320017
illinois,-11.320097824320017
illinois,-7.693792783362179
illinois,-7.693792783362179
illinois,-7.693792783362179
illinois,-7.693792783362179
illinois,-2.754116054719074
illinois,-2.754116054719074
illinois,-2.7634363992625146
illinois,-2.8002391981012806
illinois,-3.121474773255205
illinois,-3.121474773255205
illinois,-3.121474773255205
illinois,-3.121474773255205
illinois,-2.438869977110611
illinois,-2.438869977110611
illinois,-2.438869977110611
illinois,-2.438869977110611
illinois,-2.688756877948382
illinois,-2.688756877948382
illinois,-2.8095960962550195
illinois,-2.8095960962550195
illinois,-7.243264975924807
illinois,-7.314934785318451
illinois,-7.314934785318451
illinois,-7.314934785318451
illinois,-8.014727170605742
illinois,-8.014727170605742
indiana,-3.5025555671892414
indiana,-3.5025555671892414
indiana,-3.5025555671892414
indiana,-3.5025555671892414
indiana,-4.037292435878143
indiana,-4.037292435878143
indiana,-4.037292435878143
indiana,-2.7603540792658467
indiana,-2.3690217929207806
indiana,-3.7493276577603845
indiana,-2.3690217929207806
indiana,-2.3690217929207806
indiana,-6.045395912581994
indiana,-6.045395912581994
indiana,-6.045395912581994
indiana,-6.045395912581994
indiana,-6.024027856133711
indiana,-6.024027856133711
indiana,-6.055016603870238
indiana,-6.055016603870238
indiana,-3.0242814317623776
indiana,-3.0242814317623776
indiana,-3.0242814317623776
indiana,-3.0242814317623776
indiana,-4.043627682828728
indiana,-4.00951851313935
indiana,-4.00951851313935
indiana,-4.00951851313935
indiana,-2.3222550771057398
indiana,-2.3222550771057398
indiana,-2.366506424310515
indiana,-2.366506424310515
indiana,-2.7453510266112344
indiana,-2.7453510266112344
indiana,-2.7453510266112344
indiana,-2.7453510266112344
indiana,-7.237515692508806
indiana,-7.237515692508806
iowa,-3.5598738046717897
iowa,-3.5598738046717897
iowa,-3.5598738046717897
iowa,-3.5598738046717897
iowa,-3.639326875820271
iowa,-3.639326875820271
iowa,-3.639326875820271
iowa,-3.639326875820271
iowa,-4.442792394918059
iowa,-4.442792394918059
iowa,-4.442792394918059
iowa,-4.442792394918059
iowa,-4.327213217150618
iowa,-4.327213217150618
iowa,-4.327213217150618
iowa,-4.327213217150618
iowa,-2.0516619808788215
iowa,-2.0516619808788215
iowa,-2.0516619808788215
iowa,-2.0516619808788215
iowa,-2.0168147171794217
iowa,-1.9484591496022756
iowa,-1.9484591496022756
iowa,-2.0168147171794217
iowa,-2.5125682722556695
iowa,-2.5125682722556695
iowa,-2.5125682722556695
iowa,-2.5125682722556695
iowa,-2.447182834568689
iowa,-2.447182834568689
iowa,-2.4713070260843133
iowa,-2.4713070260843133
iowa,-2.2841796480987333
iowa,-2.2841796480987333
iowa,-2.2925907661344436
iowa,-2.2925907661344436
iowa,-7.378336916354658
iowa,-7.270702725231965
kansas,-4.587569792558921
kansas,-4.587569792558921
kansas,-4.587569792558921
kansas,-4.587569792558921
kansas,-4.3655753969128845
kansas,-4.3655753969128845
kansas,-4.3655753969128845
kansas,-4.3655753969128845
kansas,-4.315531029246042
kansas,-4.315531029246042
kansas,-4.315531029246042
kansas,-4.315531029246042
kansas,-4.563951228984559
kansas,-4.563951228984559
kansas,-2.8033775605592597
kansas,-2.8033775605592597
kansas,-3.3080475378943848
kansas,-3.1703792325623215
kansas,-3.1703792325623215
kansas,-3.1703792325623215
kansas,-7.758953338631807
kansas,-7.758953338631807
kansas,-7.817206287396413
kansas,-7.817206287396413
kansas,-2.4282199166851415
kansas,-2.4282199166851415
kansas,-2.4575989595553924
kansas,-2.4282199166851415
kansas,-2.6785959426210257
kansas,-2.640066316680642
kansas,-2.640066316680642
kansas,-2.6785959426210257
kansas,-3.0712642792628353
kansas,-3.205239342594362
kansas,-3.0249678410545924
kansas,-3.0249678410545924
kansas,-2.4088034470034088
kansas,-2.4315021669237598
kentucky,-3.6860395975490468
kentucky,-3.6860395975490468
kentucky,-3.6860395975490468
kentucky,-3.6860395975490468
kentucky,-3.6382115713604954
kentucky,-3.6382115713604954
kentucky,-2.009182253241097
kentucky,-3.6382115713604954
kentucky,-4.2426794606141325
kentucky,-4.2426794606141325
kentucky,-2.4970117908450233
kentucky,-4.2426794606141325
kentucky,-2.2727211340523317
kentucky,-2.2727211340523317
kentucky,-2.2504036726684746
kentucky,-2.2727211340523317
kentucky,-2.550017001485842
kentucky,-2.550017001485842
kentucky,-2.550017001485842
kentucky,-2.550017001485842
kentucky,-2.1888603067730696
kentucky,-2.1888603067730696
kentucky,-2.1888603067730696
kentucky,-2.1888603067730696
kentucky,-1.9506404337200705
kentucky,-1.92104726355581
kentucky,-1.92104726355581
kentucky,-1.92104726355581
kentucky,-2.2868889224072375
kentucky,-2.2868889224072375
kentucky,-2.2911322731876655
kentucky,-2.2911322731876655
kentucky,-2.4135015758357152
kentucky,-2.4144424058367235
kentucky,-2.4144424058367235
kentucky,-2.4144424058367235
kentucky,-2.3546727708313213
kentucky,-2.3546727708313213
louisiana,-4.942063073256673
louisiana,-4.942063073256673
louisiana,-4.942063073256673
louisiana,-4.942063073256673
louisiana,-4.447050606789721
louisiana,-4.447050606789721
louisiana,-4.447050606789721
louisiana,-2.591736973296307
louisiana,-4.276573214701174
louisiana,-4.276573214701174
louisiana,-2.445960431325391
louisiana,-2.445960431325391
louisiana,-2.523427591761218
louisiana,-2.4370072462791517
louisiana,-2.4370072462791517
louisiana,-2.4370072462791517
louisiana,-2.136292956657233
louisiana,-2.136292956657233
louisiana,-2.136292956657233
louisiana,-2.136292956657233
louisiana,-2.004731096649159
louisiana,-2.0193894213354464
louisiana,-2.0193894213354464
louisiana,-2.004731096649159
louisiana,-7.150609888679786
louisiana,-7.195958394772993
louisiana,-7.150609888679786
louisiana,-7.496094528138188
louisiana,-3.2440888181331347
louisiana,-3.1218736578675625
louisiana,-3.1218736578675625
louisiana,-3.1218736578675625
louisiana,-4.299555945923064
louisiana,-4.232715094030362
louisiana,-4.232715094030362
louisiana,-4.232715094030362
louisiana,-2.2468291502884887
louisiana,-2.2468291502884887
maine,-2.128168816433528
maine,-3.524302622541162
maine,-2.128168816433528
maine,-3.524302622541162
maine,-2.076420863911388
maine,-2.076420863911388
maine,-2.076420863911388
maine,-2.076420863911388
maine,-2.1926739118493
maine,-2.1926739118493
maine,-2.1926739118493
maine,-2.1542800552002843
maine,-2.2129544724821573
maine,-2.240185325999588
maine,-2.240185325999588
maine,-2.240185325999588
maine,-1.9867617862474292
maine,-1.9867617862474292
maine,-1.9867617862474292
maine,-2.0723254988940556
maine,-2.1857874496507854
maine,-2.2870225551999703
maine,-2.2870225551999703
maine,-2.2870225551999703
maine,-2.3693989105191697
maine,-2.3693989105191697
maine,-2.3693989105191697
maine,-2.3693989105191697
maine,-2.3242983306170646
maine,-2.3242983306170646
maine,-2.571700127221895
maine,-2.571700127221895
maine,-2.6024418533993474
maine,-2.6024418533993474
maine,-2.6024418533993474
maine,-2.846660994200871
maine,-7.210383503878605
maine,-7.210383503878605
maryland,-2.217514654177194
maryland,-2.217514654177194
maryland,-2.217514654177194
maryland,-2.217514654177194
maryland,-2.142495515426778
maryland,-2.142495515426778
maryland,-2.142495515426778
maryland,-2.142495515426778
maryland,-2.5342575024665117
maryland,-2.4271609076847405
maryland,-2.5342575024665117
maryland,-2.5342575024665117
maryland,-2.194536413293161
maryland,-2.3722863411111073
maryland,-2.3722863411111073
maryland,-2.194536413293161
maryland,-2.5234653674210166
maryland,-2.5234653674210166
maryland,-2.5234653674210166
maryland,-2.763661870142377
maryland,-2.8994712138809278
maryland,-2.8994712138809278
maryland,-2.8994712138809278
maryland,-2.8994712138809278
maryland,-3.470980319798366
maryland,-3.470980319798366
maryland,-3.470980319798366
maryland,-3.470980319798366
maryland,-3.2905768760319796
maryland,-3.2905768760319796
maryland,-3.2905768760319796
maryland,-3.2905768760319796
maryland,-3.249598448187474
maryland,-3.249598448187474
maryland,-3.249598448187474
maryland,-3.249598448187474
maryland,-8.357492184384427
maryland,-8.357492184384427
massachusetts,-3.984478236234931
massachusetts,-3.984478236234931
massachusetts,-3.984478236234931
massachusetts,-3.984478236234931
massachusetts,-3.885979991500029
massachusetts,-3.885979991500029
massachusetts,-3.885979991500029
massachusetts,-3.885979991500029
massachusetts,-3.7569484001160194
massachusetts,-3.7569484001160194
massachusetts,-3.7569484001160194
massachusetts,-3.7569484001160194
massachusetts,-2.102376643451138
massachusetts,-2.102376643451138
massachusetts,-2.102376643451138
massachusetts,-2.102376643451138
massachusetts,-2.0169152591499384
massachusetts,-2.0169152591499384
massachusetts,-2.0169152591499384
massachusetts,-2.026669561904791
massachusetts,-2.260716386643586
massachusetts,-2.260716386643586
massachusetts,-2.260716386643586
massachusetts,-2.3011182122104574
massachusetts,-2.4070784618106202
massachusetts,-2.4070784618106202
massachusetts,-2.32501674221488
massachusetts,-2.4070784618106202
massachusetts,-2.6422183027127244
massachusetts,-2.6422183027127244
massachusetts,-2.6422183027127244
massachusetts,-2.6422183027127244
massachusetts,-2.8385481000790818
massachusetts,-2.9084052270648226
massachusetts,-2.9084052270648226
massachusetts,-2.9084052270648226
massachusetts,-3.7039589371445683
massachusetts,-3.7039589371445683
michigan,-4.2203294772686295
michigan,-4.2203294772686295
michigan,-4.2203294772686295
michigan,-4.2203294772686295
michigan,-4.565939979585925
michigan,-4.565939979585925
michigan,-2.719547128124984
michigan,-2.719547128124984
michigan,-7.648856679469444
michigan,-7.648856679469444
michigan,-7.648856679469444
michigan,-7.648856679469444
michigan,-4.326852879644985
michigan,-4.331012430188493
michigan,-4.331012430188493
michigan,-4.331012430188493
michigan,-2.5367204046303256
michigan,-2.5590736197504738
michigan,-2.5590736197504738
michigan,-2.6256921999264735
michigan,-2.1236654309220997
michigan,-2.1236654309220997
michigan,-2.244556886166724
michigan,-2.1236654309220997
michigan,-2.696010376537982
michigan,-2.696010376537982
michigan,-2.696010376537982
michigan,-2.696010376537982
michigan,-2.6651825244525926
michigan,-2.83705284588366
michigan,-2.83705284588366
michigan,-2.83705284588366
michigan,-7.3755352494210324
michigan,-7.540243495853591
michigan,-7.540243495853591
michigan,-7.540243495853591
michigan,-9.231395316988225
michigan,-9.231395316988225
minnesota,-4.3777303644957
minnesota,-4.3777303644957
minnesota,-4.3777303644957
minnesota,-4.3777303644957
minnesota,-4.1275879136489015
minnesota,-4.1275879136489015
minnesota,-4.1275879136489015
minnesota,-4.1275879136489015
minnesota,-3.7630005826732353
minnesota,-3.7630005826732353
minnesota,-2.176723227457071
minnesota,-2.176723227457071
minnesota,-2.0086592245985377
minnesota,-1.9732114753210812
minnesota,-1.9732114753210812
minnesota,-2.0086592245985377
minnesota,-2.1985308668007733
minnesota,-2.2257597773702966
minnesota,-2.2257597773702966
minnesota,-2.280419959145351
minnesota,-2.4162847751001673
minnesota,-2.4162847751001673
minnesota,-2.558269652695228
minnesota,-2.4162847751001673
minnesota,-2.447643397900593
minnesota,-2.447643397900593
minnesota,-2.447643397900593
minnesota,-2.447643397900593
minnesota,-3.9248881218114358
minnesota,-4.197017509674149
minnesota,-4.197017509674149
minnesota,-4.197017509674149
minnesota,-2.908891807836224
minnesota,-2.908891807836224
minnesota,-2.908891807836224
minnesota,-2.908891807836224
minnesota,-7.418946423694552
minnesota,-7.418946423694552
mississippi,-5.900059002152915
mississippi,-5.900059002152915
mississippi,-5.900059002152915
mississippi,-5.900059002152915
mississippi,-6.862532200691477
mississippi,-6.862532200691477
mississippi,-6.862532200691477
mississippi,-6.862532200691477
mississippi,-7.9307679647716345
mississippi,-7.9307679647716345
mississippi,-7.9307679647716345
mississippi,-7.740233249519989
mississippi,-7.4617400803461
mississippi,-7.395598334560484
mississippi,-7.395598334560484
mississippi,-7.395598334560484
mississippi,-5.089105379341938
mississippi,-5.089105379341938
mississippi,-5.089105379341938
mississippi,-5.07625839315362
mississippi,-7.525563696483892
mississippi,-7.525563696483892
mississippi,-7.525563696483892
mississippi,-7.555501944194378
mississippi,-7.431034642474189
mississippi,-7.431034642474189
mississippi,-7.431034642474189
mississippi,-7.71553949734403
mississippi,-7.783385151444661
mississippi,-7.722889863956559
mississippi,-7.704055496984332
mississippi,-7.704055496984332
mississippi,-3.361400911366708
mississippi,-3.361400911366708
mississippi,-3.361400911366708
mississippi,-3.361400911366708
mississippi,-5.918756557449656
mississippi,-5.918756557449656
missouri,-4.439755941723277
missouri,-4.439755941723277
missouri,-4.439755941723277
missouri,-4.439755941723277
missouri,-3.747017720040695
missouri,-3.747017720040695
missouri,-3.747017720040695
missouri,-3.747017720040695
missouri,-5.38274734600199
missouri,-5.38274734600199
missouri,-3.601864601305606
missouri,-5.38274734600199
missouri,-2.4466655455356094
missouri,-2.4466655455356094
missouri,-2.4466655455356094
missouri,-2.4466655455356094
missouri,-2.167059660726096
missouri,-2.167059660726096
missouri,-2.167059660726096
missouri,-2.1551726061080174
missouri,-1.9804729695228038
missouri,-1.9804729695228038
missouri,-2.0209204040641255
missouri,-1.9804729695228038
missouri,-2.025355958540448
missouri,-2.025355958540448
missouri,-2.025355958540448
missouri,-2.025355958540448
missouri,-1.9470534345725414
missouri,-1.9470534345725414
missouri,-2.024328649195298
missouri,-2.024328649195298
missouri,-4.592071134051083
missouri,-4.718502955144209
missouri,-4.718502955144209
missouri,-4.718502955144209
missouri,-7.719695470192344
missouri,-7.719695470192344
montana,-1.9227502955810698
montana,-1.9206797733783318
montana,-1.9206797733783318
montana,-1.9206797733783318
montana,-2.9974812641807644
montana,-3.071865610082529
montana,-3.071865610082529
montana,-3.071865610082529
montana,-2.1450738608199806
montana,-2.1450738608199806
montana,-2.1450738608199806
montana,-2.1450738608199806
montana,-3.5500708575510465
montana,-3.5500708575510465
montana,-3.5500708575510465
montana,-3.5500708575510465
montana,-3.0355050767942857
montana,-3.0931818332338565
montana,-3.0931818332338565
montana,-3.0931818332338565
montana,-2.9088283301604654
montana,-3.0529171833413953
montana,-3.0529171833413953
montana,-3.0529171833413953
montana,-4.335159366643775
montana,-4.335159366643775
montana,-4.335159366643775
montana,-4.335159366643775
montana,-3.145646491392144
montana,-3.34093221781362
montana,-3.34093221781362
montana,-3.34093221781362
montana,-3.415338363586151
montana,-3.415338363586151
montana,-3.415338363586151
montana,-3.415338363586151
montana,-4.403259435787014
montana,-4.403259435787014
nebraska,-3.8241847357038496
nebraska,-3.8241847357038496
nebraska,-3.8241847357038496
nebraska,-3.8241847357038496
nebraska,-4.4770033050128655
nebraska,-4.4770033050128655
nebraska,-4.4770033050128655
nebraska,-4.4770033050128655
nebraska,-4.462267284661768
nebraska,-4.462267284661768
nebraska,-4.462267284661768
nebraska,-4.462267284661768
nebraska,-4.114701056034907
nebraska,-4.114701056034907
nebraska,-4.114701056034907
nebraska,-4.114701056034907
nebraska,-4.253845202512167
nebraska,-4.253845202512167
nebraska,-4.253845202512167
nebraska,-2.607260503172766
nebraska,-2.075157159693216
nebraska,-1.9986849526270898
nebraska,-1.9986849526270898
nebraska,-1.9986849526270898
nebraska,-2.2747397092910098
nebraska,-2.2747397092910098
nebraska,-2.2480856307094803
nebraska,-2.2480856307094803
nebraska,-2.442398687034342
nebraska,-2.442398687034342
nebraska,-2.442398687034342
nebraska,-2.442398687034342
nebraska,-7.578833008619386
nebraska,-7.578833008619386
nebraska,-7.578833008619386
nebraska,-7.4531742679119315
nebraska,-8.316076319401471
nebraska,-8.316076319401471
nevada,-7.287554823409359
nevada,-7.287554823409359
nevada,-7.259993690915355
nevada,-7.354117738666559
nevada,-7.391907890818887
nevada,-7.391907890818887
nevada,-7.391907890818887
nevada,-7.374849239133617
nevada,-7.330945974280881
nevada,-7.326713832634005
nevada,-7.330945974280881
nevada,-7.330945974280881
nevada,-4.0598193553105775
nevada,-4.3120904624494285
nevada,-4.3120904624494285
nevada,-4.3120904624494285
nevada,-7.326504165324075
nevada,-7.326504165324075
nevada,-7.326504165324075
nevada,-7.4987545635966235
nevada,-7.49995109092974
nevada,-7.49995109092974
nevada,-7.49995109092974
nevada,-7.49995109092974
nevada,-2.876002001099328
nevada,-2.876002001099328
nevada,-3.4782706200508517
nevada,-3.4782706200508517
nevada,-4.2865263199132
nevada,-4.2865263199132
nevada,-4.2865263199132
nevada,-4.2865263199132
nevada,-8.233052187834609
nevada,-8.233052187834609
nevada,-8.233052187834609
nevada,-8.233052187834609
nevada,-8.34694247349631
nevada,-8.34694247349631
new hampshire,-2.401274593173304
new hampshire,-3.9344897533539345
new hampshire,-2.401274593173304
new hampshire,-3.9344897533539345
new hampshire,-2.2544236219237517
new hampshire,-2.2544236219237517
new hampshire,-2.2544236219237517
new hampshire,-2.2544236219237517
new hampshire,-3.033990055955837
new hampshire,-3.033990055955837
new hampshire,-3.033990055955837
new hampshire,-3.033990055955837
new hampshire,-3.8676184746735585
new hampshire,-3.8676184746735585
new hampshire,-3.9401571434546465
new hampshire,-3.9401571434546465
new hampshire,-3.128976965118549
new hampshire,-3.128976965118549
new hampshire,-3.277727470205451
new hampshire,-3.277727470205451
new hampshire,-4.199874118119061
new hampshire,-4.199874118119061
new hampshire,-4.199874118119061
new hampshire,-4.199874118119061
new hampshire,-4.031633702424234
new hampshire,-4.031633702424234
new hampshire,-3.771794038821581
new hampshire,-4.031633702424234
new hampshire,-3.706171045136269
new hampshire,-3.706171045136269
new hampshire,-3.706171045136269
new hampshire,-3.706171045136269
new hampshire,-3.2869114607229104
new hampshire,-3.2869114607229104
new hampshire,-3.2869114607229104
new hampshire,-3.8015596339542297
new hampshire,-3.7712472360417584
new hampshire,-3.7712472360417584
new jersey,-2.491704662457714
new jersey,-4.090245659702741
new jersey,-4.090245659702741
new jersey,-4.090245659702741
new jersey,-3.9742701190749945
new jersey,-3.9742701190749945
new jersey,-3.9742701190749945
new jersey,-3.9742701190749945
new jersey,-3.927866693435104
new jersey,-3.927866693435104
new jersey,-2.328359446270892
new jersey,-2.328359446270892
new jersey,-2.4679780337514243
new jersey,-2.4438512746221366
new jersey,-2.4438512746221366
new jersey,-2.4438512746221366
new jersey,-2.8652291984475875
new jersey,-2.8652291984475875
new jersey,-2.8773106550316614
new jersey,-2.8773106550316614
new jersey,-2.998168161896468
new jersey,-2.998168161896468
new jersey,-3.1003816598275598
new jersey,-2.998168161896468
new jersey,-2.918417393186293
new jersey,-2.918417393186293
new jersey,-2.918417393186293
new jersey,-3.079645052843406
new jersey,-2.92843530322907
new jersey,-2.92843530322907
new jersey,-3.13452387404975
new jersey,-2.92843530322907
new jersey,-2.8874453567262344
new jersey,-3.0862749430130174
new jersey,-3.0862749430130174
new jersey,-3.0862749430130174
new jersey,-2.686844968339698
new jersey,-2.686844968339698
new mexico,-2.1272711035865646
new mexico,-2.1272711035865646
new mexico,-2.1272711035865646
new mexico,-2.103720380899183
new mexico,-1.9780849012054502
new mexico,-2.040478419195597
new mexico,-1.9780849012054502
new mexico,-1.9780849012054502
new mexico,-2.137313462385516
new mexico,-2.051361082889757
new mexico,-2.137313462385516
new mexico,-2.137313462385516
new mexico,-2.0182631026017104
new mexico,-2.128527540348897
new mexico,-2.128527540348897
new mexico,-2.128527540348897
new mexico,-2.165697675099888
new mexico,-2.165697675099888
new mexico,-2.165697675099888
new mexico,-2.3558646623921766
new mexico,-2.360667146906463
new mexico,-2.360667146906463
new mexico,-2.360667146906463
new mexico,-2.1612956368390015
new mexico,-2.830637286528049
new mexico,-2.830637286528049
new mexico,-2.830637286528049
new mexico,-2.830637286528049
new mexico,-2.7568854925717754
new mexico,-2.7568854925717754
new mexico,-2.7568854925717754
new mexico,-2.7568854925717754
new mexico,-2.4517489650891013
new mexico,-2.4517489650891013
new mexico,-2.4517489650891013
new mexico,-2.4517489650891013
new mexico,-7.4012549260947464
new mexico,-7.644238989213763
new york,-4.199998963310514
new york,-4.199998963310514
new york,-4.199998963310514
new york,-4.199998963310514
new york,-4.082933804454414
new york,-4.082933804454414
new york,-4.082933804454414
new york,-4.082933804454414
new york,-4.344690950103026
new york,-4.344690950103026
new york,-4.344690950103026
new york,-4.344690950103026
new york,-5.68887131556179
new york,-5.68887131556179
new york,-5.68887131556179
new york,-5.68887131556179
new york,-5.032609295970994
new york,-5.032609295970994
new york,-5.032609295970994
new york,-5.032609295970994
new york,-3.605935190327268
new york,-3.605935190327268
new york,-3.605935190327268
new york,-3.605935190327268
new york,-3.428473797175347
new york,-3.428473797175347
new york,-3.428473797175347
new york,-3.428473797175347
new york,-2.9886861407101657
new york,-2.891002474338025
new york,-2.891002474338025
new york,-2.891002474338025
new york,-6.30177008823723
new york,-6.1155050170062
new york,-6.1155050170062
new york,-6.0405901938349436
new york,-7.59923320576034
new york,-7.343840005412595
north carolina,-2.317226404654674
north carolina,-2.317226404654674
north carolina,-2.317226404654674
north carolina,-2.317226404654674
north carolina,-1.9662558672405115
north carolina,-1.9662558672405115
north carolina,-1.9662558672405115
north carolina,-1.9662558672405115
north carolina,-2.04299171549048
north carolina,-2.04299171549048
north carolina,-2.0553735517663205
north carolina,-2.0553735517663205
north carolina,-2.17412634001202
north carolina,-2.2600443904733627
north carolina,-2.2600443904733627
north carolina,-2.2600443904733627
north carolina,-2.2026344370878053
north carolina,-2.2026344370878053
north carolina,-2.2026344370878053
north carolina,-2.2026344370878053
north carolina,-2.2096546119361404
north carolina,-2.4017763200596334
north carolina,-2.4017763200596334
north carolina,-2.2096546119361404
north carolina,-2.383202727229216
north carolina,-2.383202727229216
north carolina,-2.383202727229216
north carolina,-2.383202727229216
north carolina,-2.4727887094626984
north carolina,-2.4727887094626984
north carolina,-2.4727887094626984
north carolina,-2.4727887094626984
north carolina,-2.343190625568578
north carolina,-2.343190625568578
north carolina,-2.5924031964134233
north carolina,-2.5924031964134233
north carolina,-7.577477702439788
north carolina,-7.577477702439788
north dakota,-3.613946377238876
north dakota,-3.613946377238876
north dakota,-3.613946377238876
north dakota,-3.613946377238876
north dakota,-3.548706506560645
north dakota,-3.548706506560645
north dakota,-3.548706506560645
north dakota,-3.548706506560645
north dakota,-3.809982603605342
north dakota,-3.809982603605342
north dakota,-3.809982603605342
north dakota,-3.809982603605342
north dakota,-5.402834597408688
north dakota,-5.402834597408688
north dakota,-5.402834597408688
north dakota,-5.402834597408688
north dakota,-4.616446332268505
north dakota,-4.616446332268505
north dakota,-4.616446332268505
north dakota,-3.395703089346095
north dakota,-2.078395640773969
north dakota,-2.078395640773969
north dakota,-3.6451785407149573
north dakota,-3.6451785407149573
north dakota,-2.5470354837781137
north dakota,-4.232210648259476
north dakota,-4.232210648259476
north dakota,-2.5470354837781137
north dakota,-11.178281248504309
north dakota,-8.25149888457064
north dakota,-8.25149888457064
north dakota,-8.25149888457064
north dakota,-4.059313060896881
north dakota,-2.270176408491077
north dakota,-4.059313060896881
north dakota,-4.059313060896881
north dakota,-3.510350148297756
north dakota,-3.510350148297756
ohio,-3.7895368787631196
ohio,-3.7895368787631196
ohio,-3.7895368787631196
ohio,-3.7895368787631196
ohio,-3.606008535539662
ohio,-2.1122004766839404
ohio,-2.1122004766839404
ohio,-2.1122004766839404
ohio,-2.208075025604153
ohio,-2.208075025604153
ohio,-2.208075025604153
ohio,-2.208075025604153
ohio,-2.103763113226402
ohio,-2.103763113226402
ohio,-2.103763113226402
ohio,-2.103763113226402
ohio,-7.154059061764338
ohio,-7.154059061764338
ohio,-7.115766144769735
ohio,-7.115766144769735
ohio,-7.188267885197564
ohio,-7.188267885197564
ohio,-7.144928203073818
ohio,-7.188267885197564
ohio,-4.788720520582649
ohio,-4.788720520582649
ohio,-4.673335917655016
ohio,-4.788720520582649
ohio,-3.578918934257029
ohio,-3.578918934257029
ohio,-3.578918934257029
ohio,-3.578918934257029
ohio,-6.978729885078848
ohio,-6.978729885078848
ohio,-6.978729885078848
ohio,-6.978729885078848
ohio,-8.408674504345557
ohio,-8.408674504345557
oklahoma,-6.156202277655039
oklahoma,-6.156202277655039
oklahoma,-6.156202277655039
oklahoma,-6.156202277655039
oklahoma,-5.466209473472678
oklahoma,-5.466209473472678
oklahoma,-5.466209473472678
oklahoma,-5.466209473472678
oklahoma,-10.047606952652814
oklahoma,-10.047606952652814
oklahoma,-7.6343132662448845
oklahoma,-10.047606952652814
oklahoma,-6.842083042855788
oklahoma,-6.842083042855788
oklahoma,-6.842083042855788
oklahoma,-6.798954156240895
oklahoma,-7.758937901227614
oklahoma,-7.661584788714032
oklahoma,-7.661584788714032
oklahoma,-7.661584788714032
oklahoma,-8.015248213170329
oklahoma,-8.015248213170329
oklahoma,-8.015248213170329
oklahoma,-7.966429327391685
oklahoma,-7.641094615971426
oklahoma,-7.641094615971426
oklahoma,-7.641094615971426
oklahoma,-7.641094615971426
oklahoma,-4.945133528420828
oklahoma,-4.9416022326656295
oklahoma,-4.9416022326656295
oklahoma,-4.9416022326656295
oklahoma,-3.5670834764666335
oklahoma,-3.5670834764666335
oklahoma,-3.5670834764666335
oklahoma,-3.5670834764666335
oklahoma,-3.6592030171637595
oklahoma,-3.6592030171637595
oregon,-2.2040498869973266
oregon,-2.2209656595405156
oregon,-2.2040498869973266
oregon,-2.2040498869973266
oregon,-2.1172948623259904
oregon,-2.1172948623259904
oregon,-2.1172948623259904
oregon,-2.1172948623259904
oregon,-2.23557198313309
oregon,-2.1858713454983274
oregon,-2.23557198313309
oregon,-2.23557198313309
oregon,-2.2504147172704454
oregon,-2.2504147172704454
oregon,-2.4353176449732876
oregon,-2.2504147172704454
oregon,-5.164672975288417
oregon,-5.164672975288417
oregon,-5.164672975288417
oregon,-5.315244891611441
oregon,-4.1077082327113805
oregon,-4.1077082327113805
oregon,-4.1077082327113805
oregon,-4.1077082327113805
oregon,-3.4744205124652576
oregon,-3.4744205124652576
oregon,-3.4744205124652576
oregon,-3.4744205124652576
oregon,-3.3748480130610243
oregon,-3.913193938333747
oregon,-3.913193938333747
oregon,-3.913193938333747
oregon,-3.997889476255731
oregon,-3.997889476255731
oregon,-3.997889476255731
oregon,-3.997889476255731
oregon,-3.3389558349857236
oregon,-3.3389558349857236
pennsylvania,-3.5565801781883897
pennsylvania,-3.5565801781883897
pennsylvania,-3.5565801781883897
pennsylvania,-3.5565801781883897
pennsylvania,-3.863960481244368
pennsylvania,-3.863960481244368
pennsylvania,-3.863960481244368
pennsylvania,-3.863960481244368
pennsylvania,-4.914643388852804
pennsylvania,-4.914643388852804
pennsylvania,-4.914643388852804
pennsylvania,-4.914643388852804
pennsylvania,-4.287573461205323
pennsylvania,-4.287573461205323
pennsylvania,-3.1078105960849207
pennsylvania,-3.1078105960849207
pennsylvania,-3.1017662079965884
pennsylvania,-3.1017662079965884
pennsylvania,-3.1017662079965884
pennsylvania,-3.1165687519222716
pennsylvania,-2.5973245578006012
pennsylvania,-2.5973245578006012
pennsylvania,-2.5973245578006012
pennsylvania,-2.5973245578006012
pennsylvania,-2.002558474486322
pennsylvania,-2.002558474486322
pennsylvania,-1.9932706696535853
pennsylvania,-2.002558474486322
pennsylvania,-4.76820326660464
pennsylvania,-4.76820326660464
pennsylvania,-4.8506251887272
pennsylvania,-4.8506251887272
pennsylvania,-7.32537745335578
pennsylvania,-7.277745052844667
pennsylvania,-7.277745052844667
pennsylvania,-7.277745052844667
pennsylvania,-7.918008177980766
pennsylvania,-7.918008177980766
rhode island,-2.293898484665588
rhode island,-2.3945446925623703
rhode island,-2.3945446925623703
rhode island,-2.3945446925623703
rhode island,-2.4145354882046735
rhode island,-2.4145354882046735
rhode island,-2.3168566004176245
rhode island,-2.3168566004176245
rhode island,-2.9820753389181145
rhode island,-3.113607255843951
rhode island,-2.9820753389181145
rhode island,-2.9820753389181145
rhode island,-2.3039111754078307
rhode island,-2.3039111754078307
rhode island,-2.3039111754078307
rhode island,-2.3039111754078307
rhode island,-3.3938899257310897
rhode island,-3.3938899257310897
rhode island,-3.3938899257310897
rhode island,-3.399004678790727
rhode island,-3.3850488946664967
rhode island,-3.3850488946664967
rhode island,-3.3850488946664967
rhode island,-3.3850488946664967
rhode island,-4.859559069024728
rhode island,-4.859559069024728
rhode island,-4.859559069024728
rhode island,-5.030783184416626
rhode island,-6.084656850477825
rhode island,-6.084656850477825
rhode island,-6.084656850477825
rhode island,-6.084656850477825
rhode island,-5.192967938723271
rhode island,-5.192967938723271
rhode island,-5.6730485759538265
rhode island,-5.192967938723271
rhode island,-8.347087576368457
rhode island,-9.133469537057843
south carolina,-2.495877057577668
south carolina,-2.495877057577668
south carolina,-2.495877057577668
south carolina,-2.495877057577668
south carolina,-2.0915141750685917
south carolina,-2.0915141750685917
south carolina,-2.0915141750685917
south carolina,-2.0915141750685917
south carolina,-2.297658888218988
south carolina,-2.297658888218988
south carolina,-2.3535031754108187
south carolina,-2.3535031754108187
south carolina,-2.608151831434233
south carolina,-2.608151831434233
south carolina,-2.7652627457623415
south carolina,-2.7652627457623415
south carolina,-2.765799669913053
south carolina,-2.765799669913053
south carolina,-2.765799669913053
south carolina,-3.013634630191623
south carolina,-2.8157635794702225
south carolina,-2.8157635794702225
south carolina,-2.8157635794702225
south carolina,-2.8157635794702225
south carolina,-2.73097905693179
south carolina,-2.73097905693179
south carolina,-2.73097905693179
south carolina,-2.73097905693179
south carolina,-2.624922717863749
south carolina,-2.8953834568752277
south carolina,-2.8953834568752277
south carolina,-2.8953834568752277
south carolina,-2.928781295066227
south carolina,-2.928781295066227
south carolina,-2.928781295066227
south carolina,-2.928781295066227
south carolina,-7.595803126259432
south carolina,-7.595803126259432
south dakota,-11.819093338473776
south dakota,-11.819093338473776
south dakota,-11.819093338473776
south dakota,-11.819093338473776
south dakota,-11.096956824444607
south dakota,-11.096956824444607
south dakota,-11.096956824444607
south dakota,-11.096956824444607
south dakota,-11.252515096369473
south dakota,-11.252515096369473
south dakota,-7.700392652098977
south dakota,-7.700392652098977
south dakota,-7.386516519984763
south dakota,-7.386516519984763
south dakota,-7.26223013554206
south dakota,-7.26223013554206
south dakota,-7.170291144463878
south dakota,-7.170291144463878
south dakota,-7.14717544596654
south dakota,-7.189109506771429
south dakota,-2.9903431860742455
south dakota,-2.9903431860742455
south dakota,-3.2388093778715303
south dakota,-2.9903431860742455
south dakota,-7.148822428039336
south dakota,-7.270883137615683
south dakota,-7.270883137615683
south dakota,-7.270883137615683
south dakota,-7.262687571092069
south dakota,-7.262687571092069
south dakota,-7.515325335432759
south dakota,-7.342086294638382
south dakota,-7.382530433887037
south dakota,-7.382530433887037
south dakota,-7.382530433887037
south dakota,-7.369476610336052
south dakota,-7.5128331852302255
south dakota,-7.5128331852302255
tennessee,-2.952122936723529
tennessee,-2.952122936723529
tennessee,-2.952122936723529
tennessee,-4.1213677422732795
tennessee,-2.2593849590151454
tennessee,-2.2593849590151454
tennessee,-2.2593849590151454
tennessee,-2.2593849590151454
tennessee,-2.514284338376972
tennessee,-2.514284338376972
tennessee,-2.518607140222764
tennessee,-2.518607140222764
tennessee,-3.269635670094031
tennessee,-3.269635670094031
tennessee,-3.323593088044518
tennessee,-3.323593088044518
tennessee,-2.663484500262503
tennessee,-2.663484500262503
tennessee,-2.663484500262503
tennessee,-2.663484500262503
tennessee,-2.1818177381490047
tennessee,-2.1818177381490047
tennessee,-2.1818177381490047
tennessee,-2.1818177381490047
tennessee,-2.245831610551319
tennessee,-2.1467591027366364
tennessee,-2.1467591027366364
tennessee,-2.245831610551319
tennessee,-2.240229644057991
tennessee,-2.2923500603105142
tennessee,-2.2923500603105142
tennessee,-2.240229644057991
tennessee,-2.1221682539069673
tennessee,-2.1221682539069673
tennessee,-2.1221682539069673
tennessee,-2.1221682539069673
tennessee,-7.1573492692757545
tennessee,-7.20209078711441
texas,-4.1570110325792795
texas,-4.1570110325792795
texas,-4.1570110325792795
texas,-4.1570110325792795
texas,-4.320022909586156
texas,-4.320022909586156
texas,-4.320022909586156
texas,-4.320022909586156
texas,-6.674763052455984
texas,-6.674763052455984
texas,-6.674763052455984
texas,-6.674763052455984
texas,-9.159868909483054
texas,-9.159868909483054
texas,-7.394408477696148
texas,-7.394408477696148
texas,-4.7948402754109365
texas,-4.7948402754109365
texas,-4.7948402754109365
texas,-4.852736299777889
texas,-2.892817304135387
texas,-2.892817304135387
texas,-2.892817304135387
texas,-2.892817304135387
texas,-3.5168480161208664
texas,-3.5168480161208664
texas,-3.5168480161208664
texas,-3.5168480161208664
texas,-2.3145527802877925
texas,-2.307345394295475
texas,-2.307345394295475
texas,-2.3145527802877925
texas,-7.609453262375903
texas,-7.338741532105793
texas,-7.338741532105793
texas,-7.338741532105793
texas,-7.984400174499035
texas,-7.984400174499035
utah,-8.039833714341832
utah,-8.039833714341832
utah,-8.039833714341832
utah,-8.171185007274646
utah,-3.5959346426470296
utah,-3.6827175440562185
utah,-3.6827175440562185
utah,-3.6827175440562185
utah,-6.934022879559361
utah,-6.886596303966039
utah,-6.934022879559361
utah,-6.934022879559361
utah,-3.261628262418901
utah,-2.960751906342577
utah,-3.261628262418901
utah,-3.089717537536668
utah,-3.5176083393272193
utah,-3.5176083393272193
utah,-3.645356248684741
utah,-3.8351232476824455
utah,-7.633217668558909
utah,-7.633217668558909
utah,-7.633217668558909
utah,-7.633217668558909
utah,-8.470908788998829
utah,-8.470908788998829
utah,-8.470908788998829
utah,-8.470908788998829
utah,-9.014266206200949
utah,-9.014266206200949
utah,-9.014266206200949
utah,-9.014266206200949
utah,-11.219062384429732
utah,-11.219062384429732
utah,-11.219062384429732
utah,-11.44278979429297
utah,-30.32818901393668
utah,-30.32818901393668
vermont,-2.3493198870935794
vermont,-3.782391394562885
vermont,-2.3493198870935794
vermont,-3.782391394562885
vermont,-2.1284745227305333
vermont,-2.1284745227305333
vermont,-3.7626866477845455
vermont,-2.1284745227305333
vermont,-2.1482714336564985
vermont,-2.1482714336564985
vermont,-2.1482714336564985
vermont,-2.1482714336564985
vermont,-1.9850360959004014
vermont,-1.9747463218062185
vermont,-1.9747463218062185
vermont,-1.9850360959004014
vermont,-2.278005121941254
vermont,-2.278005121941254
vermont,-2.279398160727176
vermont,-2.279398160727176
vermont,-2.415664035454064
vermont,-2.377052316592514
vermont,-2.3770932857023244
vermont,-2.415664035454064
vermont,-2.2904689229050463
vermont,-2.2494085897274174
vermont,-2.2494085897274174
vermont,-2.2904689229050463
vermont,-2.582377518258695
vermont,-2.582377518258695
vermont,-2.657639685802546
vermont,-2.657639685802546
vermont,-5.497191796677273
vermont,-5.512135607651339
vermont,-5.512135607651339
vermont,-5.512135607651339
vermont,-2.1894721562888892
vermont,-2.1894721562888892
virginia,-4.481391971452283
virginia,-4.562200471992169
virginia,-4.481391971452283
virginia,-4.481391971452283
virginia,-7.173390575345315
virginia,-7.173390575345315
virginia,-7.237047144342595
virginia,-7.173390575345315
virginia,-7.316466409248861
virginia,-7.402967367049978
virginia,-7.316466409248861
virginia,-7.316466409248861
virginia,-7.560331335721036
virginia,-7.560331335721036
virginia,-7.560331335721036
virginia,-7.560331335721036
virginia,-7.160395395178689
virginia,-7.160395395178689
virginia,-7.160395395178689
virginia,-7.269118266599235
virginia,-7.304506773098832
virginia,-7.304506773098832
virginia,-7.557126126611446
virginia,-7.304506773098832
virginia,-7.5887638776666595
virginia,-7.5887638776666595
virginia,-7.5887638776666595
virginia,-7.5887638776666595
virginia,-7.594390038122456
virginia,-8.272658976720242
virginia,-8.272658976720242
virginia,-8.272658976720242
virginia,-8.383967269219351
virginia,-8.383967269219351
virginia,-8.383967269219351
virginia,-8.383967269219351
virginia,-8.629118208398097
virginia,-8.629118208398097
washington,-2.914506805934841
washington,-2.914506805934841
washington,-2.914506805934841
washington,-2.88244706280498
washington,-2.9821408284484288
washington,-2.9821408284484288
washington,-3.1126379609092516
washington,-3.1126379609092516
washington,-4.62105821774251
washington,-4.236910156536758
washington,-4.62105821774251
washington,-4.62105821774251
washington,-4.199599775538928
washington,-4.199599775538928
washington,-4.484914549130796
washington,-4.484914549130796
washington,-5.613882401339397
washington,-5.613882401339397
washington,-5.613882401339397
washington,-5.613882401339397
washington,-4.685056890919069
washington,-4.685056890919069
washington,-4.685056890919069
washington,-4.685056890919069
washington,-5.643845825551717
washington,-5.643845825551717
washington,-5.643845825551717
washington,-5.643845825551717
washington,-4.716668494868338
washington,-4.716668494868338
washington,-4.716668494868338
washington,-4.716668494868338
washington,-6.491779928933196
washington,-6.491779928933196
washington,-6.491779928933196
washington,-6.491779928933196
washington,-8.165183950069247
washington,-8.165183950069247
west virginia,-6.942311900099751
west virginia,-6.942311900099751
west virginia,-6.942311900099751
west virginia,-6.942311900099751
west virginia,-3.8017712456886157
west virginia,-3.8017712456886157
west virginia,-3.8017712456886157
west virginia,-2.103804292230567
west virginia,-3.8903819735238008
west virginia,-3.8903819735238008
west virginia,-2.168426483612148
west virginia,-2.168426483612148
west virginia,-2.1229479226901913
west virginia,-2.1229479226901913
west virginia,-2.049873224715212
west virginia,-2.1229479226901913
west virginia,-1.955987507902969
west virginia,-1.955987507902969
west virginia,-1.955987507902969
west virginia,-1.9494655999127037
west virginia,-2.131018131408555
west virginia,-2.1492708596795533
west virginia,-2.1492708596795533
west virginia,-2.1492708596795533
west virginia,-2.49981585853618
west virginia,-2.49981585853618
west virginia,-2.4753784982509384
west virginia,-2.4753784982509384
west virginia,-2.0742673052998835
west virginia,-2.0742673052998835
west virginia,-2.057967913175121
west virginia,-2.057967913175121
west virginia,-8.381854033754436
west virginia,-8.228204353735704
west virginia,-8.228204353735704
west virginia,-8.228204353735704
west virginia,-2.577256503094156
west virginia,-2.5641607665574617
wisconsin,-4.338996847265809
wisconsin,-4.338996847265809
wisconsin,-4.338996847265809
wisconsin,-4.338996847265809
wisconsin,-4.085490241551605
wisconsin,-4.085490241551605
wisconsin,-4.085490241551605
wisconsin,-4.085490241551605
wisconsin,-3.4954756432079717
wisconsin,-3.4954756432079717
wisconsin,-3.4954756432079717
wisconsin,-3.4954756432079717
wisconsin,-3.4924389725407705
wisconsin,-3.4924389725407705
wisconsin,-3.4924389725407705
wisconsin,-3.4924389725407705
wisconsin,-2.252248433005743
wisconsin,-2.252248433005743
wisconsin,-2.252248433005743
wisconsin,-2.196447192400224
wisconsin,-2.0667213029288156
wisconsin,-2.0667213029288156
wisconsin,-2.0667213029288156
wisconsin,-2.110733346642916
wisconsin,-1.9984169377626064
wisconsin,-1.9923678664117743
wisconsin,-1.9923678664117743
wisconsin,-1.9923678664117743
wisconsin,-2.388396699068039
wisconsin,-2.4166412545542566
wisconsin,-2.4166412545542566
wisconsin,-2.4166412545542566
wisconsin,-3.8136096732585067
wisconsin,-3.863899221408752
wisconsin,-3.863899221408752
wisconsin,-3.863899221408752
wisconsin,-7.716019331551982
wisconsin,-7.716019331551982
wyoming,-4.593844103119056
wyoming,-4.593844103119056
wyoming,-4.593844103119056
wyoming,-4.593844103119056
wyoming,-2.826755086459431
wyoming,-2.826755086459431
wyoming,-2.826755086459431
wyoming,-2.826755086459431
wyoming,-2.535199990718028
wyoming,-4.405407450976493
wyoming,-2.535199990718028
wyoming,-2.535199990718028
wyoming,-2.5155371398652133
wyoming,-2.5155371398652133
wyoming,-2.412570079497614
wyoming,-2.412570079497614
wyoming,-2.2067047941381013
wyoming,-2.2306726200999236
wyoming,-2.2067047941381013
wyoming,-2.2102086610581373
wyoming,-2.5082616430425064
wyoming,-2.5082616430425064
wyoming,-2.51407664774079
wyoming,-2.51407664774079
wyoming,-2.189423540120036
wyoming,-2.189423540120036
wyoming,-2.193786303129673
wyoming,-2.193786303129673
wyoming,-2.297000059266327
wyoming,-2.297000059266327
wyoming,-2.297000059266327
wyoming,-2.3246111847134143
wyoming,-2.3872301836776297
wyoming,-2.3577427945660383
wyoming,-2.3577427945660383
wyoming,-2.3577427945660383
wyoming,-3.1115721868458492
wyoming,-3.1115721868458492
