State,G_hcluster,hclust_score
missouri,0,-0.04461542082964058
missouri,0,-0.04461542082964058
missouri,0,-0.04461542082964058
alaska,0,-0.10178233706608376
minnesota,0,-0.14463708673042688
minnesota,0,-0.14463708673042688
kentucky,0,-0.18024116705114535
kentucky,0,-0.18024116705114535
kentucky,0,-0.18024116705114535
missouri,0,-0.2024525870197225
missouri,0,-0.2104600384511337
missouri,0,-0.2104600384511337
missouri,0,-0.2104600384511337
missouri,0,-0.2104600384511337
oregon,0,-0.22045645762656374
oregon,0,-0.22045645762656374
oregon,0,-0.22045645762656374
oregon,0,-0.22045645762656374
maine,0,-0.22621159343046174
maine,0,-0.22621159343046174
maine,0,-0.22621159343046174
montana,0,-0.24588035983547868
montana,0,-0.24588035983547868
montana,0,-0.24588035983547868
maine,0,-0.2559028939924088
maine,0,-0.25824028720905184
maine,0,-0.25824028720905184
maine,0,-0.25824028720905184
kentucky,0,-0.26736378310296866
montana,0,-0.2734442493528909
florida,0,-0.27426528541192613
arkansas,0,-0.284433089876661
arkansas,0,-0.284433089876661
arkansas,0,-0.284433089876661
missouri,0,-0.28693120242988
missouri,0,-0.28693120242988
idaho,0,-0.2878483459474573
wisconsin,0,-0.28808558084043906
wisconsin,0,-0.28808558084043906
wisconsin,0,-0.28808558084043906
kentucky,0,-0.3104952970374214
minnesota,0,-0.31397376388100195
minnesota,0,-0.31397376388100195
tennessee,0,-0.3272767790444738
tennessee,0,-0.3272767790444738
idaho,0,-0.3327637986172145
idaho,0,-0.3327637986172145
idaho,0,-0.3327637986172145
idaho,0,-0.3327637986172145
minnesota,0,-0.33599721807917493
maine,0,-0.3363186423820182
pennsylvania,0,-0.33930857688345145
pennsylvania,0,-0.33930857688345145
pennsylvania,0,-0.33930857688345145
wisconsin,0,-0.34573652277187056
wisconsin,0,-0.34573652277187056
wisconsin,0,-0.34573652277187056
west virginia,0,-0.34793492208794974
idaho,0,-0.3490747548589835
idaho,0,-0.3490747548589835
idaho,0,-0.3490747548589835
ohio,0,-0.35100360799333785
ohio,0,-0.35100360799333785
ohio,0,-0.35100360799333785
ohio,0,-0.35100360799333785
iowa,0,-0.35405888832876004
iowa,0,-0.35405888832876004
pennsylvania,0,-0.35978454177189795
wisconsin,0,-0.36585290668481185
west virginia,0,-0.3679311296420692
west virginia,0,-0.3679311296420692
west virginia,0,-0.3679311296420692
minnesota,0,-0.3709124406389944
connecticut,0,-0.37894550446796466
connecticut,0,-0.37894550446796466
vermont,0,-0.37944702305587025
vermont,0,-0.37944702305587025
north carolina,0,-0.3829373779117459
north carolina,0,-0.3829373779117459
north carolina,0,-0.3829373779117459
north carolina,0,-0.3829373779117459
texas,0,-0.3927290726907639
texas,0,-0.3927290726907639
new mexico,0,-0.3956868743708889
minnesota,0,-0.3973458767377615
minnesota,0,-0.3973458767377615
connecticut,0,-0.3973843246881056
vermont,0,-0.3978626012297507
vermont,0,-0.3978626012297507
alaska,0,-0.4020424221305641
alaska,0,-0.4020424221305641
nebraska,0,-0.4042318188091194
nebraska,0,-0.4042318188091194
nebraska,0,-0.4042318188091194
louisiana,0,-0.40479283064397326
louisiana,0,-0.40479283064397326
arizona,0,-0.40809510805522986
arizona,0,-0.40809510805522986
arizona,0,-0.40809510805522986
new mexico,0,-0.41117514540126343
new mexico,0,-0.41117514540126343
new mexico,0,-0.41117514540126343
louisiana,0,-0.4143036966414194
louisiana,0,-0.4143036966414194
kansas,0,-0.41880439970181543
south carolina,0,-0.42410583189371104
south carolina,0,-0.42410583189371104
south carolina,0,-0.42410583189371104
south carolina,0,-0.42410583189371104
arizona,0,-0.4252719404921411
south carolina,0,-0.4271404784483224
south carolina,0,-0.4271404784483224
connecticut,0,-0.427312777215534
iowa,0,-0.43230643455994405
iowa,0,-0.43230643455994405
kansas,0,-0.4355591020297239
maine,0,-0.4363512939389426
pennsylvania,0,-0.4363580547121243
pennsylvania,0,-0.4363580547121243
pennsylvania,0,-0.4363580547121243
pennsylvania,0,-0.4363580547121243
maine,0,-0.4391395439020403
maine,0,-0.4391395439020403
maine,0,-0.4391395439020403
maine,0,-0.4391395439020403
nebraska,0,-0.44103495327753356
nebraska,0,-0.44103495327753356
florida,0,-0.4460222556851409
florida,0,-0.4460222556851409
florida,0,-0.4460222556851409
iowa,0,-0.4485570861253589
iowa,0,-0.4485570861253589
massachusetts,0,-0.4523724574480717
massachusetts,0,-0.4523724574480717
massachusetts,0,-0.4523724574480717
missouri,0,-0.4539206105832084
missouri,0,-0.4539206105832084
ohio,0,-0.4540090927513447
ohio,0,-0.4540090927513447
ohio,0,-0.4540090927513447
ohio,0,-0.4540090927513447
tennessee,0,-0.45456418755980554
tennessee,0,-0.45456418755980554
nebraska,0,-0.45697531242273653
nebraska,0,-0.45697531242273653
louisiana,0,-0.45895976650019954
louisiana,0,-0.45895976650019954
north carolina,0,-0.463688119619858
north carolina,0,-0.463688119619858
arkansas,0,-0.466761225381265
wisconsin,0,-0.46899590700858834
iowa,0,-0.4698502166862591
iowa,0,-0.4698502166862591
south carolina,0,-0.4705799640276179
south carolina,0,-0.4705799640276179
kentucky,0,-0.4736309070443694
kentucky,0,-0.4736309070443694
kentucky,0,-0.4736309070443694
kentucky,0,-0.4736309070443694
wisconsin,0,-0.4742814349656644
west virginia,0,-0.4755954844947543
west virginia,0,-0.4755954844947543
kentucky,0,-0.477050538714639
massachusetts,0,-0.47887654810132263
tennessee,0,-0.48044197972918773
tennessee,0,-0.48044197972918773
maine,0,-0.48093574295473956
maine,0,-0.48093574295473956
kentucky,0,-0.4830850736516208
kentucky,0,-0.4830850736516208
kentucky,0,-0.4830850736516208
alaska,0,-0.48374128604057465
alaska,0,-0.48374128604057465
alaska,0,-0.48374128604057465
alaska,0,-0.48374128604057465
iowa,0,-0.48484413193465187
iowa,0,-0.48484413193465187
west virginia,0,-0.48961839973739635
west virginia,0,-0.49041377531951685
west virginia,0,-0.49041377531951685
new mexico,0,-0.49469435548652413
alaska,0,-0.4981743569409228
alaska,0,-0.4981743569409228
alaska,0,-0.4981743569409228
maine,0,-0.5000740826280834
maine,0,-0.5000740826280834
maine,0,-0.5000740826280834
north carolina,0,-0.50398728802597
north carolina,0,-0.50398728802597
iowa,0,-0.5121733645038882
iowa,0,-0.5121733645038882
alaska,0,-0.5123400199719357
missouri,0,-0.5167467742019787
indiana,0,-0.5264453312820966
indiana,0,-0.5264453312820966
indiana,0,-0.5264453312820966
new mexico,0,-0.5294171401964424
new mexico,0,-0.5294171401964424
new mexico,0,-0.5294171401964424
missouri,0,-0.5304166615025326
missouri,0,-0.5304166615025326
missouri,0,-0.5304166615025326
alaska,0,-0.5307293696404565
new mexico,0,-0.5357186402696933
texas,0,-0.5396294871846632
texas,0,-0.5396294871846632
new mexico,0,-0.5410909405821964
north carolina,0,-0.544468608082921
west virginia,0,-0.5466567134918229
nebraska,0,-0.5480576814901549
california,0,-0.5510452849679727
california,0,-0.5510452849679727
vermont,0,-0.5515837129787307
vermont,0,-0.5515837129787307
vermont,0,-0.5515837129787307
louisiana,0,-0.5536475782226072
louisiana,0,-0.5536475782226072
louisiana,0,-0.5536475782226072
louisiana,0,-0.5536475782226072
vermont,0,-0.556284567468331
vermont,0,-0.556284567468331
iowa,0,-0.5563883020173374
iowa,0,-0.5563883020173374
iowa,0,-0.5563883020173374
iowa,0,-0.5563883020173374
minnesota,0,-0.5575320035880293
minnesota,0,-0.5575320035880293
montana,0,-0.5593764156354518
west virginia,0,-0.5595964336528803
west virginia,0,-0.5595964336528803
west virginia,0,-0.5595964336528803
west virginia,0,-0.5623765415754141
arkansas,0,-0.5634928605286522
arkansas,0,-0.5634928605286522
arkansas,0,-0.5634928605286522
arkansas,0,-0.5634928605286522
alaska,0,-0.5662774744011355
alaska,0,-0.5662774744011355
alaska,0,-0.5662774744011355
tennessee,0,-0.5677020867848306
tennessee,0,-0.5677020867848306
tennessee,0,-0.5677020867848306
tennessee,0,-0.5677020867848306
washington,0,-0.5704026546289758
washington,0,-0.5704026546289758
florida,0,-0.5705753068806142
florida,0,-0.5705753068806142
new mexico,0,-0.5709561942457421
new mexico,0,-0.5709561942457421
new mexico,0,-0.5709561942457421
michigan,0,-0.5737435082601678
michigan,0,-0.5737435082601678
michigan,0,-0.5737435082601678
iowa,0,-0.5750318019227428
iowa,0,-0.5750318019227428
iowa,0,-0.5750318019227428
iowa,0,-0.5750318019227428
wyoming,0,-0.5758467963345592
wyoming,0,-0.5758467963345592
north dakota,0,-0.5808368710548758
north dakota,0,-0.5808368710548758
tennessee,0,-0.5808386225602217
tennessee,0,-0.5808386225602217
tennessee,0,-0.5808386225602217
tennessee,0,-0.5808386225602217
ohio,0,-0.5842027753066398
ohio,0,-0.5842027753066398
ohio,0,-0.5842027753066398
montana,0,-0.5843316336736002
montana,0,-0.5843316336736002
montana,0,-0.5843316336736002
montana,0,-0.5843316336736002
tennessee,0,-0.5861676036037317
tennessee,0,-0.5861676036037317
wyoming,0,-0.5897593839510121
wyoming,0,-0.5897593839510121
oregon,0,-0.5907635182066484
montana,0,-0.5932103240709303
montana,0,-0.5932103240709303
montana,0,-0.5932103240709303
illinois,0,-0.594453183283052
illinois,0,-0.594453183283052
illinois,0,-0.594453183283052
illinois,0,-0.594453183283052
florida,0,-0.5945326781395014
wisconsin,0,-0.6001490197381499
wisconsin,0,-0.601586850301538
wisconsin,0,-0.601586850301538
wisconsin,0,-0.601586850301538
wyoming,0,-0.6017729946662769
massachusetts,0,-0.6053476204295648
massachusetts,0,-0.6053476204295648
massachusetts,0,-0.6053476204295648
massachusetts,0,-0.6053476204295648
west virginia,0,-0.6063960803378394
west virginia,0,-0.6063960803378394
wyoming,0,-0.6087660035382624
wyoming,0,-0.6087660035382624
vermont,0,-0.6090564621984583
vermont,0,-0.6090564621984583
vermont,0,-0.6090564621984583
vermont,0,-0.6090564621984583
west virginia,0,-0.613750793289951
west virginia,0,-0.613750793289951
west virginia,0,-0.613750793289951
florida,0,-0.6157132102567303
florida,0,-0.6157132102567303
florida,0,-0.6157132102567303
florida,0,-0.6157132102567303
tennessee,0,-0.6162038391048871
tennessee,0,-0.6162038391048871
tennessee,0,-0.6162038391048871
tennessee,0,-0.6162038391048871
west virginia,0,-0.6166407033311594
arkansas,0,-0.6215631116512895
arkansas,0,-0.6215631116512895
arkansas,0,-0.6215631116512895
tennessee,0,-0.6215899908070398
tennessee,0,-0.6215899908070398
tennessee,0,-0.6215899908070398
tennessee,0,-0.6215899908070398
wyoming,0,-0.6219426381696705
oregon,0,-0.6220483689524225
oregon,0,-0.6220483689524225
oregon,0,-0.6220483689524225
florida,0,-0.626470765152613
florida,0,-0.626470765152613
west virginia,0,-0.6281404008309674
wisconsin,0,-0.6318032606024083
wisconsin,0,-0.6318032606024083
wisconsin,0,-0.6318032606024083
vermont,0,-0.6335130917420875
vermont,0,-0.6335130917420875
connecticut,0,-0.6358726355679708
new mexico,0,-0.6361047979774769
idaho,0,-0.637272284218571
kentucky,0,-0.6375004270228914
kentucky,0,-0.6375004270228914
south carolina,0,-0.6382547458629814
south carolina,0,-0.6382547458629814
kentucky,0,-0.6412630246077403
kentucky,0,-0.6412630246077403
kentucky,0,-0.6422362688594034
kentucky,0,-0.6422362688594034
kentucky,0,-0.6422362688594034
kentucky,0,-0.6422362688594034
pennsylvania,0,-0.6424421455289328
rhode island,0,-0.6435544360323028
vermont,0,-0.6457217337248458
vermont,0,-0.6457217337248458
wyoming,0,-0.6464186232616306
wyoming,0,-0.6464186232616306
wyoming,0,-0.6464186232616306
delaware,0,-0.647082352195765
north carolina,0,-0.6481978640601412
north carolina,0,-0.6481978640601412
north carolina,0,-0.6481978640601412
arkansas,0,-0.6521788220885479
indiana,0,-0.6522608206973978
oregon,0,-0.65264131613892
alaska,0,-0.652652480055292
alaska,0,-0.652652480055292
alaska,0,-0.652652480055292
alaska,0,-0.652652480055292
rhode island,0,-0.6545523039962216
rhode island,0,-0.6545523039962216
rhode island,0,-0.6545523039962216
rhode island,0,-0.6545523039962216
massachusetts,0,-0.6548636330989761
massachusetts,0,-0.6548636330989761
massachusetts,0,-0.6548636330989761
wyoming,0,-0.6573976290273668
south dakota,1,-0.6597165488382656
south dakota,1,-0.6597165488382656
tennessee,0,-0.6619602681687419
tennessee,0,-0.6619602681687419
vermont,0,-0.6635776907218859
vermont,0,-0.6635776907218859
kentucky,0,-0.667385427372775
kentucky,0,-0.667385427372775
rhode island,0,-0.6678353314508867
rhode island,0,-0.6678353314508867
washington,0,-0.6701295353826442
washington,0,-0.6701295353826442
florida,0,-0.6702765001149026
florida,0,-0.6702765001149026
new mexico,0,-0.6721127410689978
new mexico,0,-0.6721127410689978
new mexico,0,-0.6721127410689978
minnesota,0,-0.6726219148941465
minnesota,0,-0.6726219148941465
minnesota,0,-0.6726219148941465
north dakota,0,-0.6750275184208999
new mexico,0,-0.6758004808612312
new mexico,0,-0.6758004808612312
new mexico,0,-0.6758004808612312
delaware,0,-0.6765442223080296
delaware,0,-0.6765442223080296
delaware,0,-0.6765442223080296
maine,0,-0.6766747790864136
wyoming,0,-0.6809850341969055
wyoming,0,-0.6809850341969055
wyoming,0,-0.6809850341969055
indiana,0,-0.6857341711591942
indiana,0,-0.6857341711591942
oregon,0,-0.687543409704633
oregon,0,-0.687543409704633
oregon,0,-0.687543409704633
connecticut,0,-0.690866199577437
connecticut,0,-0.690866199577437
wyoming,0,-0.6914153765657096
vermont,0,-0.6943782387318139
maryland,0,-0.7021240591500257
maryland,0,-0.7021240591500257
maryland,0,-0.7021240591500257
maryland,0,-0.7021240591500257
north carolina,0,-0.7060193918348201
north carolina,0,-0.7060193918348201
north carolina,0,-0.7060193918348201
north carolina,0,-0.7060193918348201
california,0,-0.709484410623553
utah,0,-0.7116680542857973
california,0,-0.7146075408519619
california,0,-0.7146075408519619
south carolina,0,-0.7147554214785624
south carolina,0,-0.7147554214785624
south carolina,0,-0.7147554214785624
kentucky,0,-0.7162524286819337
new jersey,0,-0.7174004907396203
new jersey,0,-0.7174004907396203
new jersey,0,-0.7174004907396203
wyoming,0,-0.7179867517573147
wyoming,0,-0.7179867517573147
florida,0,-0.7184566969381497
new hampshire,0,-0.7218323743102525
new hampshire,0,-0.7218323743102525
new hampshire,0,-0.7218323743102525
new hampshire,0,-0.7218323743102525
vermont,0,-0.7219124965253534
michigan,0,-0.7234273958019926
kansas,0,-0.7275758094166699
kansas,0,-0.7275758094166699
kansas,0,-0.7275758094166699
nebraska,0,-0.7302001887889318
nebraska,0,-0.7302001887889318
nebraska,0,-0.7302001887889318
nebraska,0,-0.7302001887889318
michigan,0,-0.7322531287934108
vermont,0,-0.7353033137345408
vermont,0,-0.7353033137345408
maryland,0,-0.7355395873107381
maryland,0,-0.7355395873107381
kansas,0,-0.737347383937628
pennsylvania,0,-0.7387398407542389
pennsylvania,0,-0.7387398407542389
north carolina,0,-0.7397810587785446
north carolina,0,-0.7397810587785446
maryland,0,-0.7398457843584304
north carolina,0,-0.7398987878746984
north carolina,0,-0.7398987878746984
north carolina,0,-0.7398987878746984
north carolina,0,-0.7398987878746984
california,0,-0.7407025367860689
connecticut,0,-0.7413182058655889
connecticut,0,-0.7413182058655889
connecticut,0,-0.7413182058655889
connecticut,0,-0.7413182058655889
pennsylvania,0,-0.741414708010607
pennsylvania,0,-0.741414708010607
pennsylvania,0,-0.741414708010607
rhode island,0,-0.7423787248025704
rhode island,0,-0.7423787248025704
rhode island,0,-0.7423787248025704
kentucky,0,-0.7429764840208207
kentucky,0,-0.7429764840208207
kentucky,0,-0.7429764840208207
massachusetts,0,-0.74334432380961
vermont,0,-0.749526099069257
vermont,0,-0.749526099069257
illinois,0,-0.7495838030836606
tennessee,0,-0.749603763610088
tennessee,0,-0.749603763610088
michigan,0,-0.7498958002362895
michigan,0,-0.7498958002362895
alaska,0,-0.7535798078842867
alaska,0,-0.7535798078842867
alaska,0,-0.7535798078842867
massachusetts,0,-0.7566608975932345
missouri,0,-0.7567348977527624
missouri,0,-0.7567348977527624
missouri,0,-0.7567348977527624
missouri,0,-0.7567348977527624
illinois,0,-0.7590721204185447
illinois,0,-0.7590721204185447
rhode island,0,-0.7635233387636235
rhode island,0,-0.7635233387636235
wyoming,0,-0.7666806318115249
wyoming,0,-0.7666806318115249
connecticut,0,-0.7667391198068495
louisiana,0,-0.7683041593711004
louisiana,0,-0.7683041593711004
louisiana,0,-0.7683041593711004
illinois,0,-0.7696616097519922
illinois,0,-0.7696616097519922
illinois,0,-0.7696616097519922
illinois,0,-0.7696616097519922
indiana,0,-0.7706787652970354
indiana,0,-0.7706787652970354
maryland,0,-0.7710294951350792
maryland,0,-0.7710294951350792
maryland,0,-0.7710294951350792
maryland,0,-0.7710294951350792
new jersey,0,-0.7722629761131887
new jersey,0,-0.7722629761131887
west virginia,0,-0.7723422016552245
west virginia,0,-0.7723422016552245
louisiana,0,-0.7724934559364691
louisiana,0,-0.7724934559364691
illinois,0,-0.7751595913491212
georgia,1,-0.7788337855817781
south carolina,0,-0.7792964692579861
south carolina,0,-0.7792964692579861
south carolina,0,-0.7792964692579861
south carolina,0,-0.7792964692579861
west virginia,0,-0.78155427361699
west virginia,0,-0.78155427361699
idaho,0,-0.7830255395516862
idaho,0,-0.7830255395516862
idaho,0,-0.7830255395516862
oregon,0,-0.7838069550024636
oregon,0,-0.7838069550024636
oregon,0,-0.7838069550024636
south carolina,0,-0.7838253325669393
south carolina,0,-0.7838253325669393
colorado,0,-0.7839645385238423
colorado,0,-0.7839645385238423
colorado,0,-0.7839645385238423
wyoming,0,-0.7917043042765975
wyoming,0,-0.7917043042765975
kentucky,0,-0.7926919924043514
utah,0,-0.7938424436091259
minnesota,0,-0.7988888143593695
minnesota,0,-0.7988888143593695
minnesota,0,-0.7988888143593695
minnesota,0,-0.7988888143593695
illinois,0,-0.8007289665273856
illinois,0,-0.8007289665273856
wyoming,0,-0.8029420635882049
wyoming,0,-0.8029420635882049
wyoming,0,-0.8029420635882049
vermont,0,-0.8030392633139704
vermont,0,-0.8030392633139704
texas,0,-0.8071796403858841
texas,0,-0.8071796403858841
texas,0,-0.8071796403858841
texas,0,-0.8071796403858841
new jersey,0,-0.8072343668452696
wyoming,0,-0.8077554299425386
wyoming,0,-0.8077554299425386
colorado,0,-0.8084534073637598
minnesota,0,-0.8120549684306614
tennessee,0,-0.8134020032629056
tennessee,0,-0.8134020032629056
new hampshire,0,-0.8134805286548535
new hampshire,0,-0.8134805286548535
maine,0,-0.815415101656022
maine,0,-0.815415101656022
maine,0,-0.815415101656022
kansas,0,-0.8174370845317156
kansas,0,-0.8174370845317156
california,0,-0.819972349403133
tennessee,0,-0.8221541370469708
tennessee,0,-0.8221541370469708
wyoming,0,-0.8221901136565577
wyoming,0,-0.8221901136565577
texas,0,-0.822277308682388
texas,0,-0.822277308682388
texas,0,-0.822277308682388
texas,0,-0.822277308682388
nebraska,0,-0.8222916284595572
kansas,0,-0.8261464720732351
kansas,0,-0.8261464720732351
michigan,0,-0.8282862530528929
tennessee,0,-0.8340767803163143
tennessee,0,-0.8340767803163143
tennessee,0,-0.8340767803163143
connecticut,0,-0.8354282555804708
utah,0,-0.8358858317264788
louisiana,0,-0.8415123086131288
colorado,0,-0.8432914521685201
colorado,0,-0.8432914521685201
colorado,0,-0.8432914521685201
alaska,0,-0.8433387289725848
alaska,0,-0.8433387289725848
connecticut,0,-0.8513828379435526
connecticut,0,-0.8513828379435526
connecticut,0,-0.8513828379435526
louisiana,0,-0.8527925540303272
hawaii,0,-0.8566806199797518
utah,0,-0.8588955919646111
utah,0,-0.8588955919646111
utah,0,-0.8588955919646111
maryland,0,-0.8685532890905401
maryland,0,-0.8685532890905401
maryland,0,-0.8685532890905401
new jersey,0,-0.8692758493265752
new mexico,0,-0.873498218312073
new mexico,0,-0.873498218312073
new mexico,0,-0.873498218312073
alaska,0,-0.880281522132535
massachusetts,0,-0.8829205770077247
massachusetts,0,-0.8829205770077247
massachusetts,0,-0.8829205770077247
idaho,0,-0.8851609340508322
idaho,0,-0.8851609340508322
idaho,0,-0.8851609340508322
north dakota,0,-0.8857321658324495
north dakota,0,-0.8857321658324495
vermont,0,-0.8882963936482012
vermont,0,-0.8882963936482012
indiana,0,-0.8903623965463885
indiana,0,-0.8903623965463885
indiana,0,-0.8903623965463885
indiana,0,-0.8903623965463885
arkansas,0,-0.891934154796972
virginia,1,-0.8925340676449524
virginia,1,-0.8925340676449524
virginia,1,-0.8925340676449524
virginia,1,-0.8925340676449524
arkansas,0,-0.8999228537184343
arkansas,0,-0.8999228537184343
arkansas,0,-0.8999228537184343
michigan,0,-0.9010757413159276
michigan,0,-0.9010757413159276
new mexico,0,-0.9028156585464558
idaho,0,-0.9046319760590216
alaska,0,-0.9063693115902344
alaska,0,-0.9063693115902344
alaska,0,-0.9063693115902344
alaska,0,-0.9063693115902344
north carolina,0,-0.9114372391790703
north carolina,0,-0.9114372391790703
north carolina,0,-0.9114372391790703
north carolina,0,-0.9114372391790703
south dakota,0,-0.9147206864712679
south dakota,0,-0.9147206864712679
south dakota,0,-0.9147206864712679
utah,0,-0.9149857138952293
utah,0,-0.9149857138952293
wyoming,0,-0.9162165746771028
wyoming,0,-0.9162165746771028
wyoming,0,-0.9162165746771028
wyoming,0,-0.9162165746771028
north carolina,0,-0.9173398458721636
north carolina,0,-0.9173398458721636
north carolina,0,-0.9173398458721636
north carolina,0,-0.9173398458721636
maine,0,-0.9183041452852513
maine,0,-0.9183041452852513
illinois,0,-0.9209668339267539
illinois,0,-0.9209668339267539
connecticut,0,-0.9224297004859143
california,0,-0.928298417698883
california,0,-0.928298417698883
north carolina,0,-0.9283654216041433
north carolina,0,-0.9283654216041433
colorado,0,-0.9286651379019609
south carolina,0,-0.9323331678736935
california,0,-0.9377460664501599
california,0,-0.9377460664501599
maryland,0,-0.9483608532018022
maryland,0,-0.9483608532018022
alabama,0,-0.9493176314859428
alabama,0,-0.9493176314859428
alabama,0,-0.9493176314859428
alabama,0,-0.9493176314859428
connecticut,0,-0.951290387620564
connecticut,0,-0.951290387620564
connecticut,0,-0.951290387620564
north carolina,0,-0.9516542640643733
north carolina,0,-0.9516542640643733
maine,0,-0.951826547917001
maine,0,-0.951826547917001
maine,0,-0.951826547917001
maine,0,-0.951826547917001
rhode island,0,-0.9559653550035044
rhode island,0,-0.9559653550035044
rhode island,0,-0.9559653550035044
minnesota,0,-0.960121216758807
delaware,0,-0.961624302672208
delaware,0,-0.961624302672208
michigan,0,-0.9664985567914485
california,0,-0.9687873704588994
connecticut,0,-0.9688509903174638
connecticut,0,-0.9688509903174638
connecticut,0,-0.9688509903174638
connecticut,0,-0.9688509903174638
idaho,0,-0.9706046661194381
idaho,0,-0.9706046661194381
idaho,0,-0.9706046661194381
delaware,0,-0.9816913026532234
delaware,0,-0.9816913026532234
new york,0,-0.9821668957502196
new york,0,-0.9821668957502196
new york,0,-0.9821668957502196
indiana,0,-0.9824626656178461
indiana,0,-0.9824626656178461
indiana,0,-0.9824626656178461
indiana,0,-0.9824626656178461
florida,0,-0.983360574716127
florida,0,-0.983360574716127
florida,0,-0.983360574716127
kansas,0,-0.9844764967729138
kansas,0,-0.9844764967729138
oregon,0,-0.9862672893767862
kansas,0,-0.9880574588499033
kansas,0,-0.9880574588499033
massachusetts,0,-0.9911707481705715
massachusetts,0,-0.9911707481705715
massachusetts,0,-0.9911707481705715
massachusetts,0,-0.9911707481705715
kansas,0,-0.9917200103101734
new jersey,0,-0.9954593007062856
new jersey,0,-0.9954593007062856
vermont,0,-0.9980398360413547
vermont,0,-0.9980398360413547
maryland,0,-1.0024029914582355
maryland,0,-1.0024029914582355
maryland,0,-1.0024029914582355
massachusetts,0,-1.0049843480643255
new mexico,0,-1.011336378831579
new mexico,0,-1.011336378831579
new mexico,0,-1.011336378831579
new mexico,0,-1.011336378831579
washington,0,-1.0127006419634388
michigan,0,-1.0127962599022888
michigan,0,-1.0127962599022888
michigan,0,-1.0127962599022888
michigan,0,-1.0127962599022888
new jersey,0,-1.0148574942216366
new jersey,0,-1.0148574942216366
south carolina,0,-1.0172502115859612
south carolina,0,-1.0180405420464835
south carolina,0,-1.0180405420464835
south carolina,0,-1.0180405420464835
south carolina,0,-1.0180405420464835
south carolina,0,-1.0194499447296614
south carolina,0,-1.0194499447296614
south carolina,0,-1.0194499447296614
south carolina,0,-1.0194499447296614
maine,0,-1.0203130989141638
maine,0,-1.0203130989141638
maine,0,-1.0203130989141638
louisiana,0,-1.0226784413686993
louisiana,0,-1.0226784413686993
louisiana,0,-1.0226784413686993
hawaii,0,-1.022933296840513
rhode island,0,-1.0251017602509576
kansas,0,-1.025517559128007
kansas,0,-1.025517559128007
kansas,0,-1.025517559128007
connecticut,0,-1.0285375946923805
connecticut,0,-1.0285375946923805
connecticut,0,-1.0285375946923805
california,0,-1.0306616200019503
california,0,-1.0306616200019503
california,0,-1.0306616200019503
virginia,0,-1.0313917863321644
virginia,0,-1.0313917863321644
virginia,0,-1.0313917863321644
washington,0,-1.031774735321782
washington,0,-1.031774735321782
washington,0,-1.031774735321782
alaska,0,-1.0342098603134153
alaska,0,-1.0342098603134153
hawaii,0,-1.0451179397720103
new york,0,-1.0495788060027975
virginia,0,-1.0501264357821993
montana,0,-1.0511194863041966
new hampshire,0,-1.058416569277913
new hampshire,0,-1.058416569277913
kansas,0,-1.0585237067502296
alaska,0,-1.0673991020342048
montana,0,-1.0722689549079971
montana,0,-1.0722689549079971
montana,0,-1.0722689549079971
montana,0,-1.0722689549079971
oklahoma,0,-1.0732866167932211
oklahoma,0,-1.0732866167932211
wisconsin,0,-1.0825015240500855
louisiana,0,-1.0875822053265434
pennsylvania,0,-1.0891711582254853
pennsylvania,0,-1.0891711582254853
kansas,0,-1.0902523207874866
hawaii,0,-1.092053825713169
south dakota,0,-1.0931988646366528
montana,0,-1.0970009446040656
wisconsin,0,-1.1003663316304848
wisconsin,0,-1.1003663316304848
wisconsin,0,-1.1003663316304848
massachusetts,0,-1.1031802079494228
massachusetts,0,-1.1031802079494228
massachusetts,0,-1.1031802079494228
new jersey,0,-1.1049044907766514
new jersey,0,-1.1049044907766514
new jersey,0,-1.1049044907766514
pennsylvania,0,-1.106928329263199
pennsylvania,0,-1.106928329263199
nevada,0,-1.1098540744422256
minnesota,0,-1.112633768083154
minnesota,0,-1.112633768083154
minnesota,0,-1.112633768083154
minnesota,0,-1.112633768083154
new jersey,0,-1.1176849638115953
new jersey,0,-1.1176849638115953
new jersey,0,-1.1176849638115953
idaho,0,-1.1233119439313364
new hampshire,0,-1.1290784596690653
new hampshire,0,-1.1290784596690653
new hampshire,0,-1.1290784596690653
new hampshire,0,-1.1290784596690653
minnesota,0,-1.1314603723749284
minnesota,0,-1.1314603723749284
minnesota,0,-1.1314603723749284
alabama,0,-1.131973703298052
alabama,0,-1.131973703298052
rhode island,0,-1.135407869489894
rhode island,0,-1.135407869489894
rhode island,0,-1.135407869489894
michigan,0,-1.136876987041409
michigan,0,-1.136876987041409
michigan,0,-1.136876987041409
colorado,0,-1.1388306672627573
georgia,1,-1.1400470349513916
montana,0,-1.1453668433499602
montana,0,-1.1453668433499602
montana,0,-1.1453668433499602
new mexico,0,-1.1470069134105003
new mexico,0,-1.1470069134105003
new mexico,0,-1.1470069134105003
new mexico,0,-1.1470069134105003
washington,0,-1.147645501797097
washington,0,-1.147645501797097
maine,0,-1.1496096500365383
maine,0,-1.1496096500365383
massachusetts,0,-1.1506475224945663
massachusetts,0,-1.1506475224945663
missouri,0,-1.1518194441857756
new hampshire,0,-1.1520671271584313
new hampshire,0,-1.1520671271584313
idaho,0,-1.1543933585665533
idaho,0,-1.1543933585665533
idaho,0,-1.1543933585665533
idaho,0,-1.1543933585665533
colorado,0,-1.1558251610487242
california,0,-1.1576086543004531
north carolina,0,-1.1576623861209687
north carolina,0,-1.1576623861209687
south carolina,0,-1.1589236433085215
south carolina,0,-1.1589236433085215
south carolina,0,-1.1589236433085215
south carolina,0,-1.1589236433085215
north dakota,0,-1.1591385722583352
alaska,0,-1.1603249003535523
alaska,0,-1.1603249003535523
texas,0,-1.1687439059287323
new jersey,0,-1.1702707449590286
new jersey,0,-1.1702707449590286
mississippi,0,-1.1739826977684338
mississippi,0,-1.1739826977684338
mississippi,0,-1.1739826977684338
mississippi,0,-1.1739826977684338
new mexico,0,-1.1746050320892345
new mexico,0,-1.1746050320892345
new mexico,0,-1.1746050320892345
new mexico,0,-1.1746050320892345
delaware,0,-1.1821941150588258
delaware,0,-1.1821941150588258
delaware,0,-1.1821941150588258
alabama,0,-1.1853602282608786
alabama,0,-1.1853602282608786
rhode island,0,-1.1886401624898748
idaho,0,-1.1900772169208922
new jersey,0,-1.1909837273071333
delaware,0,-1.194026104906245
delaware,0,-1.194026104906245
alabama,0,-1.194667963474394
alabama,0,-1.194667963474394
new jersey,0,-1.1949171373344118
arkansas,0,-1.2013757052490723
arkansas,0,-1.2013757052490723
arkansas,0,-1.2013757052490723
florida,0,-1.2022137347889053
missouri,0,-1.204326549482658
missouri,0,-1.204326549482658
missouri,0,-1.204326549482658
new jersey,0,-1.2063015445606498
new jersey,0,-1.2063015445606498
new jersey,0,-1.2063015445606498
colorado,0,-1.2081581886068087
colorado,0,-1.2081581886068087
maryland,0,-1.217838906216038
texas,0,-1.2259388959276007
texas,0,-1.2259388959276007
texas,0,-1.2259388959276007
florida,0,-1.2264052314942544
florida,0,-1.2264052314942544
florida,0,-1.2264052314942544
florida,0,-1.2264052314942544
south carolina,0,-1.2300885485121544
south carolina,0,-1.2300885485121544
south carolina,0,-1.2300885485121544
maine,0,-1.2326226770690536
hawaii,0,-1.234792441665423
hawaii,0,-1.234792441665423
hawaii,0,-1.234792441665423
ohio,0,-1.237409535020401
ohio,0,-1.237409535020401
ohio,0,-1.237409535020401
ohio,0,-1.237409535020401
new hampshire,0,-1.2398542457084198
new hampshire,0,-1.2398542457084198
new york,0,-1.2442900821524425
new york,0,-1.2442900821524425
new york,0,-1.2442900821524425
new york,0,-1.2442900821524425
delaware,0,-1.2447540901647824
alabama,0,-1.2453698040086052
alabama,0,-1.2453698040086052
montana,0,-1.2497123252359366
montana,0,-1.2497123252359366
montana,0,-1.2497123252359366
missouri,0,-1.2498642957734114
hawaii,0,-1.2532323616322503
hawaii,0,-1.2532323616322503
new hampshire,0,-1.2554820049751279
new hampshire,0,-1.2554820049751279
florida,0,-1.256053981848387
florida,0,-1.256053981848387
florida,0,-1.256053981848387
nevada,0,-1.2610098690892189
nevada,0,-1.2610098690892189
nevada,0,-1.2610098690892189
rhode island,0,-1.2677885875719592
rhode island,0,-1.2677885875719592
rhode island,0,-1.2677885875719592
rhode island,0,-1.2677885875719592
new jersey,0,-1.267907528850163
montana,0,-1.2729897830504304
alabama,0,-1.2769707716560028
alabama,0,-1.2769707716560028
oklahoma,0,-1.2783985975436916
oklahoma,0,-1.2783985975436916
oklahoma,0,-1.2783985975436916
oklahoma,0,-1.2783985975436916
maryland,0,-1.2792290627573306
maryland,0,-1.2792290627573306
maryland,0,-1.2792290627573306
maryland,0,-1.2792290627573306
idaho,0,-1.2844013109108987
idaho,0,-1.2844013109108987
idaho,0,-1.2844013109108987
idaho,0,-1.2844013109108987
utah,0,-1.2883545273527333
utah,0,-1.2883545273527333
nevada,0,-1.2900745571939949
nevada,0,-1.2900745571939949
alabama,0,-1.2921023895402954
alabama,0,-1.2921023895402954
alabama,0,-1.2921023895402954
alabama,0,-1.2921023895402954
hawaii,0,-1.29263351436663
hawaii,0,-1.29263351436663
hawaii,0,-1.29263351436663
washington,0,-1.2943956200402988
washington,0,-1.2943956200402988
south dakota,1,-1.301034669890139
alaska,0,-1.3056506798393206
new york,0,-1.3073463199529078
new york,0,-1.3073463199529078
new york,0,-1.3073463199529078
new york,0,-1.3073463199529078
south dakota,1,-1.3079865504704107
south dakota,1,-1.3079865504704107
south dakota,1,-1.3079865504704107
louisiana,0,-1.3097255500091118
louisiana,0,-1.3097255500091118
louisiana,0,-1.3097255500091118
hawaii,0,-1.3128341855551924
hawaii,0,-1.3128341855551924
louisiana,0,-1.315178931741994
idaho,0,-1.320917059993992
idaho,0,-1.320917059993992
idaho,0,-1.320917059993992
idaho,0,-1.320917059993992
alabama,0,-1.3245258613738364
alabama,0,-1.3245258613738364
delaware,0,-1.3253021453008402
washington,0,-1.3528656708240148
hawaii,0,-1.357400949384657
hawaii,0,-1.357400949384657
hawaii,0,-1.357400949384657
hawaii,0,-1.357400949384657
new hampshire,0,-1.3576778299322492
new hampshire,0,-1.3576778299322492
michigan,0,-1.363964444306501
michigan,0,-1.363964444306501
michigan,0,-1.363964444306501
delaware,0,-1.365803866481793
michigan,0,-1.3692018154690286
new jersey,0,-1.3772298584185025
new jersey,0,-1.3772298584185025
new jersey,0,-1.3772298584185025
new jersey,0,-1.3904974867357602
indiana,0,-1.395688845670877
indiana,0,-1.395688845670877
indiana,0,-1.395688845670877
alabama,0,-1.3989579600798
alabama,0,-1.4150716000504624
alabama,0,-1.4150716000504624
alabama,0,-1.4150716000504624
alabama,0,-1.4150716000504624
utah,0,-1.420643238654478
georgia,0,-1.4329519261383372
georgia,0,-1.4329519261383372
georgia,0,-1.4329519261383372
georgia,0,-1.4329519261383372
indiana,0,-1.439326842560258
delaware,0,-1.4395948155830758
delaware,0,-1.4395948155830758
new hampshire,0,-1.4431931620238265
new hampshire,0,-1.4431931620238265
new hampshire,0,-1.4431931620238265
montana,0,-1.4487314561228517
montana,0,-1.4487314561228517
montana,0,-1.4487314561228517
oregon,0,-1.4628246593487013
montana,0,-1.4680280468608318
montana,0,-1.4680280468608318
montana,0,-1.4680280468608318
montana,0,-1.4680280468608318
washington,0,-1.483229407290293
washington,0,-1.483229407290293
washington,0,-1.483229407290293
hawaii,0,-1.4838643613792406
hawaii,0,-1.4838643613792406
new hampshire,0,-1.4847908324400505
oregon,0,-1.4946200092485904
oregon,0,-1.4946200092485904
oregon,0,-1.4946200092485904
oregon,0,-1.4946200092485904
new hampshire,0,-1.5521458415266387
new hampshire,0,-1.5521458415266387
new hampshire,0,-1.5521458415266387
new hampshire,0,-1.5521458415266387
delaware,0,-1.5591032860070784
utah,0,-1.5800465359424516
ohio,0,-1.5808413621701356
montana,0,-1.5858404503226442
montana,0,-1.5858404503226442
montana,0,-1.5858404503226442
montana,0,-1.5858404503226442
new hampshire,0,-1.5879609344798302
new hampshire,0,-1.5879609344798302
new hampshire,0,-1.5879609344798302
new hampshire,0,-1.5879609344798302
utah,0,-1.603331375896887
maryland,0,-1.6042407189201908
maryland,0,-1.6042407189201908
maryland,0,-1.6042407189201908
maryland,0,-1.6042407189201908
idaho,0,-1.61392080235037
idaho,0,-1.61392080235037
idaho,0,-1.61392080235037
hawaii,0,-1.6179429367893305
hawaii,0,-1.6179429367893305
hawaii,0,-1.6179429367893305
hawaii,0,-1.6179429367893305
ohio,0,-1.6194980142415445
ohio,0,-1.6194980142415445
ohio,0,-1.6194980142415445
nevada,0,-1.6308762702757424
nevada,0,-1.6308762702757424
nevada,0,-1.6308762702757424
nevada,0,-1.6308762702757424
oregon,0,-1.6339546608217104
oregon,0,-1.6339546608217104
oregon,0,-1.6339546608217104
oregon,0,-1.6339546608217104
new hampshire,0,-1.6379632658600969
new hampshire,0,-1.6379632658600969
new hampshire,0,-1.6379632658600969
utah,0,-1.6414584693862289
utah,0,-1.6414584693862289
utah,0,-1.6414584693862289
maryland,0,-1.642507276865518
maryland,0,-1.642507276865518
maryland,0,-1.642507276865518
maryland,0,-1.642507276865518
indiana,0,-1.6480756205876357
indiana,0,-1.6480756205876357
indiana,0,-1.6480756205876357
indiana,0,-1.6480756205876357
maryland,0,-1.6525238874999202
maryland,0,-1.6525238874999202
maryland,0,-1.6525238874999202
maryland,0,-1.6525238874999202
vermont,0,-1.6566898347173948
oregon,0,-1.657452744749618
oregon,0,-1.657452744749618
georgia,0,-1.6582217240703423
georgia,0,-1.6582217240703423
georgia,0,-1.6582217240703423
georgia,0,-1.6582217240703423
florida,0,-1.6631681151772582
florida,0,-1.6634656898030038
florida,0,-1.6634656898030038
florida,0,-1.6634656898030038
florida,0,-1.6634656898030038
california,0,-1.6759684732541948
california,0,-1.6759684732541948
california,0,-1.6759684732541948
ohio,0,-1.6782404380658578
ohio,0,-1.6782404380658578
ohio,0,-1.6782404380658578
ohio,0,-1.6782404380658578
nevada,0,-1.6890082703007607
nevada,0,-1.6890082703007607
montana,0,-1.7011981522157376
montana,0,-1.7011981522157376
mississippi,0,-1.7053208724984845
mississippi,0,-1.7053208724984845
mississippi,0,-1.7053208724984845
california,0,-1.7099759916329302
california,0,-1.7099759916329302
california,0,-1.7099759916329302
california,0,-1.7099759916329302
mississippi,0,-1.7167165731110552
vermont,0,-1.7180320834643932
vermont,0,-1.7180320834643932
vermont,0,-1.7180320834643932
oklahoma,0,-1.7238539966351965
oklahoma,0,-1.7238539966351965
oklahoma,0,-1.7238539966351965
oklahoma,0,-1.7280009282018578
indiana,0,-1.736840632914436
indiana,0,-1.736840632914436
indiana,0,-1.748030863102191
indiana,0,-1.748030863102191
hawaii,0,-1.7558037659419539
hawaii,0,-1.7558037659419539
hawaii,0,-1.7640762961127616
hawaii,0,-1.7640762961127616
hawaii,0,-1.7640762961127616
hawaii,0,-1.7640762961127616
ohio,0,-1.7683226783185366
ohio,0,-1.7683226783185366
alabama,0,-1.7732134082839226
alabama,0,-1.7732134082839226
alabama,0,-1.7732134082839226
california,0,-1.7760883191692516
california,0,-1.7760883191692516
california,0,-1.7760883191692516
california,0,-1.7760883191692516
ohio,0,-1.7793149268386457
ohio,0,-1.7793149268386457
rhode island,0,-1.786762957999838
rhode island,0,-1.786762957999838
rhode island,0,-1.786762957999838
new hampshire,0,-1.8086633398555454
texas,0,-1.8094183256337992
texas,0,-1.8094183256337992
alabama,0,-1.8114219967253684
oregon,0,-1.8197885329400945
oregon,0,-1.8197885329400945
oregon,0,-1.8197885329400945
oregon,0,-1.8243663442477034
oregon,0,-1.8243663442477034
oregon,0,-1.8243663442477034
california,0,-1.829400286687613
california,0,-1.829400286687613
california,0,-1.829400286687613
california,0,-1.829400286687613
colorado,0,-1.8319159533433969
colorado,0,-1.8319159533433969
colorado,0,-1.8319159533433969
colorado,0,-1.8319159533433969
indiana,0,-1.8405615508057045
indiana,0,-1.8405615508057045
indiana,0,-1.8405615508057045
indiana,0,-1.8405615508057045
arkansas,0,-1.8406913870400952
alaska,0,-1.842182539002946
oregon,0,-1.844838930365624
oregon,0,-1.844838930365624
oregon,0,-1.844838930365624
oregon,0,-1.844838930365624
delaware,0,-1.8452979689762774
arkansas,0,-1.8475701850182913
arkansas,0,-1.8475701850182913
arkansas,0,-1.8475701850182913
arkansas,0,-1.8475701850182913
iowa,0,-1.8481837658030518
iowa,0,-1.8481837658030518
iowa,0,-1.8481837658030518
iowa,0,-1.8481837658030518
wisconsin,0,-1.8501657359531252
wisconsin,0,-1.8501657359531252
wisconsin,0,-1.8501657359531252
wisconsin,0,-1.8501657359531252
north dakota,0,-1.8511639575987862
north dakota,0,-1.8511639575987862
north dakota,0,-1.8511639575987862
north dakota,0,-1.8511639575987862
arkansas,0,-1.8512539794795206
arkansas,0,-1.8512539794795206
arkansas,0,-1.8512539794795206
wisconsin,0,-1.852703878602112
wisconsin,0,-1.852703878602112
wisconsin,0,-1.852703878602112
wisconsin,0,-1.852703878602112
pennsylvania,0,-1.8582383089786654
pennsylvania,0,-1.8582383089786654
pennsylvania,0,-1.8582383089786654
pennsylvania,0,-1.8582383089786654
kentucky,0,-1.8599934446934636
kentucky,0,-1.8599934446934636
kentucky,0,-1.8599934446934636
iowa,0,-1.8600603688064294
iowa,0,-1.8600603688064294
iowa,0,-1.8600603688064294
iowa,0,-1.8600603688064294
maine,0,-1.860993709464424
maine,0,-1.860993709464424
north dakota,0,-1.8610101256525124
north dakota,0,-1.8610101256525124
north dakota,0,-1.8706411196924522
north dakota,0,-1.8706411196924522
north dakota,0,-1.8706411196924522
north dakota,0,-1.8706411196924522
kentucky,0,-1.8706702628325107
kentucky,0,-1.8706702628325107
kentucky,0,-1.8706702628325107
kentucky,0,-1.8706702628325107
indiana,0,-1.8732706917697308
missouri,0,-1.8768838728362995
missouri,0,-1.8768838728362995
missouri,0,-1.8768838728362995
missouri,0,-1.8768838728362995
vermont,0,-1.8804900930975768
vermont,0,-1.8818743097821804
vermont,0,-1.8818743097821804
minnesota,0,-1.882243430813244
minnesota,0,-1.882243430813244
west virginia,0,-1.8836840956829923
west virginia,0,-1.8836840956829923
west virginia,0,-1.8836840956829923
arkansas,0,-1.8848646835915943
arkansas,0,-1.8848646835915943
arkansas,0,-1.8848646835915943
arkansas,0,-1.8848646835915943
north dakota,0,-1.889277604956865
north dakota,0,-1.889277604956865
ohio,0,-1.8903151272977503
massachusetts,0,-1.8935587925389974
massachusetts,0,-1.8935587925389974
massachusetts,0,-1.8935587925389974
massachusetts,0,-1.8935587925389974
new york,0,-1.8960687454663607
mississippi,0,-1.8965378769117314
mississippi,0,-1.8965378769117314
west virginia,0,-1.897291386177628
west virginia,0,-1.897291386177628
virginia,0,-1.89835506670746
virginia,0,-1.89835506670746
virginia,0,-1.89835506670746
new york,0,-1.8998398073747484
new york,0,-1.8998398073747484
pennsylvania,0,-1.9004616723348282
pennsylvania,0,-1.9004616723348282
pennsylvania,0,-1.9004616723348282
pennsylvania,0,-1.9004616723348282
maine,0,-1.903405206948566
maine,0,-1.903405206948566
oklahoma,0,-1.9057486545414755
connecticut,0,-1.9069169899287404
connecticut,0,-1.9069169899287404
connecticut,0,-1.9069169899287404
indiana,0,-1.9124441367087228
indiana,0,-1.9124441367087228
indiana,0,-1.9124441367087228
nebraska,0,-1.9125245071228363
nebraska,0,-1.9125245071228363
nebraska,0,-1.9125245071228363
nebraska,0,-1.9125245071228363
rhode island,0,-1.9159440785913842
north dakota,0,-1.9203282397653294
north dakota,0,-1.9203282397653294
north dakota,0,-1.9203282397653294
massachusetts,0,-1.9212718966707356
massachusetts,0,-1.9212718966707356
massachusetts,0,-1.9212718966707356
massachusetts,0,-1.9212718966707356
north dakota,0,-1.9266995048768534
north dakota,0,-1.9266995048768534
north dakota,0,-1.9266995048768534
north dakota,0,-1.9266995048768534
texas,0,-1.9284805505970404
texas,0,-1.9284805505970404
texas,0,-1.9284805505970404
texas,0,-1.9284805505970404
connecticut,0,-1.9298853691313247
connecticut,0,-1.9298853691313247
connecticut,0,-1.9298853691313247
connecticut,0,-1.9298853691313247
wisconsin,0,-1.931606570154767
wisconsin,0,-1.931606570154767
wisconsin,0,-1.931606570154767
wisconsin,0,-1.931606570154767
ohio,0,-1.9316241889970425
ohio,0,-1.9316241889970425
ohio,0,-1.9316241889970425
ohio,0,-1.9316241889970425
new york,0,-1.935550348760878
minnesota,0,-1.9359692091735055
minnesota,0,-1.9359692091735055
minnesota,0,-1.9359692091735055
minnesota,0,-1.9359692091735055
massachusetts,0,-1.9406121227072417
massachusetts,0,-1.9406121227072417
massachusetts,0,-1.9406121227072417
massachusetts,0,-1.9406121227072417
oklahoma,0,-1.9413505075563453
oklahoma,0,-1.9413505075563453
oklahoma,0,-1.9413505075563453
nebraska,0,-1.9416773814779513
nebraska,0,-1.9416773814779513
nebraska,0,-1.9416773814779513
nebraska,0,-1.9416773814779513
pennsylvania,0,-1.9436396142629755
pennsylvania,0,-1.9436396142629755
washington,0,-1.94477021374306
washington,0,-1.94477021374306
washington,0,-1.94477021374306
washington,0,-1.94477021374306
oregon,0,-1.9467794299378955
arkansas,0,-1.9500608912595507
arkansas,0,-1.9500608912595507
arkansas,0,-1.9500608912595507
arkansas,0,-1.9500608912595507
texas,0,-1.953061691374916
texas,0,-1.953061691374916
texas,0,-1.953061691374916
texas,0,-1.953061691374916
new jersey,0,-1.956626817277615
new jersey,0,-1.956626817277615
louisiana,0,-1.9567177970467278
louisiana,0,-1.9567177970467278
rhode island,0,-1.9577431197899906
rhode island,0,-1.9577431197899906
rhode island,0,-1.9577431197899906
wisconsin,0,-1.9604824487470982
wisconsin,0,-1.9604824487470982
wisconsin,0,-1.9604824487470982
wisconsin,0,-1.9604824487470982
washington,0,-1.9636233382749122
washington,0,-1.9636233382749122
washington,0,-1.9636233382749122
washington,0,-1.9636233382749122
iowa,0,-1.9638710720203685
iowa,0,-1.9638710720203685
iowa,0,-1.9638710720203685
iowa,0,-1.9638710720203685
minnesota,0,-1.9647607195236563
minnesota,0,-1.9647607195236563
minnesota,0,-1.9647607195236563
minnesota,0,-1.9647607195236563
kentucky,0,-1.964779629535259
kentucky,0,-1.964779629535259
kentucky,0,-1.964779629535259
new jersey,0,-1.9672253862391333
new jersey,0,-1.9672253862391333
new jersey,0,-1.9672253862391333
new jersey,0,-1.9672253862391333
nebraska,0,-1.9680654035923733
nebraska,0,-1.9680654035923733
nebraska,0,-1.9680654035923733
nebraska,0,-1.9680654035923733
wyoming,0,-1.968937367031774
michigan,0,-1.9696180007211068
michigan,0,-1.9696180007211068
michigan,0,-1.9696180007211068
michigan,0,-1.9696180007211068
new hampshire,0,-1.9732584646506168
new hampshire,0,-1.9732584646506168
nebraska,0,-1.9769071601998411
nebraska,0,-1.9769071601998411
nebraska,0,-1.9769071601998411
iowa,0,-1.9792323352326697
iowa,0,-1.9792323352326697
iowa,0,-1.9792323352326697
iowa,0,-1.9792323352326697
tennessee,0,-1.9818381551674593
missouri,0,-1.9828711303802817
missouri,0,-1.9828711303802817
missouri,0,-1.9828711303802817
missouri,0,-1.9828711303802817
louisiana,0,-1.9849789327250118
louisiana,0,-1.9849789327250118
louisiana,0,-1.9849789327250118
kansas,0,-1.9948853472646682
kansas,0,-1.9948853472646682
kansas,0,-1.9948853472646682
kansas,0,-1.9948853472646682
new jersey,0,-1.9969073338633339
new jersey,0,-1.9969073338633339
new jersey,0,-1.9969073338633339
california,0,-1.9993316126563603
washington,0,-2.000406779747273
washington,0,-2.000406779747273
washington,0,-2.000406779747273
washington,0,-2.000406779747273
north dakota,0,-2.0041257114774442
north dakota,0,-2.0041257114774442
new york,0,-2.006466112893544
new york,0,-2.006466112893544
new york,0,-2.006466112893544
new york,0,-2.006466112893544
kansas,0,-2.0092204907584557
kansas,0,-2.0092204907584557
kansas,0,-2.0092204907584557
kansas,0,-2.0092204907584557
michigan,0,-2.010953974958845
michigan,0,-2.010953974958845
louisiana,0,-2.011794345802427
nebraska,0,-2.0135342204437814
nebraska,0,-2.0135342204437814
nebraska,0,-2.0135342204437814
nebraska,0,-2.0135342204437814
virginia,0,-2.02041377037055
louisiana,0,-2.0214630850000175
louisiana,0,-2.0214630850000175
wyoming,0,-2.032449783839951
wyoming,0,-2.032449783839951
wyoming,0,-2.032449783839951
wyoming,0,-2.032449783839951
new york,0,-2.0341385295382084
new york,0,-2.0341385295382084
new york,0,-2.0341385295382084
new york,0,-2.0341385295382084
colorado,0,-2.041598358857708
colorado,0,-2.041598358857708
colorado,0,-2.041598358857708
colorado,0,-2.041598358857708
alabama,0,-2.0446585655234912
alabama,0,-2.0446585655234912
alabama,0,-2.0446585655234912
alabama,0,-2.0446585655234912
kansas,0,-2.047941717360806
kansas,0,-2.047941717360806
kansas,0,-2.047941717360806
kansas,0,-2.047941717360806
louisiana,0,-2.049047328603366
kansas,0,-2.0514034073783876
kansas,0,-2.0514034073783876
louisiana,0,-2.0649971477366904
louisiana,0,-2.0649971477366904
louisiana,0,-2.0649971477366904
louisiana,0,-2.0649971477366904
south dakota,1,-2.0688369249578384
south dakota,1,-2.0688369249578384
new york,0,-2.0704476285497684
new york,0,-2.0704476285497684
new york,0,-2.0704476285497684
new york,0,-2.0704476285497684
connecticut,0,-2.0722254603385566
connecticut,0,-2.0722254603385566
connecticut,0,-2.0722254603385566
connecticut,0,-2.0722254603385566
pennsylvania,0,-2.077739740689457
pennsylvania,0,-2.077739740689457
pennsylvania,0,-2.077739740689457
pennsylvania,0,-2.077739740689457
south dakota,1,-2.090041933330174
mississippi,0,-2.0900602088988487
mississippi,0,-2.0900602088988487
mississippi,0,-2.0900602088988487
mississippi,0,-2.0900602088988487
oklahoma,0,-2.0972518877626944
colorado,0,-2.097508935436228
colorado,0,-2.097508935436228
hawaii,0,-2.107169936166928
hawaii,0,-2.107169936166928
hawaii,0,-2.107169936166928
hawaii,0,-2.107169936166928
delaware,0,-2.1253203713884172
delaware,0,-2.1253203713884172
delaware,0,-2.1253203713884172
delaware,0,-2.1253203713884172
virginia,0,-2.1301568077147297
virginia,0,-2.1301568077147297
virginia,0,-2.1301568077147297
virginia,0,-2.1301568077147297
rhode island,0,-2.1372997463305703
rhode island,0,-2.1372997463305703
rhode island,0,-2.1372997463305703
rhode island,0,-2.1372997463305703
colorado,0,-2.1377798259989023
colorado,0,-2.1377798259989023
colorado,0,-2.1377798259989023
colorado,0,-2.1377798259989023
north dakota,0,-2.1390653630760847
north dakota,0,-2.1390653630760847
north dakota,0,-2.1390653630760847
south dakota,1,-2.1392555632538888
washington,0,-2.146288721937935
washington,0,-2.146288721937935
washington,0,-2.146288721937935
washington,0,-2.146288721937935
delaware,0,-2.15164618919897
delaware,0,-2.151707750219109
delaware,0,-2.151707750219109
delaware,0,-2.151707750219109
delaware,0,-2.151707750219109
virginia,0,-2.156271303560313
arkansas,0,-2.162244663070633
colorado,0,-2.181264210869288
colorado,0,-2.181264210869288
georgia,0,-2.188631949707715
georgia,0,-2.188631949707715
georgia,0,-2.188631949707715
missouri,0,-2.189556840016695
missouri,0,-2.189556840016695
missouri,0,-2.189556840016695
georgia,0,-2.1918997279603682
mississippi,0,-2.199399873179872
mississippi,0,-2.199399873179872
mississippi,0,-2.199399873179872
mississippi,0,-2.199399873179872
colorado,0,-2.201461979558639
colorado,0,-2.201461979558639
colorado,0,-2.201461979558639
colorado,0,-2.201461979558639
new york,0,-2.2026402468048656
new york,0,-2.2026402468048656
new york,0,-2.2026402468048656
new york,0,-2.2026402468048656
north carolina,0,-2.206515806796829
north carolina,0,-2.206515806796829
delaware,0,-2.2084578198089937
delaware,0,-2.2084578198089937
delaware,0,-2.239252062805375
delaware,0,-2.239252062805375
rhode island,0,-2.240806706771053
texas,0,-2.2410977441369666
texas,0,-2.2410977441369666
texas,0,-2.2410977441369666
texas,0,-2.2410977441369666
washington,0,-2.2422095038006202
washington,0,-2.2422095038006202
washington,0,-2.2422095038006202
washington,0,-2.2422095038006202
oklahoma,0,-2.268792055613399
oklahoma,0,-2.268792055613399
oklahoma,0,-2.268792055613399
oklahoma,0,-2.268792055613399
south dakota,0,-2.276842021532924
south dakota,0,-2.276842021532924
alabama,0,-2.2779556123606457
alabama,0,-2.2779556123606457
alabama,0,-2.2779556123606457
georgia,0,-2.2850332514519303
georgia,0,-2.2850332514519303
georgia,0,-2.2850332514519303
georgia,0,-2.2850332514519303
texas,1,-2.288505891650567
texas,1,-2.288505891650567
virginia,1,-2.30142815948433
virginia,1,-2.30142815948433
south dakota,0,-2.3038498208005027
oklahoma,0,-2.3212152759411175
oklahoma,0,-2.3212152759411175
oklahoma,0,-2.3212152759411175
oklahoma,0,-2.3212152759411175
north dakota,0,-2.3229583600391863
north dakota,0,-2.3229583600391863
north dakota,0,-2.3229583600391863
north dakota,0,-2.3229583600391863
west virginia,0,-2.3234857475630073
west virginia,0,-2.3234857475630073
west virginia,0,-2.3234857475630073
west virginia,0,-2.3234857475630073
south dakota,0,-2.3483477230085756
new york,0,-2.369303271828147
new york,0,-2.369303271828147
new york,0,-2.369303271828147
new york,0,-2.369303271828147
colorado,0,-2.38358968471658
colorado,0,-2.38358968471658
illinois,0,-2.3933198890824032
virginia,0,-2.4161875979697394
virginia,0,-2.4161875979697394
virginia,0,-2.4161875979697394
illinois,0,-2.436184131553783
illinois,0,-2.436184131553783
illinois,0,-2.436184131553783
nevada,0,-2.458578093969783
nevada,0,-2.458578093969783
nevada,0,-2.4614875279593504
nevada,0,-2.466496048722411
north dakota,0,-2.482817446724841
north dakota,0,-2.482817446724841
north dakota,0,-2.482817446724841
utah,1,-2.4832167666290514
utah,1,-2.4832167666290514
utah,1,-2.4832167666290514
utah,1,-2.4832167666290514
hawaii,0,-2.485537385917342
hawaii,0,-2.485537385917342
hawaii,0,-2.485537385917342
hawaii,0,-2.485537385917342
new york,0,-2.4916831584778194
mississippi,0,-2.503414299691127
mississippi,0,-2.503414299691127
mississippi,0,-2.503414299691127
mississippi,0,-2.5062716856018135
new york,0,-2.519017431687331
texas,0,-2.550684824699859
texas,0,-2.550684824699859
mississippi,0,-2.5518918122657124
mississippi,0,-2.5518918122657124
mississippi,0,-2.5518918122657124
mississippi,0,-2.5737975391136705
delaware,0,-2.5762614370678114
delaware,0,-2.5762614370678114
delaware,0,-2.5762614370678114
florida,0,-2.578460636601026
florida,0,-2.578460636601026
florida,0,-2.578460636601026
florida,0,-2.578460636601026
nevada,1,-2.613425888650399
nevada,1,-2.613425888650399
nevada,1,-2.613425888650399
oklahoma,0,-2.644068327279981
oklahoma,0,-2.644068327279981
oklahoma,0,-2.644068327279981
oklahoma,0,-2.644068327279981
pennsylvania,0,-2.6511486976298424
nevada,1,-2.652948163327416
pennsylvania,0,-2.6584931692896223
pennsylvania,0,-2.6584931692896223
pennsylvania,0,-2.6584931692896223
michigan,0,-2.6690884984246313
michigan,0,-2.6690884984246313
michigan,0,-2.6690884984246313
michigan,0,-2.6690884984246313
alaska,1,-2.7065508698177663
alaska,1,-2.7065508698177663
virginia,0,-2.7174861273245052
virginia,0,-2.72465178810363
virginia,0,-2.72465178810363
virginia,0,-2.72465178810363
nevada,0,-2.732054957417165
nevada,0,-2.732054957417165
south carolina,0,-2.7538821377234073
south carolina,0,-2.7538821377234073
oklahoma,0,-2.7623294297637484
oklahoma,0,-2.7623294297637484
oklahoma,0,-2.7623294297637484
washington,1,-2.772178269467999
washington,1,-2.772178269467999
nevada,0,-2.7741745577255874
new mexico,0,-2.7937737476339586
nevada,0,-2.7963831787715243
nevada,0,-2.7963831787715243
nevada,0,-2.7963831787715243
arizona,0,-2.800879881899281
arizona,0,-2.800879881899281
south dakota,1,-2.806719158452729
south dakota,1,-2.806719158452729
south dakota,1,-2.806719158452729
south dakota,1,-2.806719158452729
tennessee,0,-2.815183992884458
oklahoma,0,-2.828550273902585
oklahoma,0,-2.828550273902585
oklahoma,0,-2.828550273902585
oklahoma,0,-2.8310795216923403
georgia,0,-2.8464374595145827
georgia,0,-2.8464374595145827
georgia,0,-2.8464374595145827
georgia,0,-2.8464374595145827
tennessee,0,-2.851714211689161
illinois,0,-2.858951210726931
illinois,0,-2.858951210726931
illinois,0,-2.858951210726931
illinois,0,-2.858951210726931
arizona,0,-2.864139999408641
arizona,0,-2.864139999408641
new mexico,0,-2.8781055569901794
michigan,0,-2.91430846751492
michigan,0,-2.975157755012927
michigan,0,-2.975157755012927
michigan,0,-2.975157755012927
kansas,0,-2.990643283942569
kansas,0,-2.990643283942569
kansas,0,-2.993035559084144
kansas,0,-2.993035559084144
illinois,1,-3.004558004394738
illinois,1,-3.004558004394738
illinois,1,-3.004558004394738
illinois,1,-3.004558004394738
texas,0,-3.016707628325956
texas,0,-3.016707628325956
texas,0,-3.016707628325956
missouri,1,-3.016983361193885
missouri,1,-3.016983361193885
mississippi,0,-3.039102574559718
texas,0,-3.039323736245063
mississippi,0,-3.0615532524517914
mississippi,0,-3.0615532524517914
mississippi,0,-3.0615532524517914
north dakota,0,-3.06535167176231
nevada,0,-3.06582792965215
nevada,0,-3.06582792965215
nevada,0,-3.06582792965215
nevada,0,-3.06582792965215
virginia,1,-3.104305378135211
virginia,1,-3.104305378135211
virginia,1,-3.104305378135211
virginia,1,-3.1269531296061888
west virginia,1,-3.136361027184965
west virginia,1,-3.136361027184965
west virginia,1,-3.136361027184965
mississippi,0,-3.162191525396523
west virginia,1,-3.1672062779752737
mississippi,0,-3.168351583632215
mississippi,0,-3.168351583632215
mississippi,0,-3.168351583632215
mississippi,0,-3.178370515643521
mississippi,0,-3.180621596616517
mississippi,0,-3.184499277583092
mississippi,0,-3.184499277583092
wisconsin,1,-3.210446063980032
wisconsin,1,-3.210446063980032
south dakota,0,-3.222683504961502
south dakota,0,-3.222683504961502
south dakota,0,-3.222683504961502
south dakota,0,-3.222683504961502
colorado,0,-3.2919473067314886
colorado,0,-3.2919473067314886
colorado,0,-3.2919473067314886
south dakota,0,-3.3131405477009155
south dakota,0,-3.3667892883583197
south dakota,0,-3.3667892883583197
south dakota,0,-3.3667892883583197
illinois,0,-3.3886749602096935
illinois,0,-3.3886749602096935
illinois,0,-3.3886749602096935
illinois,0,-3.3886749602096935
arizona,0,-3.4156596795502296
nebraska,1,-3.421044479242574
virginia,1,-3.4248892869259793
virginia,1,-3.4248892869259793
virginia,1,-3.4248892869259793
virginia,1,-3.4248892869259793
nebraska,1,-3.449344929600018
nebraska,1,-3.449344929600018
nebraska,1,-3.449344929600018
colorado,0,-3.467762051283477
arizona,0,-3.4849750200990295
arizona,0,-3.4849750200990295
arizona,0,-3.4849750200990295
iowa,0,-3.4873550371871254
iowa,0,-3.4894067922135075
oklahoma,0,-3.5056047783800097
oklahoma,0,-3.5056047783800097
oklahoma,0,-3.5056047783800097
oklahoma,0,-3.511162396759217
arizona,0,-3.520487008168157
arizona,0,-3.526021169660777
arizona,0,-3.526021169660777
arizona,0,-3.526021169660777
georgia,0,-3.554479129461592
georgia,0,-3.554479129461592
georgia,0,-3.558175673344356
georgia,0,-3.558175673344356
georgia,0,-3.558175673344356
georgia,0,-3.5718393423504384
georgia,0,-3.5718393423504384
utah,1,-3.5778976897147543
utah,1,-3.5778976897147543
utah,1,-3.5778976897147543
utah,1,-3.5778976897147543
arkansas,0,-3.5784317765233276
arkansas,0,-3.5784317765233276
idaho,1,-3.587345392858562
idaho,1,-3.587345392858562
georgia,0,-3.5876460672004904
georgia,0,-3.5876460672004904
georgia,0,-3.5876460672004904
georgia,0,-3.624766746507783
georgia,0,-3.6372481530524623
illinois,1,-3.6429180707832316
illinois,1,-3.6429180707832316
ohio,1,-3.722935896534703
ohio,1,-3.722935896534703
pennsylvania,1,-3.7700006787529934
pennsylvania,1,-3.7700006787529934
south dakota,0,-3.986185665305376
south dakota,0,-3.986185665305376
south dakota,0,-3.9879807878721536
south dakota,0,-3.9879807878721536
illinois,1,-4.073180288845425
illinois,1,-4.073180288845425
illinois,1,-4.073180288845425
illinois,1,-4.073180288845425
ohio,0,-4.0781873758515275
ohio,0,-4.0781873758515275
ohio,0,-4.0781873758515275
california,1,-4.078998964197449
california,1,-4.078998964197449
california,1,-4.078998964197449
california,1,-4.078998964197449
ohio,0,-4.093327091540467
south dakota,1,-4.137374648671733
south dakota,1,-4.137374648671733
virginia,0,-4.161751691856959
virginia,0,-4.161751691856959
virginia,0,-4.161751691856959
rhode island,0,-4.202048240623442
virginia,0,-4.204586420572023
nebraska,1,-4.216052664434716
nebraska,1,-4.216052664434716
south dakota,0,-4.231558485351899
south dakota,0,-4.231558485351899
rhode island,0,-4.341159521435679
nevada,1,-4.377508871814585
nevada,1,-4.377508871814585
nevada,1,-4.377508871814585
nevada,1,-4.377508871814585
indiana,1,-4.476417453943536
indiana,1,-4.476417453943536
utah,1,-4.580870253591973
utah,1,-4.580870253591973
utah,1,-4.580870253591973
utah,1,-4.580870253591973
minnesota,1,-4.597271100934391
minnesota,1,-4.597271100934391
georgia,0,-4.601843054339249
georgia,0,-4.601843054339249
georgia,0,-4.601843054339249
georgia,0,-4.601843054339249
nevada,1,-5.324564320741566
nevada,1,-5.334081123796499
nevada,1,-5.334081123796499
nevada,1,-5.334081123796499
maryland,1,-5.402249561564445
maryland,1,-5.402249561564445
utah,0,-5.686345839185923
utah,0,-5.686345839185923
utah,0,-5.686345839185923
utah,0,-5.687604382249033
california,1,-6.4007520230575015
california,1,-6.4007520230575015
michigan,1,-6.51449974078429
michigan,1,-6.51449974078429
arizona,0,-6.8354927756125425
arizona,0,-6.84453620716814
arizona,0,-6.84453620716814
arizona,0,-6.84453620716814
alabama,1,-7.960989742388514
alabama,1,-7.962128815986995
utah,1,-8.385827930481053
utah,1,-8.385827930481053
utah,1,-8.385827930481053
utah,1,-8.427053770801155
arizona,0,-9.29022949713934
arizona,0,-9.29022949713934
arizona,0,-9.29022949713934
arizona,0,-9.29022949713934
arizona,0,-10.710462281274934
arizona,0,-10.710462281274934
arizona,0,-10.765800427865926
arizona,0,-10.765800427865926
florida,1,-10.777646405096563
florida,1,-10.777646405096563
arizona,0,-10.931310544413224
arizona,0,-10.931310544413224
arizona,0,-10.931310544413224
arizona,0,-10.931310544413224
delaware,1,-15.823176340582531
delaware,1,-15.825962800606487
utah,1,-24.023435780812306
utah,1,-24.023435780812306
arizona,1,-26.13329981434802
arizona,1,-26.13329981434802
arizona,1,-28.643698403512744
arizona,1,-28.643698403512744
arizona,1,-28.643698403512744
arizona,1,-28.643698403512744
