State,iso_score,normal_score
arizona,0.28594793581687794,-0.28594793581687794
arizona,0.28594793581687794,-0.28594793581687794
arizona,0.25723853046050504,-0.25723853046050504
arizona,0.25723853046050504,-0.25723853046050504
arizona,0.25723853046050504,-0.25723853046050504
arizona,0.25723853046050504,-0.25723853046050504
florida,0.2324428044775264,-0.2324428044775264
florida,0.2324428044775264,-0.2324428044775264
delaware,0.2306811259731123,-0.2306811259731123
utah,0.22652398049614464,-0.22652398049614464
utah,0.22652398049614464,-0.22652398049614464
delaware,0.22606071920430648,-0.22606071920430648
utah,0.21685960994315057,-0.21685960994315057
utah,0.20997662852168797,-0.20997662852168797
utah,0.20997662852168797,-0.20997662852168797
utah,0.20997662852168797,-0.20997662852168797
california,0.1789233134260153,-0.1789233134260153
california,0.1789233134260153,-0.1789233134260153
michigan,0.17446405932502806,-0.17446405932502806
michigan,0.17446405932502806,-0.17446405932502806
arizona,0.17121471730062454,-0.17121471730062454
arizona,0.17121471730062454,-0.17121471730062454
illinois,0.16959774903778502,-0.16959774903778502
illinois,0.16959774903778502,-0.16959774903778502
illinois,0.16959774903778502,-0.16959774903778502
illinois,0.16959774903778502,-0.16959774903778502
utah,0.16613688603532328,-0.16613688603532328
utah,0.16613688603532328,-0.16613688603532328
utah,0.16613688603532328,-0.16613688603532328
utah,0.16613688603532328,-0.16613688603532328
arizona,0.16575938926887823,-0.16575938926887823
arizona,0.16575938926887823,-0.16575938926887823
arizona,0.16575938926887823,-0.16575938926887823
arizona,0.16575938926887823,-0.16575938926887823
nebraska,0.15297598776818233,-0.15297598776818233
nebraska,0.15297598776818233,-0.15297598776818233
arizona,0.1495650461528809,-0.1495650461528809
arizona,0.1495650461528809,-0.1495650461528809
alabama,0.14514210794302917,-0.14514210794302917
south dakota,0.14373963383890986,-0.14373963383890986
south dakota,0.14373963383890986,-0.14373963383890986
south dakota,0.14373963383890986,-0.14373963383890986
south dakota,0.14373963383890986,-0.14373963383890986
alabama,0.13647355820126006,-0.13647355820126006
west virginia,0.13567723137269005,-0.13567723137269005
utah,0.12933438401894548,-0.12933438401894548
utah,0.12933438401894548,-0.12933438401894548
utah,0.12933438401894548,-0.12933438401894548
utah,0.12933438401894548,-0.12933438401894548
virginia,0.1289376067787208,-0.1289376067787208
virginia,0.1289376067787208,-0.1289376067787208
ohio,0.12455573263386055,-0.12455573263386055
ohio,0.12455573263386055,-0.12455573263386055
west virginia,0.12301384358247158,-0.12301384358247158
west virginia,0.12301384358247158,-0.12301384358247158
west virginia,0.12301384358247158,-0.12301384358247158
arizona,0.12163203792370891,-0.12163203792370891
arizona,0.12163203792370891,-0.12163203792370891
arizona,0.12163203792370891,-0.12163203792370891
arizona,0.12163203792370891,-0.12163203792370891
illinois,0.12066373189116941,-0.12066373189116941
illinois,0.12066373189116941,-0.12066373189116941
georgia,0.12060009252867365,-0.12060009252867365
south dakota,0.11943126594271825,-0.11943126594271825
south dakota,0.11943126594271825,-0.11943126594271825
south dakota,0.11943126594271825,-0.11943126594271825
south dakota,0.11943126594271825,-0.11943126594271825
pennsylvania,0.11750640053379147,-0.11750640053379147
pennsylvania,0.11750640053379147,-0.11750640053379147
utah,0.09828545349415552,-0.09828545349415552
utah,0.09828545349415552,-0.09828545349415552
utah,0.09828545349415552,-0.09828545349415552
utah,0.09828545349415552,-0.09828545349415552
wisconsin,0.0960221509283763,-0.0960221509283763
wisconsin,0.0960221509283763,-0.0960221509283763
illinois,0.09596604622241245,-0.09596604622241245
illinois,0.09596604622241245,-0.09596604622241245
illinois,0.09596604622241245,-0.09596604622241245
illinois,0.09596604622241245,-0.09596604622241245
south dakota,0.09566651712029961,-0.09566651712029961
south dakota,0.09566651712029961,-0.09566651712029961
virginia,0.09369676526127502,-0.09369676526127502
virginia,0.09369676526127502,-0.09369676526127502
virginia,0.09369676526127502,-0.09369676526127502
virginia,0.09369676526127502,-0.09369676526127502
georgia,0.09350064430001814,-0.09350064430001814
oklahoma,0.09306734783647552,-0.09306734783647552
oklahoma,0.09306734783647552,-0.09306734783647552
oklahoma,0.09306734783647552,-0.09306734783647552
texas,0.09214469983829998,-0.09214469983829998
texas,0.09214469983829998,-0.09214469983829998
arizona,0.09081567487355224,-0.09081567487355224
arizona,0.09081567487355224,-0.09081567487355224
arizona,0.09081567487355224,-0.09081567487355224
missouri,0.09067610904798717,-0.09067610904798717
missouri,0.09067610904798717,-0.09067610904798717
arizona,0.0895540545862904,-0.0895540545862904
rhode island,0.0868968055943301,-0.0868968055943301
utah,0.08317858397968625,-0.08317858397968625
utah,0.08317858397968625,-0.08317858397968625
utah,0.08317858397968625,-0.08317858397968625
utah,0.08132791603788347,-0.08132791603788347
delaware,0.0796630126121024,-0.0796630126121024
delaware,0.0796630126121024,-0.0796630126121024
delaware,0.0796630126121024,-0.0796630126121024
california,0.07878291245395275,-0.07878291245395275
california,0.07878291245395275,-0.07878291245395275
california,0.07878291245395275,-0.07878291245395275
california,0.07878291245395275,-0.07878291245395275
washington,0.06923147081247649,-0.06923147081247649
washington,0.06923147081247649,-0.06923147081247649
virginia,0.06806620735983804,-0.06806620735983804
virginia,0.06806620735983804,-0.06806620735983804
virginia,0.06806620735983804,-0.06806620735983804
virginia,0.06806620735983804,-0.06806620735983804
idaho,0.06746009798591523,-0.06746009798591523
idaho,0.06746009798591523,-0.06746009798591523
illinois,0.06704500259675872,-0.06704500259675872
illinois,0.06704500259675872,-0.06704500259675872
illinois,0.06704500259675872,-0.06704500259675872
illinois,0.06704500259675872,-0.06704500259675872
georgia,0.06518935834058392,-0.06518935834058392
georgia,0.06518935834058392,-0.06518935834058392
georgia,0.06518935834058392,-0.06518935834058392
georgia,0.06518935834058392,-0.06518935834058392
south dakota,0.06405795465732367,-0.06405795465732367
south dakota,0.06405795465732367,-0.06405795465732367
illinois,0.06374277561093,-0.06374277561093
illinois,0.06374277561093,-0.06374277561093
illinois,0.06374277561093,-0.06374277561093
illinois,0.06374277561093,-0.06374277561093
maryland,0.060306220767002094,-0.060306220767002094
maryland,0.060306220767002094,-0.060306220767002094
alaska,0.058108645358812216,-0.058108645358812216
alaska,0.058108645358812216,-0.058108645358812216
rhode island,0.057177230717974314,-0.057177230717974314
north dakota,0.05516572288970378,-0.05516572288970378
nevada,0.05348761411785474,-0.05348761411785474
nevada,0.05348761411785474,-0.05348761411785474
nevada,0.05348761411785474,-0.05348761411785474
nevada,0.05348761411785474,-0.05348761411785474
nevada,0.05072515452982973,-0.05072515452982973
nevada,0.05072515452982973,-0.05072515452982973
nevada,0.05072515452982973,-0.05072515452982973
nevada,0.05018630362129817,-0.05018630362129817
nevada,0.05018630362129817,-0.05018630362129817
nevada,0.05018630362129817,-0.05018630362129817
nebraska,0.048394656729205066,-0.048394656729205066
nebraska,0.048394656729205066,-0.048394656729205066
nebraska,0.048394656729205066,-0.048394656729205066
south dakota,0.0478004694431956,-0.0478004694431956
oklahoma,0.047737045730011696,-0.047737045730011696
oklahoma,0.047737045730011696,-0.047737045730011696
oklahoma,0.047737045730011696,-0.047737045730011696
oklahoma,0.047737045730011696,-0.047737045730011696
nevada,0.04709564043226899,-0.04709564043226899
south dakota,0.04701927235887482,-0.04701927235887482
alabama,0.04538599625408157,-0.04538599625408157
alabama,0.04538599625408157,-0.04538599625408157
alabama,0.04538599625408157,-0.04538599625408157
nevada,0.04415989830950651,-0.04415989830950651
texas,0.04383494101954666,-0.04383494101954666
texas,0.04383494101954666,-0.04383494101954666
south dakota,0.043688342696302174,-0.043688342696302174
south dakota,0.04283634259183844,-0.04283634259183844
south dakota,0.04283634259183844,-0.04283634259183844
south dakota,0.04283634259183844,-0.04283634259183844
north dakota,0.04043060522441222,-0.04043060522441222
north dakota,0.04043060522441222,-0.04043060522441222
north dakota,0.04043060522441222,-0.04043060522441222
north dakota,0.04043060522441222,-0.04043060522441222
colorado,0.038913226722828265,-0.038913226722828265
new york,0.037559763382295275,-0.037559763382295275
new york,0.037559763382295275,-0.037559763382295275
new york,0.037559763382295275,-0.037559763382295275
new york,0.037559763382295275,-0.037559763382295275
georgia,0.037029650036327744,-0.037029650036327744
mississippi,0.03580593148259714,-0.03580593148259714
mississippi,0.03580593148259714,-0.03580593148259714
mississippi,0.03580593148259714,-0.03580593148259714
mississippi,0.03580593148259714,-0.03580593148259714
minnesota,0.03484755912676596,-0.03484755912676596
minnesota,0.03484755912676596,-0.03484755912676596
south dakota,0.03366475226546228,-0.03366475226546228
south dakota,0.03366475226546228,-0.03366475226546228
arizona,0.03188130768076536,-0.03188130768076536
arizona,0.03188130768076536,-0.03188130768076536
arizona,0.03188130768076536,-0.03188130768076536
nebraska,0.029130713775491035,-0.029130713775491035
arizona,0.026676167515669813,-0.026676167515669813
georgia,0.026583098345059564,-0.026583098345059564
georgia,0.026583098345059564,-0.026583098345059564
georgia,0.026583098345059564,-0.026583098345059564
oklahoma,0.024285104182809825,-0.024285104182809825
oklahoma,0.024285104182809825,-0.024285104182809825
oklahoma,0.024285104182809825,-0.024285104182809825
pennsylvania,0.024004936220068385,-0.024004936220068385
pennsylvania,0.024004936220068385,-0.024004936220068385
pennsylvania,0.024004936220068385,-0.024004936220068385
pennsylvania,0.024004936220068385,-0.024004936220068385
georgia,0.02368697969718858,-0.02368697969718858
georgia,0.022814276803645006,-0.022814276803645006
georgia,0.022814276803645006,-0.022814276803645006
georgia,0.022814276803645006,-0.022814276803645006
oklahoma,0.021978071382302122,-0.021978071382302122
oklahoma,0.021978071382302122,-0.021978071382302122
oklahoma,0.021978071382302122,-0.021978071382302122
oklahoma,0.021978071382302122,-0.021978071382302122
nevada,0.02072064244298122,-0.02072064244298122
nevada,0.02072064244298122,-0.02072064244298122
missouri,0.020333838272846516,-0.020333838272846516
missouri,0.020333838272846516,-0.020333838272846516
missouri,0.020333838272846516,-0.020333838272846516
mississippi,0.02010735934795771,-0.02010735934795771
mississippi,0.02010735934795771,-0.02010735934795771
mississippi,0.02010735934795771,-0.02010735934795771
virginia,0.02002679720699685,-0.02002679720699685
virginia,0.02002679720699685,-0.02002679720699685
virginia,0.02002679720699685,-0.02002679720699685
michigan,0.019638413334637117,-0.019638413334637117
michigan,0.019638413334637117,-0.019638413334637117
michigan,0.019638413334637117,-0.019638413334637117
michigan,0.019638413334637117,-0.019638413334637117
virginia,0.018868367594527036,-0.018868367594527036
texas,0.018596210609256203,-0.018596210609256203
texas,0.018596210609256203,-0.018596210609256203
texas,0.018596210609256203,-0.018596210609256203
texas,0.018596210609256203,-0.018596210609256203
oklahoma,0.017247943318749348,-0.017247943318749348
arkansas,0.016613311494697913,-0.016613311494697913
arkansas,0.016613311494697913,-0.016613311494697913
north dakota,0.014279602943313097,-0.014279602943313097
north dakota,0.014279602943313097,-0.014279602943313097
north dakota,0.014279602943313097,-0.014279602943313097
nebraska,0.011611671555700531,-0.011611671555700531
nebraska,0.011611671555700531,-0.011611671555700531
nebraska,0.011611671555700531,-0.011611671555700531
nebraska,0.011611671555700531,-0.011611671555700531
new york,0.011488788312268294,-0.011488788312268294
mississippi,0.009787460502283518,-0.009787460502283518
hawaii,0.009533377062098003,-0.009533377062098003
hawaii,0.009533377062098003,-0.009533377062098003
hawaii,0.009533377062098003,-0.009533377062098003
hawaii,0.009533377062098003,-0.009533377062098003
north dakota,0.009397518818739292,-0.009397518818739292
north dakota,0.009397518818739292,-0.009397518818739292
north dakota,0.009397518818739292,-0.009397518818739292
florida,0.00899935980640676,-0.00899935980640676
florida,0.00899935980640676,-0.00899935980640676
florida,0.00899935980640676,-0.00899935980640676
florida,0.00899935980640676,-0.00899935980640676
virginia,0.008598726040290328,-0.008598726040290328
virginia,0.008598726040290328,-0.008598726040290328
virginia,0.008598726040290328,-0.008598726040290328
mississippi,0.008567898511470107,-0.008567898511470107
mississippi,0.008567898511470107,-0.008567898511470107
mississippi,0.008567898511470107,-0.008567898511470107
south dakota,0.008535267705914285,-0.008535267705914285
south dakota,0.008535267705914285,-0.008535267705914285
georgia,0.006936691966698771,-0.006936691966698771
georgia,0.006936691966698771,-0.006936691966698771
virginia,0.006821165260542106,-0.006821165260542106
georgia,0.006448682463982891,-0.006448682463982891
georgia,0.006448682463982891,-0.006448682463982891
arkansas,0.006150790469430789,-0.006150790469430789
mississippi,0.005980442210717141,-0.005980442210717141
delaware,0.005902513176350266,-0.005902513176350266
indiana,0.005650111570632554,-0.005650111570632554
indiana,0.005650111570632554,-0.005650111570632554
mississippi,0.0052801957856669635,-0.0052801957856669635
delaware,0.004572868481784509,-0.004572868481784509
delaware,0.004572868481784509,-0.004572868481784509
kansas,0.004330099636586815,-0.004330099636586815
kansas,0.004330099636586815,-0.004330099636586815
new mexico,0.004235619183855288,-0.004235619183855288
new york,0.0034906165633724617,-0.0034906165633724617
new york,0.0034906165633724617,-0.0034906165633724617
new york,0.0034906165633724617,-0.0034906165633724617
new york,0.0034906165633724617,-0.0034906165633724617
colorado,0.0026017447720658726,-0.0026017447720658726
colorado,0.0026017447720658726,-0.0026017447720658726
oklahoma,0.002549237167654095,-0.002549237167654095
south carolina,0.0009066283757800386,-0.0009066283757800386
south carolina,0.0009066283757800386,-0.0009066283757800386
colorado,0.000493375250688266,-0.000493375250688266
colorado,0.000493375250688266,-0.000493375250688266
colorado,0.000493375250688266,-0.000493375250688266
west virginia,0.00014104046395713166,-0.00014104046395713166
west virginia,0.00014104046395713166,-0.00014104046395713166
west virginia,0.00014104046395713166,-0.00014104046395713166
west virginia,0.00014104046395713166,-0.00014104046395713166
iowa,-0.0005014331763684154,0.0005014331763684154
michigan,-0.0010697478842793817,0.0010697478842793817
michigan,-0.0010697478842793817,0.0010697478842793817
arizona,-0.0012418576834402062,0.0012418576834402062
texas,-0.003622809729591614,0.003622809729591614
washington,-0.0038394417461425356,0.0038394417461425356
washington,-0.0038394417461425356,0.0038394417461425356
washington,-0.0038394417461425356,0.0038394417461425356
washington,-0.0038394417461425356,0.0038394417461425356
mississippi,-0.003859886854142236,0.003859886854142236
mississippi,-0.003859886854142236,0.003859886854142236
nevada,-0.004554684122229924,0.004554684122229924
nevada,-0.004554684122229924,0.004554684122229924
nevada,-0.004554684122229924,0.004554684122229924
nevada,-0.004554684122229924,0.004554684122229924
new mexico,-0.004793193157722475,0.004793193157722475
nebraska,-0.004912494446933091,0.004912494446933091
nebraska,-0.004912494446933091,0.004912494446933091
nebraska,-0.004912494446933091,0.004912494446933091
arizona,-0.005156898103733265,0.005156898103733265
arizona,-0.005156898103733265,0.005156898103733265
south dakota,-0.005380298487068558,0.005380298487068558
south dakota,-0.005380298487068558,0.005380298487068558
michigan,-0.005467682293836873,0.005467682293836873
michigan,-0.005467682293836873,0.005467682293836873
michigan,-0.005467682293836873,0.005467682293836873
arizona,-0.005731635682305225,0.005731635682305225
arizona,-0.005731635682305225,0.005731635682305225
arizona,-0.005731635682305225,0.005731635682305225
delaware,-0.006102352290863755,0.006102352290863755
delaware,-0.006102352290863755,0.006102352290863755
delaware,-0.006102352290863755,0.006102352290863755
delaware,-0.006102352290863755,0.006102352290863755
mississippi,-0.006493976470228147,0.006493976470228147
kansas,-0.006501438527741876,0.006501438527741876
kansas,-0.006501438527741876,0.006501438527741876
oklahoma,-0.007557970740046049,0.007557970740046049
ohio,-0.007601246998878541,0.007601246998878541
ohio,-0.007601246998878541,0.007601246998878541
ohio,-0.007601246998878541,0.007601246998878541
south dakota,-0.00800040720094719,0.00800040720094719
south dakota,-0.00800040720094719,0.00800040720094719
south dakota,-0.00800040720094719,0.00800040720094719
delaware,-0.008133691110191577,0.008133691110191577
michigan,-0.009799336514806412,0.009799336514806412
michigan,-0.009799336514806412,0.009799336514806412
michigan,-0.009799336514806412,0.009799336514806412
michigan,-0.009799336514806412,0.009799336514806412
virginia,-0.011665390564274458,0.011665390564274458
virginia,-0.011665390564274458,0.011665390564274458
virginia,-0.011665390564274458,0.011665390564274458
new york,-0.012575615677897167,0.012575615677897167
oklahoma,-0.012576736438172975,0.012576736438172975
oklahoma,-0.012576736438172975,0.012576736438172975
oklahoma,-0.012576736438172975,0.012576736438172975
ohio,-0.013290716002142655,0.013290716002142655
kentucky,-0.013637405498448052,0.013637405498448052
kentucky,-0.013637405498448052,0.013637405498448052
kentucky,-0.013637405498448052,0.013637405498448052
mississippi,-0.013991015468269752,0.013991015468269752
missouri,-0.014436935836548315,0.014436935836548315
missouri,-0.014436935836548315,0.014436935836548315
missouri,-0.014436935836548315,0.014436935836548315
missouri,-0.014436935836548315,0.014436935836548315
arizona,-0.01457323650626563,0.01457323650626563
arizona,-0.01457323650626563,0.01457323650626563
oklahoma,-0.014968260950382617,0.014968260950382617
oklahoma,-0.014968260950382617,0.014968260950382617
oklahoma,-0.014968260950382617,0.014968260950382617
louisiana,-0.015254481717465962,0.015254481717465962
nebraska,-0.015815739771020132,0.015815739771020132
nebraska,-0.015815739771020132,0.015815739771020132
nebraska,-0.015815739771020132,0.015815739771020132
nebraska,-0.015815739771020132,0.015815739771020132
colorado,-0.01623867731489892,0.01623867731489892
colorado,-0.01623867731489892,0.01623867731489892
colorado,-0.01623867731489892,0.01623867731489892
colorado,-0.01623867731489892,0.01623867731489892
michigan,-0.01686979610590461,0.01686979610590461
texas,-0.016872111601513196,0.016872111601513196
texas,-0.016872111601513196,0.016872111601513196
texas,-0.016872111601513196,0.016872111601513196
south dakota,-0.01711600891861964,0.01711600891861964
south dakota,-0.01711600891861964,0.01711600891861964
rhode island,-0.017938785746839714,0.017938785746839714
mississippi,-0.018235457475292538,0.018235457475292538
mississippi,-0.018235457475292538,0.018235457475292538
mississippi,-0.018235457475292538,0.018235457475292538
mississippi,-0.018235457475292538,0.018235457475292538
nevada,-0.01889801240575062,0.01889801240575062
connecticut,-0.01893215756039185,0.01893215756039185
connecticut,-0.01893215756039185,0.01893215756039185
connecticut,-0.01893215756039185,0.01893215756039185
connecticut,-0.01893215756039185,0.01893215756039185
iowa,-0.019242258654179,0.019242258654179
wyoming,-0.019625724354706553,0.019625724354706553
washington,-0.019852621902871848,0.019852621902871848
washington,-0.019852621902871848,0.019852621902871848
washington,-0.019852621902871848,0.019852621902871848
washington,-0.019852621902871848,0.019852621902871848
oklahoma,-0.02020890348331611,0.02020890348331611
oklahoma,-0.02020890348331611,0.02020890348331611
oklahoma,-0.02020890348331611,0.02020890348331611
oklahoma,-0.02020890348331611,0.02020890348331611
tennessee,-0.020253147287992046,0.020253147287992046
hawaii,-0.020965658961670408,0.020965658961670408
hawaii,-0.020965658961670408,0.020965658961670408
hawaii,-0.020965658961670408,0.020965658961670408
hawaii,-0.020965658961670408,0.020965658961670408
nevada,-0.02123678952051339,0.02123678952051339
georgia,-0.021428801828533184,0.021428801828533184
georgia,-0.021428801828533184,0.021428801828533184
georgia,-0.021428801828533184,0.021428801828533184
georgia,-0.021428801828533184,0.021428801828533184
nevada,-0.022070294847982508,0.022070294847982508
nevada,-0.022070294847982508,0.022070294847982508
nevada,-0.022070294847982508,0.022070294847982508
nebraska,-0.02215959645626686,0.02215959645626686
nebraska,-0.02215959645626686,0.02215959645626686
nebraska,-0.02215959645626686,0.02215959645626686
nebraska,-0.02215959645626686,0.02215959645626686
pennsylvania,-0.02447805885297999,0.02447805885297999
illinois,-0.024570255808972208,0.024570255808972208
illinois,-0.024570255808972208,0.024570255808972208
illinois,-0.024570255808972208,0.024570255808972208
virginia,-0.025597319164839316,0.025597319164839316
pennsylvania,-0.026042499962563692,0.026042499962563692
pennsylvania,-0.026042499962563692,0.026042499962563692
iowa,-0.026066388813454633,0.026066388813454633
iowa,-0.026066388813454633,0.026066388813454633
iowa,-0.026066388813454633,0.026066388813454633
iowa,-0.026066388813454633,0.026066388813454633
delaware,-0.026148342667116298,0.026148342667116298
delaware,-0.026148342667116298,0.026148342667116298
vermont,-0.026196436099928277,0.026196436099928277
vermont,-0.026196436099928277,0.026196436099928277
mississippi,-0.026216676249423698,0.026216676249423698
colorado,-0.026613532283852936,0.026613532283852936
colorado,-0.026613532283852936,0.026613532283852936
colorado,-0.026613532283852936,0.026613532283852936
colorado,-0.026613532283852936,0.026613532283852936
tennessee,-0.02717645223001497,0.02717645223001497
new york,-0.02758800195664446,0.02758800195664446
new york,-0.02758800195664446,0.02758800195664446
new york,-0.02758800195664446,0.02758800195664446
new york,-0.02758800195664446,0.02758800195664446
new york,-0.027711348560783833,0.027711348560783833
north carolina,-0.02789310556842778,0.02789310556842778
north carolina,-0.02789310556842778,0.02789310556842778
washington,-0.028252526176412385,0.028252526176412385
washington,-0.028252526176412385,0.028252526176412385
washington,-0.028252526176412385,0.028252526176412385
washington,-0.028252526176412385,0.028252526176412385
missouri,-0.028591111592125795,0.028591111592125795
missouri,-0.028591111592125795,0.028591111592125795
missouri,-0.028591111592125795,0.028591111592125795
missouri,-0.028591111592125795,0.028591111592125795
colorado,-0.02891305479890316,0.02891305479890316
colorado,-0.02891305479890316,0.02891305479890316
colorado,-0.02891305479890316,0.02891305479890316
colorado,-0.02891305479890316,0.02891305479890316
south dakota,-0.029139754752582736,0.029139754752582736
tennessee,-0.029175880685944844,0.029175880685944844
iowa,-0.029325138519089355,0.029325138519089355
iowa,-0.029325138519089355,0.029325138519089355
iowa,-0.029325138519089355,0.029325138519089355
iowa,-0.029325138519089355,0.029325138519089355
virginia,-0.02972404224348263,0.02972404224348263
virginia,-0.02972404224348263,0.02972404224348263
virginia,-0.02972404224348263,0.02972404224348263
alabama,-0.03026104681960118,0.03026104681960118
louisiana,-0.030520156744969607,0.030520156744969607
louisiana,-0.030520156744969607,0.030520156744969607
louisiana,-0.030520156744969607,0.030520156744969607
louisiana,-0.030520156744969607,0.030520156744969607
pennsylvania,-0.03082248572437929,0.03082248572437929
pennsylvania,-0.03082248572437929,0.03082248572437929
pennsylvania,-0.03082248572437929,0.03082248572437929
hawaii,-0.031179386645905527,0.031179386645905527
hawaii,-0.031179386645905527,0.031179386645905527
texas,-0.031180987547820838,0.031180987547820838
texas,-0.031180987547820838,0.031180987547820838
texas,-0.031180987547820838,0.031180987547820838
texas,-0.031180987547820838,0.031180987547820838
indiana,-0.03126407229254241,0.03126407229254241
indiana,-0.03126407229254241,0.03126407229254241
indiana,-0.03126407229254241,0.03126407229254241
pennsylvania,-0.03274756453787453,0.03274756453787453
pennsylvania,-0.03274756453787453,0.03274756453787453
pennsylvania,-0.03274756453787453,0.03274756453787453
pennsylvania,-0.03274756453787453,0.03274756453787453
texas,-0.03306880752093411,0.03306880752093411
texas,-0.03306880752093411,0.03306880752093411
georgia,-0.03308135390056416,0.03308135390056416
georgia,-0.03308135390056416,0.03308135390056416
georgia,-0.03308135390056416,0.03308135390056416
georgia,-0.03308135390056416,0.03308135390056416
nevada,-0.033280200317464925,0.033280200317464925
texas,-0.03333882233762708,0.03333882233762708
texas,-0.03333882233762708,0.03333882233762708
texas,-0.03333882233762708,0.03333882233762708
texas,-0.03333882233762708,0.03333882233762708
nevada,-0.03365533370260593,0.03365533370260593
nevada,-0.03365533370260593,0.03365533370260593
illinois,-0.03408474931256511,0.03408474931256511
new york,-0.03441682025236964,0.03441682025236964
new york,-0.03441682025236964,0.03441682025236964
new york,-0.03441682025236964,0.03441682025236964
new york,-0.03441682025236964,0.03441682025236964
minnesota,-0.03597563414283317,0.03597563414283317
minnesota,-0.03597563414283317,0.03597563414283317
colorado,-0.03598822603100943,0.03598822603100943
colorado,-0.03598822603100943,0.03598822603100943
colorado,-0.03598822603100943,0.03598822603100943
colorado,-0.03598822603100943,0.03598822603100943
nevada,-0.03628186051044857,0.03628186051044857
nevada,-0.03628186051044857,0.03628186051044857
nevada,-0.03628186051044857,0.03628186051044857
nevada,-0.03628186051044857,0.03628186051044857
california,-0.036427781798273884,0.036427781798273884
west virginia,-0.036533765562404064,0.036533765562404064
west virginia,-0.036533765562404064,0.036533765562404064
connecticut,-0.03698932450192144,0.03698932450192144
connecticut,-0.03698932450192144,0.03698932450192144
connecticut,-0.03698932450192144,0.03698932450192144
connecticut,-0.03698932450192144,0.03698932450192144
mississippi,-0.03748500072069455,0.03748500072069455
mississippi,-0.03748500072069455,0.03748500072069455
mississippi,-0.03748500072069455,0.03748500072069455
mississippi,-0.03781238661121794,0.03781238661121794
mississippi,-0.03781238661121794,0.03781238661121794
mississippi,-0.03781238661121794,0.03781238661121794
oregon,-0.03853334617311516,0.03853334617311516
oregon,-0.03853334617311516,0.03853334617311516
oregon,-0.03853334617311516,0.03853334617311516
oregon,-0.03853334617311516,0.03853334617311516
indiana,-0.038580246273302476,0.038580246273302476
vermont,-0.041008635196413734,0.041008635196413734
minnesota,-0.04165399257798841,0.04165399257798841
minnesota,-0.04165399257798841,0.04165399257798841
minnesota,-0.04165399257798841,0.04165399257798841
minnesota,-0.04165399257798841,0.04165399257798841
virginia,-0.043044124873131084,0.043044124873131084
virginia,-0.04305384988516864,0.04305384988516864
virginia,-0.04305384988516864,0.04305384988516864
virginia,-0.04305384988516864,0.04305384988516864
virginia,-0.04305384988516864,0.04305384988516864
connecticut,-0.0431304608527715,0.0431304608527715
connecticut,-0.0431304608527715,0.0431304608527715
connecticut,-0.0431304608527715,0.0431304608527715
kansas,-0.04327010352481714,0.04327010352481714
kansas,-0.04327010352481714,0.04327010352481714
new hampshire,-0.04340842170008491,0.04340842170008491
south dakota,-0.04352967133929919,0.04352967133929919
wisconsin,-0.043557995701622554,0.043557995701622554
wisconsin,-0.043557995701622554,0.043557995701622554
wisconsin,-0.043557995701622554,0.043557995701622554
wisconsin,-0.043557995701622554,0.043557995701622554
washington,-0.043643877997173786,0.043643877997173786
washington,-0.043643877997173786,0.043643877997173786
washington,-0.043643877997173786,0.043643877997173786
washington,-0.043643877997173786,0.043643877997173786
west virginia,-0.044413910843246196,0.044413910843246196
west virginia,-0.044413910843246196,0.044413910843246196
west virginia,-0.044413910843246196,0.044413910843246196
kansas,-0.0449566271305194,0.0449566271305194
kansas,-0.0449566271305194,0.0449566271305194
kansas,-0.0449566271305194,0.0449566271305194
kansas,-0.0449566271305194,0.0449566271305194
california,-0.04549083149065547,0.04549083149065547
california,-0.04549083149065547,0.04549083149065547
california,-0.04549083149065547,0.04549083149065547
california,-0.04549083149065547,0.04549083149065547
oklahoma,-0.046254471390210994,0.046254471390210994
georgia,-0.046431668478001564,0.046431668478001564
north dakota,-0.046488156810001235,0.046488156810001235
north dakota,-0.046488156810001235,0.046488156810001235
north dakota,-0.046488156810001235,0.046488156810001235
louisiana,-0.046952313729493655,0.046952313729493655
louisiana,-0.046952313729493655,0.046952313729493655
louisiana,-0.046952313729493655,0.046952313729493655
new york,-0.04742330670570144,0.04742330670570144
new york,-0.04742330670570144,0.04742330670570144
new york,-0.04742330670570144,0.04742330670570144
new york,-0.04742330670570144,0.04742330670570144
oklahoma,-0.0478099367287268,0.0478099367287268
oregon,-0.04831710294979946,0.04831710294979946
oregon,-0.04831710294979946,0.04831710294979946
oregon,-0.04831710294979946,0.04831710294979946
maine,-0.04839773832862854,0.04839773832862854
maine,-0.04839773832862854,0.04839773832862854
georgia,-0.048465738496354216,0.048465738496354216
georgia,-0.048465738496354216,0.048465738496354216
georgia,-0.048465738496354216,0.048465738496354216
georgia,-0.048465738496354216,0.048465738496354216
delaware,-0.048727911087889375,0.048727911087889375
delaware,-0.048727911087889375,0.048727911087889375
delaware,-0.048727911087889375,0.048727911087889375
delaware,-0.048727911087889375,0.048727911087889375
south dakota,-0.04908158475263963,0.04908158475263963
south dakota,-0.04908158475263963,0.04908158475263963
louisiana,-0.04909607866131549,0.04909607866131549
louisiana,-0.04909607866131549,0.04909607866131549
colorado,-0.04917685807118566,0.04917685807118566
colorado,-0.04917685807118566,0.04917685807118566
north dakota,-0.04970192328339529,0.04970192328339529
north dakota,-0.04970192328339529,0.04970192328339529
south dakota,-0.05014779407114667,0.05014779407114667
new jersey,-0.050206206961178,0.050206206961178
new jersey,-0.050206206961178,0.050206206961178
new jersey,-0.050206206961178,0.050206206961178
wyoming,-0.050570967533096256,0.050570967533096256
wyoming,-0.050570967533096256,0.050570967533096256
wyoming,-0.050570967533096256,0.050570967533096256
wyoming,-0.050570967533096256,0.050570967533096256
kansas,-0.05083146161091501,0.05083146161091501
kansas,-0.05083146161091501,0.05083146161091501
kansas,-0.05083146161091501,0.05083146161091501
kansas,-0.05083146161091501,0.05083146161091501
new hampshire,-0.05141463620329878,0.05141463620329878
new hampshire,-0.05141463620329878,0.05141463620329878
minnesota,-0.051596278286563324,0.051596278286563324
minnesota,-0.051596278286563324,0.051596278286563324
minnesota,-0.051596278286563324,0.051596278286563324
minnesota,-0.051596278286563324,0.051596278286563324
virginia,-0.05171209695612122,0.05171209695612122
new york,-0.0518402501504448,0.0518402501504448
new york,-0.0518402501504448,0.0518402501504448
rhode island,-0.05213693323536428,0.05213693323536428
rhode island,-0.05213693323536428,0.05213693323536428
rhode island,-0.05213693323536428,0.05213693323536428
rhode island,-0.05213693323536428,0.05213693323536428
louisiana,-0.052752777692378516,0.052752777692378516
vermont,-0.052828258141858375,0.052828258141858375
vermont,-0.052828258141858375,0.052828258141858375
vermont,-0.052828258141858375,0.052828258141858375
alabama,-0.052941830527620914,0.052941830527620914
alabama,-0.052941830527620914,0.052941830527620914
alabama,-0.052941830527620914,0.052941830527620914
alabama,-0.052941830527620914,0.052941830527620914
arkansas,-0.05309208441776764,0.05309208441776764
arkansas,-0.05309208441776764,0.05309208441776764
arkansas,-0.05309208441776764,0.05309208441776764
arkansas,-0.05309208441776764,0.05309208441776764
washington,-0.053113780674868716,0.053113780674868716
washington,-0.053113780674868716,0.053113780674868716
washington,-0.053113780674868716,0.053113780674868716
washington,-0.053113780674868716,0.053113780674868716
ohio,-0.053597038992333035,0.053597038992333035
ohio,-0.053597038992333035,0.053597038992333035
ohio,-0.053597038992333035,0.053597038992333035
ohio,-0.053597038992333035,0.053597038992333035
vermont,-0.05389195565386329,0.05389195565386329
indiana,-0.05404571671410224,0.05404571671410224
indiana,-0.05404571671410224,0.05404571671410224
indiana,-0.05404571671410224,0.05404571671410224
indiana,-0.05404571671410224,0.05404571671410224
oregon,-0.054644137137547066,0.054644137137547066
oregon,-0.05498170957677462,0.05498170957677462
oregon,-0.05498170957677462,0.05498170957677462
colorado,-0.05526502545712131,0.05526502545712131
colorado,-0.05526502545712131,0.05526502545712131
new jersey,-0.055487256885629666,0.055487256885629666
new jersey,-0.055487256885629666,0.055487256885629666
new jersey,-0.055487256885629666,0.055487256885629666
new jersey,-0.055487256885629666,0.055487256885629666
oregon,-0.05566771924487751,0.05566771924487751
oregon,-0.05566771924487751,0.05566771924487751
oregon,-0.05566771924487751,0.05566771924487751
california,-0.05569041810078057,0.05569041810078057
california,-0.05569041810078057,0.05569041810078057
california,-0.05569041810078057,0.05569041810078057
california,-0.05569041810078057,0.05569041810078057
new york,-0.0558399998333266,0.0558399998333266
new york,-0.0558399998333266,0.0558399998333266
new york,-0.0558399998333266,0.0558399998333266
new york,-0.0558399998333266,0.0558399998333266
indiana,-0.056613370021432574,0.056613370021432574
indiana,-0.056613370021432574,0.056613370021432574
indiana,-0.056613370021432574,0.056613370021432574
indiana,-0.056613370021432574,0.056613370021432574
new jersey,-0.056938698561534384,0.056938698561534384
new jersey,-0.056938698561534384,0.056938698561534384
kansas,-0.05700988708878929,0.05700988708878929
kansas,-0.05700988708878929,0.05700988708878929
kansas,-0.05700988708878929,0.05700988708878929
kansas,-0.05700988708878929,0.05700988708878929
arkansas,-0.05753086914974481,0.05753086914974481
arkansas,-0.05753086914974481,0.05753086914974481
arkansas,-0.05753086914974481,0.05753086914974481
arkansas,-0.05753086914974481,0.05753086914974481
louisiana,-0.05796818230982648,0.05796818230982648
louisiana,-0.05796818230982648,0.05796818230982648
arkansas,-0.05800146699834041,0.05800146699834041
arkansas,-0.05800146699834041,0.05800146699834041
arkansas,-0.05800146699834041,0.05800146699834041
maine,-0.058353101931442775,0.058353101931442775
maine,-0.058353101931442775,0.058353101931442775
iowa,-0.0585665879827017,0.0585665879827017
iowa,-0.0585665879827017,0.0585665879827017
iowa,-0.0585665879827017,0.0585665879827017
iowa,-0.0585665879827017,0.0585665879827017
wisconsin,-0.05862503436084471,0.05862503436084471
wisconsin,-0.05862503436084471,0.05862503436084471
wisconsin,-0.05862503436084471,0.05862503436084471
wisconsin,-0.05862503436084471,0.05862503436084471
maryland,-0.058848041048636,0.058848041048636
maryland,-0.058848041048636,0.058848041048636
maryland,-0.058848041048636,0.058848041048636
maryland,-0.058848041048636,0.058848041048636
north dakota,-0.05920848155204134,0.05920848155204134
north dakota,-0.05920848155204134,0.05920848155204134
north dakota,-0.05920848155204134,0.05920848155204134
north dakota,-0.05920848155204134,0.05920848155204134
ohio,-0.05922394561295019,0.05922394561295019
california,-0.05925982238725552,0.05925982238725552
california,-0.05925982238725552,0.05925982238725552
california,-0.05925982238725552,0.05925982238725552
california,-0.05925982238725552,0.05925982238725552
hawaii,-0.05929970388029915,0.05929970388029915
hawaii,-0.05929970388029915,0.05929970388029915
hawaii,-0.05929970388029915,0.05929970388029915
hawaii,-0.05929970388029915,0.05929970388029915
maryland,-0.05973147497271847,0.05973147497271847
maryland,-0.05973147497271847,0.05973147497271847
maryland,-0.05973147497271847,0.05973147497271847
maryland,-0.05973147497271847,0.05973147497271847
georgia,-0.06014229297546214,0.06014229297546214
georgia,-0.06014229297546214,0.06014229297546214
georgia,-0.06014229297546214,0.06014229297546214
alaska,-0.06050757448589106,0.06050757448589106
kentucky,-0.060767400077157974,0.060767400077157974
kentucky,-0.060767400077157974,0.060767400077157974
kentucky,-0.060767400077157974,0.060767400077157974
florida,-0.06079131087026374,0.06079131087026374
florida,-0.06079131087026374,0.06079131087026374
florida,-0.06079131087026374,0.06079131087026374
florida,-0.06079131087026374,0.06079131087026374
wisconsin,-0.06090703054710461,0.06090703054710461
wisconsin,-0.06090703054710461,0.06090703054710461
wisconsin,-0.06090703054710461,0.06090703054710461
wisconsin,-0.06090703054710461,0.06090703054710461
alabama,-0.06099507468800536,0.06099507468800536
alabama,-0.06099507468800536,0.06099507468800536
alabama,-0.06099507468800536,0.06099507468800536
kentucky,-0.06149432550144379,0.06149432550144379
kentucky,-0.06149432550144379,0.06149432550144379
kentucky,-0.06149432550144379,0.06149432550144379
kentucky,-0.06149432550144379,0.06149432550144379
hawaii,-0.061551013113992636,0.061551013113992636
hawaii,-0.061551013113992636,0.061551013113992636
rhode island,-0.061703557324688296,0.061703557324688296
rhode island,-0.061703557324688296,0.061703557324688296
rhode island,-0.061703557324688296,0.061703557324688296
iowa,-0.061904809488738666,0.061904809488738666
iowa,-0.061904809488738666,0.061904809488738666
iowa,-0.061904809488738666,0.061904809488738666
iowa,-0.061904809488738666,0.061904809488738666
delaware,-0.06198756555603391,0.06198756555603391
massachusetts,-0.062011232513695225,0.062011232513695225
massachusetts,-0.062011232513695225,0.062011232513695225
massachusetts,-0.062011232513695225,0.062011232513695225
massachusetts,-0.062011232513695225,0.062011232513695225
virginia,-0.062164386769434365,0.062164386769434365
virginia,-0.062164386769434365,0.062164386769434365
virginia,-0.062164386769434365,0.062164386769434365
montana,-0.06216601137352834,0.06216601137352834
montana,-0.06216601137352834,0.06216601137352834
wisconsin,-0.062359464492030836,0.062359464492030836
wisconsin,-0.062359464492030836,0.062359464492030836
wisconsin,-0.062359464492030836,0.062359464492030836
wisconsin,-0.062359464492030836,0.062359464492030836
louisiana,-0.06258409363418393,0.06258409363418393
new york,-0.06279574772152047,0.06279574772152047
new york,-0.06279574772152047,0.06279574772152047
new york,-0.06279574772152047,0.06279574772152047
new york,-0.06279574772152047,0.06279574772152047
florida,-0.06310608971293652,0.06310608971293652
oklahoma,-0.06368552451194326,0.06368552451194326
oklahoma,-0.06368552451194326,0.06368552451194326
oklahoma,-0.06368552451194326,0.06368552451194326
louisiana,-0.06418870900227941,0.06418870900227941
massachusetts,-0.06434111645194746,0.06434111645194746
massachusetts,-0.06434111645194746,0.06434111645194746
massachusetts,-0.06434111645194746,0.06434111645194746
massachusetts,-0.06434111645194746,0.06434111645194746
alabama,-0.06443202526780473,0.06443202526780473
nevada,-0.06469418272519123,0.06469418272519123
nevada,-0.06469418272519123,0.06469418272519123
hawaii,-0.06518258144285333,0.06518258144285333
hawaii,-0.06518258144285333,0.06518258144285333
hawaii,-0.06518258144285333,0.06518258144285333
hawaii,-0.06518258144285333,0.06518258144285333
rhode island,-0.06526390242073599,0.06526390242073599
idaho,-0.06547658017013835,0.06547658017013835
idaho,-0.06547658017013835,0.06547658017013835
idaho,-0.06547658017013835,0.06547658017013835
north dakota,-0.06577806853231843,0.06577806853231843
north dakota,-0.06577806853231843,0.06577806853231843
delaware,-0.06582892373268484,0.06582892373268484
delaware,-0.06582892373268484,0.06582892373268484
delaware,-0.06582892373268484,0.06582892373268484
texas,-0.06596895704229244,0.06596895704229244
texas,-0.06596895704229244,0.06596895704229244
texas,-0.06596895704229244,0.06596895704229244
arkansas,-0.06633880513466528,0.06633880513466528
arkansas,-0.06633880513466528,0.06633880513466528
arkansas,-0.06633880513466528,0.06633880513466528
arkansas,-0.06633880513466528,0.06633880513466528
mississippi,-0.06634353473591997,0.06634353473591997
mississippi,-0.06634353473591997,0.06634353473591997
maryland,-0.06659286944071446,0.06659286944071446
maryland,-0.06659286944071446,0.06659286944071446
maryland,-0.06659286944071446,0.06659286944071446
maryland,-0.06659286944071446,0.06659286944071446
massachusetts,-0.06665486143127147,0.06665486143127147
massachusetts,-0.06665486143127147,0.06665486143127147
massachusetts,-0.06665486143127147,0.06665486143127147
massachusetts,-0.06665486143127147,0.06665486143127147
nebraska,-0.06672860801738184,0.06672860801738184
nebraska,-0.06672860801738184,0.06672860801738184
nebraska,-0.06672860801738184,0.06672860801738184
nebraska,-0.06672860801738184,0.06672860801738184
north dakota,-0.06679161555441843,0.06679161555441843
north dakota,-0.06679161555441843,0.06679161555441843
north dakota,-0.06679161555441843,0.06679161555441843
north dakota,-0.06679161555441843,0.06679161555441843
pennsylvania,-0.06706088677752892,0.06706088677752892
pennsylvania,-0.06706088677752892,0.06706088677752892
pennsylvania,-0.06706088677752892,0.06706088677752892
pennsylvania,-0.06706088677752892,0.06706088677752892
north dakota,-0.06789547304110327,0.06789547304110327
north dakota,-0.06789547304110327,0.06789547304110327
new hampshire,-0.06799566651202305,0.06799566651202305
new hampshire,-0.06799566651202305,0.06799566651202305
new hampshire,-0.06799566651202305,0.06799566651202305
new hampshire,-0.06799566651202305,0.06799566651202305
new york,-0.06801411052562811,0.06801411052562811
rhode island,-0.06808731803447282,0.06808731803447282
rhode island,-0.06808731803447282,0.06808731803447282
rhode island,-0.06808731803447282,0.06808731803447282
arkansas,-0.06812343948873345,0.06812343948873345
georgia,-0.06818878357767444,0.06818878357767444
georgia,-0.06818878357767444,0.06818878357767444
georgia,-0.06818878357767444,0.06818878357767444
georgia,-0.06818878357767444,0.06818878357767444
oregon,-0.06872487762388502,0.06872487762388502
oregon,-0.06872487762388502,0.06872487762388502
oregon,-0.06872487762388502,0.06872487762388502
oregon,-0.06872487762388502,0.06872487762388502
north dakota,-0.06889509080820355,0.06889509080820355
north dakota,-0.06889509080820355,0.06889509080820355
north dakota,-0.06889509080820355,0.06889509080820355
north dakota,-0.06889509080820355,0.06889509080820355
montana,-0.06932050670634043,0.06932050670634043
montana,-0.06932050670634043,0.06932050670634043
montana,-0.06932050670634043,0.06932050670634043
montana,-0.06932050670634043,0.06932050670634043
ohio,-0.06993522739635244,0.06993522739635244
ohio,-0.06993522739635244,0.06993522739635244
arkansas,-0.06995190940448909,0.06995190940448909
arkansas,-0.06995190940448909,0.06995190940448909
arkansas,-0.06995190940448909,0.06995190940448909
utah,-0.07085586764688256,0.07085586764688256
utah,-0.07085586764688256,0.07085586764688256
utah,-0.07085586764688256,0.07085586764688256
hawaii,-0.07107004281472279,0.07107004281472279
hawaii,-0.07107004281472279,0.07107004281472279
ohio,-0.07134028171726298,0.07134028171726298
ohio,-0.07134028171726298,0.07134028171726298
ohio,-0.07134028171726298,0.07134028171726298
new hampshire,-0.0719153219196727,0.0719153219196727
new hampshire,-0.0719153219196727,0.0719153219196727
ohio,-0.07262203209153711,0.07262203209153711
ohio,-0.07262203209153711,0.07262203209153711
indiana,-0.07313028460027149,0.07313028460027149
indiana,-0.07313028460027149,0.07313028460027149
north dakota,-0.07379914585674374,0.07379914585674374
kansas,-0.07387650005296081,0.07387650005296081
washington,-0.07481551149585947,0.07481551149585947
washington,-0.07481551149585947,0.07481551149585947
washington,-0.07481551149585947,0.07481551149585947
indiana,-0.07493755664029977,0.07493755664029977
indiana,-0.07493755664029977,0.07493755664029977
ohio,-0.07520454460251347,0.07520454460251347
ohio,-0.07520454460251347,0.07520454460251347
ohio,-0.07520454460251347,0.07520454460251347
ohio,-0.07520454460251347,0.07520454460251347
missouri,-0.07535086105030181,0.07535086105030181
delaware,-0.07536092046899573,0.07536092046899573
delaware,-0.07536092046899573,0.07536092046899573
ohio,-0.0755483482646872,0.0755483482646872
california,-0.07581045295005606,0.07581045295005606
california,-0.07581045295005606,0.07581045295005606
california,-0.07581045295005606,0.07581045295005606
utah,-0.07631556049562416,0.07631556049562416
louisiana,-0.07715225225842992,0.07715225225842992
louisiana,-0.07715225225842992,0.07715225225842992
louisiana,-0.07715225225842992,0.07715225225842992
kansas,-0.07739591764568654,0.07739591764568654
louisiana,-0.07795047330102711,0.07795047330102711
louisiana,-0.07795047330102711,0.07795047330102711
louisiana,-0.07795047330102711,0.07795047330102711
utah,-0.07815929088639806,0.07815929088639806
texas,-0.07874776036295073,0.07874776036295073
washington,-0.07886717051631636,0.07886717051631636
washington,-0.07886717051631636,0.07886717051631636
nevada,-0.07890985437705678,0.07890985437705678
nevada,-0.07890985437705678,0.07890985437705678
nevada,-0.07890985437705678,0.07890985437705678
new hampshire,-0.07922927758808601,0.07922927758808601
new hampshire,-0.07922927758808601,0.07922927758808601
new hampshire,-0.07922927758808601,0.07922927758808601
rhode island,-0.07935081451920989,0.07935081451920989
delaware,-0.08012560354066123,0.08012560354066123
new hampshire,-0.08017691214833439,0.08017691214833439
utah,-0.08028607229823476,0.08028607229823476
new york,-0.08043043232056302,0.08043043232056302
alabama,-0.08065713382631734,0.08065713382631734
alabama,-0.08065713382631734,0.08065713382631734
alabama,-0.08065713382631734,0.08065713382631734
alabama,-0.08065713382631734,0.08065713382631734
utah,-0.08097006532293893,0.08097006532293893
utah,-0.08097006532293893,0.08097006532293893
hawaii,-0.08127353755820532,0.08127353755820532
hawaii,-0.08127353755820532,0.08127353755820532
hawaii,-0.08127353755820532,0.08127353755820532
new hampshire,-0.08133620459151719,0.08133620459151719
new hampshire,-0.08133620459151719,0.08133620459151719
new hampshire,-0.08133620459151719,0.08133620459151719
new hampshire,-0.08133620459151719,0.08133620459151719
hawaii,-0.0816530902186331,0.0816530902186331
hawaii,-0.0816530902186331,0.0816530902186331
hawaii,-0.0816530902186331,0.0816530902186331
mississippi,-0.08227111288839156,0.08227111288839156
new hampshire,-0.08270657229214706,0.08270657229214706
new hampshire,-0.08270657229214706,0.08270657229214706
new hampshire,-0.08270657229214706,0.08270657229214706
montana,-0.08356882997949566,0.08356882997949566
montana,-0.08356882997949566,0.08356882997949566
montana,-0.08356882997949566,0.08356882997949566
montana,-0.08356882997949566,0.08356882997949566
alabama,-0.0845974755655804,0.0845974755655804
alabama,-0.0845974755655804,0.0845974755655804
washington,-0.08467451510939167,0.08467451510939167
new hampshire,-0.08481892642004041,0.08481892642004041
new hampshire,-0.08481892642004041,0.08481892642004041
new hampshire,-0.08481892642004041,0.08481892642004041
new hampshire,-0.08481892642004041,0.08481892642004041
montana,-0.0853819359841771,0.0853819359841771
montana,-0.0853819359841771,0.0853819359841771
montana,-0.0853819359841771,0.0853819359841771
alaska,-0.08575759220718471,0.08575759220718471
alaska,-0.08575759220718471,0.08575759220718471
alaska,-0.08575759220718471,0.08575759220718471
alaska,-0.08575759220718471,0.08575759220718471
kansas,-0.08615977747847409,0.08615977747847409
kansas,-0.08617144317021125,0.08617144317021125
kansas,-0.08617144317021125,0.08617144317021125
kansas,-0.08617144317021125,0.08617144317021125
missouri,-0.08647079362104776,0.08647079362104776
missouri,-0.08647079362104776,0.08647079362104776
missouri,-0.08647079362104776,0.08647079362104776
mississippi,-0.08647421738350669,0.08647421738350669
mississippi,-0.08647421738350669,0.08647421738350669
mississippi,-0.08647421738350669,0.08647421738350669
delaware,-0.08700188745681847,0.08700188745681847
alabama,-0.08718989919047426,0.08718989919047426
alabama,-0.08718989919047426,0.08718989919047426
michigan,-0.08730094160404134,0.08730094160404134
michigan,-0.08730094160404134,0.08730094160404134
hawaii,-0.08787706624622282,0.08787706624622282
hawaii,-0.08787706624622282,0.08787706624622282
minnesota,-0.0878919359415275,0.0878919359415275
minnesota,-0.0878919359415275,0.0878919359415275
minnesota,-0.0878919359415275,0.0878919359415275
wyoming,-0.08806164550542772,0.08806164550542772
wyoming,-0.08806164550542772,0.08806164550542772
wyoming,-0.08806164550542772,0.08806164550542772
wyoming,-0.08806164550542772,0.08806164550542772
new jersey,-0.08811551262592038,0.08811551262592038
new jersey,-0.08811551262592038,0.08811551262592038
new jersey,-0.08811551262592038,0.08811551262592038
tennessee,-0.08824541456422186,0.08824541456422186
tennessee,-0.08824541456422186,0.08824541456422186
tennessee,-0.08824541456422186,0.08824541456422186
michigan,-0.08851813198189845,0.08851813198189845
connecticut,-0.08857011497590922,0.08857011497590922
connecticut,-0.08857011497590922,0.08857011497590922
connecticut,-0.08857011497590922,0.08857011497590922
rhode island,-0.08869360793566672,0.08869360793566672
rhode island,-0.08869360793566672,0.08869360793566672
rhode island,-0.08869360793566672,0.08869360793566672
new hampshire,-0.08891753022281002,0.08891753022281002
new hampshire,-0.08891753022281002,0.08891753022281002
maine,-0.08899289503286634,0.08899289503286634
alabama,-0.08906098498038745,0.08906098498038745
alabama,-0.08906098498038745,0.08906098498038745
montana,-0.08918797131886597,0.08918797131886597
hawaii,-0.08972296192910978,0.08972296192910978
oregon,-0.08975074219311102,0.08975074219311102
nebraska,-0.08977784612979134,0.08977784612979134
rhode island,-0.09011035323735817,0.09011035323735817
south carolina,-0.09038153680587335,0.09038153680587335
south carolina,-0.09038153680587335,0.09038153680587335
south carolina,-0.09038153680587335,0.09038153680587335
south carolina,-0.09038153680587335,0.09038153680587335
new york,-0.09041512584112932,0.09041512584112932
new york,-0.09041512584112932,0.09041512584112932
new york,-0.09041512584112932,0.09041512584112932
kansas,-0.09047596007450576,0.09047596007450576
kansas,-0.09047596007450576,0.09047596007450576
oregon,-0.0905991523393394,0.0905991523393394
oregon,-0.0905991523393394,0.0905991523393394
oregon,-0.0905991523393394,0.0905991523393394
oregon,-0.0905991523393394,0.0905991523393394
alaska,-0.09075033517282682,0.09075033517282682
montana,-0.09076674475913993,0.09076674475913993
montana,-0.09076674475913993,0.09076674475913993
montana,-0.09076674475913993,0.09076674475913993
missouri,-0.09087156724249479,0.09087156724249479
massachusetts,-0.09097445977032126,0.09097445977032126
massachusetts,-0.09097445977032126,0.09097445977032126
arkansas,-0.09113524212672025,0.09113524212672025
arkansas,-0.09113524212672025,0.09113524212672025
arkansas,-0.09113524212672025,0.09113524212672025
colorado,-0.09114488647117713,0.09114488647117713
colorado,-0.09114488647117713,0.09114488647117713
alabama,-0.09122965023187324,0.09122965023187324
alabama,-0.09122965023187324,0.09122965023187324
pennsylvania,-0.09176480041466595,0.09176480041466595
pennsylvania,-0.09176480041466595,0.09176480041466595
rhode island,-0.09186502860959461,0.09186502860959461
rhode island,-0.09186502860959461,0.09186502860959461
rhode island,-0.09186502860959461,0.09186502860959461
rhode island,-0.09186502860959461,0.09186502860959461
nevada,-0.09200950636285143,0.09200950636285143
colorado,-0.09240331857363077,0.09240331857363077
hawaii,-0.09265259045777374,0.09265259045777374
ohio,-0.0926933122226854,0.0926933122226854
ohio,-0.0926933122226854,0.0926933122226854
ohio,-0.0926933122226854,0.0926933122226854
ohio,-0.0926933122226854,0.0926933122226854
new jersey,-0.09293565474255078,0.09293565474255078
virginia,-0.09294822405059183,0.09294822405059183
virginia,-0.09294822405059183,0.09294822405059183
virginia,-0.09294822405059183,0.09294822405059183
pennsylvania,-0.0929600695719498,0.0929600695719498
pennsylvania,-0.0929600695719498,0.0929600695719498
pennsylvania,-0.0929600695719498,0.0929600695719498
indiana,-0.09317048504954184,0.09317048504954184
rhode island,-0.09321271126519176,0.09321271126519176
rhode island,-0.09321271126519176,0.09321271126519176
rhode island,-0.09321271126519176,0.09321271126519176
oklahoma,-0.0932968311782047,0.0932968311782047
oklahoma,-0.0932968311782047,0.0932968311782047
oklahoma,-0.0932968311782047,0.0932968311782047
oklahoma,-0.0932968311782047,0.0932968311782047
pennsylvania,-0.09361349464112328,0.09361349464112328
pennsylvania,-0.09361349464112328,0.09361349464112328
michigan,-0.09372099538865042,0.09372099538865042
michigan,-0.09372099538865042,0.09372099538865042
michigan,-0.09372099538865042,0.09372099538865042
minnesota,-0.09390340405128267,0.09390340405128267
minnesota,-0.09390340405128267,0.09390340405128267
minnesota,-0.09390340405128267,0.09390340405128267
minnesota,-0.09390340405128267,0.09390340405128267
maryland,-0.09415339189773286,0.09415339189773286
montana,-0.09427931768676456,0.09427931768676456
alabama,-0.09430762888116767,0.09430762888116767
alabama,-0.09430762888116767,0.09430762888116767
missouri,-0.09443093056446117,0.09443093056446117
missouri,-0.09443093056446117,0.09443093056446117
missouri,-0.09443093056446117,0.09443093056446117
missouri,-0.09443093056446117,0.09443093056446117
alabama,-0.09444058462811689,0.09444058462811689
alabama,-0.09444058462811689,0.09444058462811689
alabama,-0.09444058462811689,0.09444058462811689
alabama,-0.09444058462811689,0.09444058462811689
louisiana,-0.09450981098003164,0.09450981098003164
kentucky,-0.09454527294020382,0.09454527294020382
california,-0.09471599142096293,0.09471599142096293
delaware,-0.09486211479999535,0.09486211479999535
montana,-0.09494383476871959,0.09494383476871959
montana,-0.09494383476871959,0.09494383476871959
montana,-0.09494383476871959,0.09494383476871959
delaware,-0.09510401177467348,0.09510401177467348
delaware,-0.09510401177467348,0.09510401177467348
pennsylvania,-0.09580321979688278,0.09580321979688278
pennsylvania,-0.09580321979688278,0.09580321979688278
virginia,-0.09590874779709385,0.09590874779709385
alabama,-0.09600282802496435,0.09600282802496435
alabama,-0.09600282802496435,0.09600282802496435
new jersey,-0.09612376425539276,0.09612376425539276
wyoming,-0.0961387809264842,0.0961387809264842
wyoming,-0.0961387809264842,0.0961387809264842
wyoming,-0.0961387809264842,0.0961387809264842
colorado,-0.0962092852832554,0.0962092852832554
new jersey,-0.09629480397866746,0.09629480397866746
new jersey,-0.09640309777237899,0.09640309777237899
washington,-0.0968501306248668,0.0968501306248668
washington,-0.0968501306248668,0.0968501306248668
new hampshire,-0.09698469039024377,0.09698469039024377
new hampshire,-0.09698469039024377,0.09698469039024377
new hampshire,-0.09724723951812148,0.09724723951812148
new hampshire,-0.09724723951812148,0.09724723951812148
new jersey,-0.09744836845820537,0.09744836845820537
new jersey,-0.09744836845820537,0.09744836845820537
montana,-0.09757371990397173,0.09757371990397173
new jersey,-0.09763352777731488,0.09763352777731488
wisconsin,-0.0976851341341684,0.0976851341341684
wisconsin,-0.0976851341341684,0.0976851341341684
wisconsin,-0.0976851341341684,0.0976851341341684
arkansas,-0.09798163453856606,0.09798163453856606
hawaii,-0.09824964941991765,0.09824964941991765
alaska,-0.0983666491140443,0.0983666491140443
alaska,-0.0983666491140443,0.0983666491140443
louisiana,-0.09869042941124095,0.09869042941124095
north dakota,-0.09873127686216376,0.09873127686216376
north dakota,-0.09873127686216376,0.09873127686216376
colorado,-0.0988254828948763,0.0988254828948763
new jersey,-0.09900006387874177,0.09900006387874177
new jersey,-0.09903444981001774,0.09903444981001774
new jersey,-0.09903444981001774,0.09903444981001774
new jersey,-0.09903444981001774,0.09903444981001774
wisconsin,-0.0991583965953991,0.0991583965953991
texas,-0.09943821492570554,0.09943821492570554
texas,-0.09943821492570554,0.09943821492570554
texas,-0.09943821492570554,0.09943821492570554
texas,-0.09943821492570554,0.09943821492570554
south dakota,-0.09950636656462875,0.09950636656462875
wyoming,-0.09956452376313962,0.09956452376313962
wyoming,-0.09956452376313962,0.09956452376313962
indiana,-0.09963761398980442,0.09963761398980442
maine,-0.1000510166506221,0.1000510166506221
maine,-0.1000510166506221,0.1000510166506221
maine,-0.1000510166506221,0.1000510166506221
minnesota,-0.10019481672962294,0.10019481672962294
louisiana,-0.10041842690017505,0.10041842690017505
louisiana,-0.10041842690017505,0.10041842690017505
montana,-0.10045659670801432,0.10045659670801432
montana,-0.10045659670801432,0.10045659670801432
montana,-0.10045659670801432,0.10045659670801432
montana,-0.10045659670801432,0.10045659670801432
hawaii,-0.10055836488055936,0.10055836488055936
hawaii,-0.10055836488055936,0.10055836488055936
hawaii,-0.10055836488055936,0.10055836488055936
hawaii,-0.10055836488055936,0.10055836488055936
new hampshire,-0.1007829528539434,0.1007829528539434
new hampshire,-0.1007829528539434,0.1007829528539434
new mexico,-0.1007880824665805,0.1007880824665805
new mexico,-0.1007880824665805,0.1007880824665805
new mexico,-0.1007880824665805,0.1007880824665805
new mexico,-0.1007880824665805,0.1007880824665805
tennessee,-0.10090182356164334,0.10090182356164334
tennessee,-0.10090182356164334,0.10090182356164334
idaho,-0.10104470609431188,0.10104470609431188
florida,-0.10131332347544364,0.10131332347544364
florida,-0.10131332347544364,0.10131332347544364
florida,-0.10131332347544364,0.10131332347544364
massachusetts,-0.10140230238144171,0.10140230238144171
massachusetts,-0.10140230238144171,0.10140230238144171
massachusetts,-0.10140230238144171,0.10140230238144171
new hampshire,-0.10141089088132943,0.10141089088132943
new hampshire,-0.10141089088132943,0.10141089088132943
tennessee,-0.10141546888569014,0.10141546888569014
tennessee,-0.10141546888569014,0.10141546888569014
new jersey,-0.1015291505543301,0.1015291505543301
new jersey,-0.1015291505543301,0.1015291505543301
new jersey,-0.1015291505543301,0.1015291505543301
massachusetts,-0.10155054944194092,0.10155054944194092
kansas,-0.10165649087530965,0.10165649087530965
kansas,-0.10165649087530965,0.10165649087530965
new jersey,-0.10179326315904175,0.10179326315904175
new jersey,-0.10179326315904175,0.10179326315904175
new jersey,-0.10179326315904175,0.10179326315904175
indiana,-0.10182036913230508,0.10182036913230508
indiana,-0.10182036913230508,0.10182036913230508
indiana,-0.10182036913230508,0.10182036913230508
rhode island,-0.1019682113433153,0.1019682113433153
rhode island,-0.1019682113433153,0.1019682113433153
rhode island,-0.1019682113433153,0.1019682113433153
illinois,-0.1020216317187278,0.1020216317187278
illinois,-0.1020216317187278,0.1020216317187278
alaska,-0.10218228596763607,0.10218228596763607
south carolina,-0.10238065266410801,0.10238065266410801
south carolina,-0.10238065266410801,0.10238065266410801
south carolina,-0.10238065266410801,0.10238065266410801
kansas,-0.10238422962691812,0.10238422962691812
kansas,-0.10238422962691812,0.10238422962691812
connecticut,-0.10247306164854814,0.10247306164854814
connecticut,-0.10247306164854814,0.10247306164854814
connecticut,-0.10247306164854814,0.10247306164854814
rhode island,-0.1026182706901318,0.1026182706901318
rhode island,-0.1026182706901318,0.1026182706901318
idaho,-0.10266207109513847,0.10266207109513847
idaho,-0.10266207109513847,0.10266207109513847
idaho,-0.10266207109513847,0.10266207109513847
idaho,-0.10266207109513847,0.10266207109513847
maryland,-0.10306595699604548,0.10306595699604548
maryland,-0.10306595699604548,0.10306595699604548
maryland,-0.10306595699604548,0.10306595699604548
maryland,-0.10306595699604548,0.10306595699604548
idaho,-0.10313121961155092,0.10313121961155092
idaho,-0.10313121961155092,0.10313121961155092
idaho,-0.10313121961155092,0.10313121961155092
idaho,-0.10313121961155092,0.10313121961155092
nevada,-0.1032865028112469,0.1032865028112469
nevada,-0.1032865028112469,0.1032865028112469
connecticut,-0.10346857294006806,0.10346857294006806
illinois,-0.1034914055844241,0.1034914055844241
illinois,-0.1034914055844241,0.1034914055844241
north carolina,-0.10363741254832493,0.10363741254832493
north carolina,-0.10363741254832493,0.10363741254832493
north carolina,-0.10363741254832493,0.10363741254832493
north carolina,-0.10363741254832493,0.10363741254832493
florida,-0.10366677643653688,0.10366677643653688
new jersey,-0.10369613612730283,0.10369613612730283
new jersey,-0.10369613612730283,0.10369613612730283
kansas,-0.1037394604832998,0.1037394604832998
maryland,-0.10390088359414346,0.10390088359414346
maryland,-0.10390088359414346,0.10390088359414346
maryland,-0.10390088359414346,0.10390088359414346
new jersey,-0.1040380677080342,0.1040380677080342
new jersey,-0.1040380677080342,0.1040380677080342
new hampshire,-0.1042690545578503,0.1042690545578503
new hampshire,-0.1042690545578503,0.1042690545578503
new hampshire,-0.1042690545578503,0.1042690545578503
new hampshire,-0.1042690545578503,0.1042690545578503
michigan,-0.10430936847250899,0.10430936847250899
michigan,-0.10430936847250899,0.10430936847250899
michigan,-0.10430936847250899,0.10430936847250899
connecticut,-0.10451109164971728,0.10451109164971728
florida,-0.10452454475025763,0.10452454475025763
florida,-0.10452454475025763,0.10452454475025763
florida,-0.10452454475025763,0.10452454475025763
florida,-0.10452454475025763,0.10452454475025763
south carolina,-0.10464921846702785,0.10464921846702785
south carolina,-0.10464921846702785,0.10464921846702785
south carolina,-0.10464921846702785,0.10464921846702785
south carolina,-0.10464921846702785,0.10464921846702785
michigan,-0.10483533735296019,0.10483533735296019
michigan,-0.10483533735296019,0.10483533735296019
michigan,-0.10483533735296019,0.10483533735296019
michigan,-0.10483533735296019,0.10483533735296019
idaho,-0.10487647162286351,0.10487647162286351
idaho,-0.10487647162286351,0.10487647162286351
idaho,-0.10487647162286351,0.10487647162286351
washington,-0.1049209096463889,0.1049209096463889
washington,-0.1049209096463889,0.1049209096463889
washington,-0.1049209096463889,0.1049209096463889
michigan,-0.10506211672891208,0.10506211672891208
north dakota,-0.10509158340232044,0.10509158340232044
utah,-0.10520575077059874,0.10520575077059874
utah,-0.10520575077059874,0.10520575077059874
texas,-0.1053033502929207,0.1053033502929207
texas,-0.1053033502929207,0.1053033502929207
california,-0.105315599660117,0.105315599660117
california,-0.105315599660117,0.105315599660117
california,-0.105315599660117,0.105315599660117
west virginia,-0.1053244768458102,0.1053244768458102
west virginia,-0.1053244768458102,0.1053244768458102
louisiana,-0.10571184567461128,0.10571184567461128
louisiana,-0.10571184567461128,0.10571184567461128
louisiana,-0.10571184567461128,0.10571184567461128
alabama,-0.10575455779057003,0.10575455779057003
alabama,-0.10575455779057003,0.10575455779057003
alabama,-0.10575455779057003,0.10575455779057003
alabama,-0.10575455779057003,0.10575455779057003
wisconsin,-0.10579216752553694,0.10579216752553694
wisconsin,-0.10579216752553694,0.10579216752553694
wisconsin,-0.10579216752553694,0.10579216752553694
maine,-0.10586765118524954,0.10586765118524954
maine,-0.10586765118524954,0.10586765118524954
idaho,-0.10592104449529266,0.10592104449529266
idaho,-0.10592104449529266,0.10592104449529266
idaho,-0.10592104449529266,0.10592104449529266
idaho,-0.10592104449529266,0.10592104449529266
tennessee,-0.10596037020810611,0.10596037020810611
tennessee,-0.10596037020810611,0.10596037020810611
tennessee,-0.10596037020810611,0.10596037020810611
tennessee,-0.10596037020810611,0.10596037020810611
south carolina,-0.1061035275404833,0.1061035275404833
new mexico,-0.10620351955522944,0.10620351955522944
new mexico,-0.10620351955522944,0.10620351955522944
new mexico,-0.10620351955522944,0.10620351955522944
new mexico,-0.10620351955522944,0.10620351955522944
wyoming,-0.10621775499296077,0.10621775499296077
wyoming,-0.10621775499296077,0.10621775499296077
connecticut,-0.10632706161241762,0.10632706161241762
pennsylvania,-0.10634302983811844,0.10634302983811844
ohio,-0.106418135241036,0.106418135241036
ohio,-0.106418135241036,0.106418135241036
ohio,-0.106418135241036,0.106418135241036
ohio,-0.106418135241036,0.106418135241036
arkansas,-0.10648361857446798,0.10648361857446798
texas,-0.10650236970281479,0.10650236970281479
texas,-0.10650236970281479,0.10650236970281479
texas,-0.10650236970281479,0.10650236970281479
texas,-0.10650236970281479,0.10650236970281479
oklahoma,-0.10666066766073856,0.10666066766073856
oklahoma,-0.10666066766073856,0.10666066766073856
massachusetts,-0.10680932925911824,0.10680932925911824
massachusetts,-0.10680932925911824,0.10680932925911824
massachusetts,-0.10680932925911824,0.10680932925911824
massachusetts,-0.10680932925911824,0.10680932925911824
hawaii,-0.10687368495166094,0.10687368495166094
vermont,-0.10687977149280109,0.10687977149280109
vermont,-0.10687977149280109,0.10687977149280109
north carolina,-0.10698984944682643,0.10698984944682643
north carolina,-0.10698984944682643,0.10698984944682643
vermont,-0.10713457264726917,0.10713457264726917
vermont,-0.10713457264726917,0.10713457264726917
idaho,-0.10716658924462746,0.10716658924462746
massachusetts,-0.10729462229634712,0.10729462229634712
massachusetts,-0.10729462229634712,0.10729462229634712
massachusetts,-0.10729462229634712,0.10729462229634712
massachusetts,-0.10729462229634712,0.10729462229634712
west virginia,-0.1073783983611673,0.1073783983611673
west virginia,-0.1073783983611673,0.1073783983611673
west virginia,-0.1073783983611673,0.1073783983611673
california,-0.10739441135262545,0.10739441135262545
california,-0.10739441135262545,0.10739441135262545
utah,-0.10743894030721046,0.10743894030721046
utah,-0.10743894030721046,0.10743894030721046
utah,-0.10743894030721046,0.10743894030721046
delaware,-0.10743920364424914,0.10743920364424914
delaware,-0.10743920364424914,0.10743920364424914
alaska,-0.10750184592158418,0.10750184592158418
alaska,-0.10750184592158418,0.10750184592158418
vermont,-0.10759797295384882,0.10759797295384882
vermont,-0.10759797295384882,0.10759797295384882
vermont,-0.10759797295384882,0.10759797295384882
vermont,-0.10759797295384882,0.10759797295384882
connecticut,-0.10761053716317787,0.10761053716317787
connecticut,-0.10761053716317787,0.10761053716317787
connecticut,-0.10761053716317787,0.10761053716317787
connecticut,-0.10761053716317787,0.10761053716317787
minnesota,-0.10766336760050715,0.10766336760050715
minnesota,-0.10766336760050715,0.10766336760050715
west virginia,-0.10769140457824328,0.10769140457824328
indiana,-0.10773448052036128,0.10773448052036128
indiana,-0.10773448052036128,0.10773448052036128
indiana,-0.10773448052036128,0.10773448052036128
south carolina,-0.10777910023411452,0.10777910023411452
south carolina,-0.10777910023411452,0.10777910023411452
south carolina,-0.10777910023411452,0.10777910023411452
south carolina,-0.10777910023411452,0.10777910023411452
vermont,-0.10778848089060084,0.10778848089060084
vermont,-0.10778848089060084,0.10778848089060084
california,-0.10788155011105083,0.10788155011105083
maryland,-0.10793900136021856,0.10793900136021856
maryland,-0.10793900136021856,0.10793900136021856
maryland,-0.10793900136021856,0.10793900136021856
kentucky,-0.10797804482887524,0.10797804482887524
kentucky,-0.10797804482887524,0.10797804482887524
kentucky,-0.10797804482887524,0.10797804482887524
kentucky,-0.10797804482887524,0.10797804482887524
maryland,-0.10805973495399218,0.10805973495399218
maryland,-0.10805973495399218,0.10805973495399218
south carolina,-0.1081999742915305,0.1081999742915305
south carolina,-0.1081999742915305,0.1081999742915305
south carolina,-0.1081999742915305,0.1081999742915305
south carolina,-0.1081999742915305,0.1081999742915305
south carolina,-0.10820704484473892,0.10820704484473892
new jersey,-0.10821121578238385,0.10821121578238385
new jersey,-0.10821121578238385,0.10821121578238385
new jersey,-0.10821121578238385,0.10821121578238385
new mexico,-0.10868959917823023,0.10868959917823023
new mexico,-0.10868959917823023,0.10868959917823023
new mexico,-0.10868959917823023,0.10868959917823023
new mexico,-0.10868959917823023,0.10868959917823023
south dakota,-0.10887493514437202,0.10887493514437202
south dakota,-0.10887493514437202,0.10887493514437202
south dakota,-0.10887493514437202,0.10887493514437202
mississippi,-0.1093484334998675,0.1093484334998675
mississippi,-0.1093484334998675,0.1093484334998675
mississippi,-0.1093484334998675,0.1093484334998675
mississippi,-0.1093484334998675,0.1093484334998675
alaska,-0.10938032184228358,0.10938032184228358
alaska,-0.10938032184228358,0.10938032184228358
alaska,-0.10938032184228358,0.10938032184228358
alaska,-0.10938032184228358,0.10938032184228358
nebraska,-0.10938250474887418,0.10938250474887418
idaho,-0.10941931588258536,0.10941931588258536
idaho,-0.10941931588258536,0.10941931588258536
idaho,-0.10941931588258536,0.10941931588258536
washington,-0.10941947252690698,0.10941947252690698
maine,-0.10952625962914314,0.10952625962914314
maine,-0.10952625962914314,0.10952625962914314
vermont,-0.10987820826706218,0.10987820826706218
vermont,-0.10987820826706218,0.10987820826706218
vermont,-0.10987820826706218,0.10987820826706218
florida,-0.10993088866373885,0.10993088866373885
florida,-0.10993088866373885,0.10993088866373885
florida,-0.10993088866373885,0.10993088866373885
utah,-0.10998853707873191,0.10998853707873191
new jersey,-0.10999493618326367,0.10999493618326367
new jersey,-0.10999493618326367,0.10999493618326367
minnesota,-0.11000325234053449,0.11000325234053449
minnesota,-0.11000325234053449,0.11000325234053449
kentucky,-0.11012236434153533,0.11012236434153533
kentucky,-0.11012236434153533,0.11012236434153533
kentucky,-0.11012236434153533,0.11012236434153533
iowa,-0.11031001471263857,0.11031001471263857
iowa,-0.11031001471263857,0.11031001471263857
iowa,-0.11031001471263857,0.11031001471263857
iowa,-0.11031001471263857,0.11031001471263857
maine,-0.11035172105761754,0.11035172105761754
maine,-0.11035172105761754,0.11035172105761754
maine,-0.11035172105761754,0.11035172105761754
west virginia,-0.11035785075954962,0.11035785075954962
west virginia,-0.11035785075954962,0.11035785075954962
washington,-0.11036079280242239,0.11036079280242239
washington,-0.11036079280242239,0.11036079280242239
massachusetts,-0.1104740136462305,0.1104740136462305
massachusetts,-0.1104740136462305,0.1104740136462305
massachusetts,-0.1104740136462305,0.1104740136462305
vermont,-0.11049167707379987,0.11049167707379987
vermont,-0.11049167707379987,0.11049167707379987
illinois,-0.11051039588080441,0.11051039588080441
illinois,-0.11051039588080441,0.11051039588080441
florida,-0.11052001142959611,0.11052001142959611
utah,-0.11054949708172296,0.11054949708172296
ohio,-0.11056190522448761,0.11056190522448761
ohio,-0.11056190522448761,0.11056190522448761
ohio,-0.11056190522448761,0.11056190522448761
delaware,-0.11056792277148264,0.11056792277148264
delaware,-0.11056792277148264,0.11056792277148264
new mexico,-0.11059911543052797,0.11059911543052797
new mexico,-0.11059911543052797,0.11059911543052797
new mexico,-0.11059911543052797,0.11059911543052797
indiana,-0.11071098089681919,0.11071098089681919
indiana,-0.11071098089681919,0.11071098089681919
indiana,-0.11071098089681919,0.11071098089681919
indiana,-0.11071098089681919,0.11071098089681919
iowa,-0.11074618344811166,0.11074618344811166
iowa,-0.11074618344811166,0.11074618344811166
iowa,-0.11074618344811166,0.11074618344811166
iowa,-0.11074618344811166,0.11074618344811166
minnesota,-0.11075505424356019,0.11075505424356019
connecticut,-0.11104432592984931,0.11104432592984931
connecticut,-0.11104432592984931,0.11104432592984931
connecticut,-0.11104432592984931,0.11104432592984931
indiana,-0.11104632781770674,0.11104632781770674
indiana,-0.11104632781770674,0.11104632781770674
indiana,-0.11104632781770674,0.11104632781770674
indiana,-0.11104632781770674,0.11104632781770674
tennessee,-0.11143528784056617,0.11143528784056617
tennessee,-0.11143528784056617,0.11143528784056617
oregon,-0.11143922397036315,0.11143922397036315
west virginia,-0.11153856448331395,0.11153856448331395
idaho,-0.11160268949216667,0.11160268949216667
new mexico,-0.11185008351400094,0.11185008351400094
wisconsin,-0.11185421506216775,0.11185421506216775
iowa,-0.111991088827259,0.111991088827259
iowa,-0.111991088827259,0.111991088827259
connecticut,-0.11218373058163778,0.11218373058163778
connecticut,-0.11218373058163778,0.11218373058163778
wyoming,-0.11222594555455395,0.11222594555455395
north dakota,-0.11224130425212542,0.11224130425212542
north dakota,-0.11224130425212542,0.11224130425212542
south carolina,-0.11229142893025867,0.11229142893025867
south carolina,-0.11229142893025867,0.11229142893025867
south carolina,-0.11229142893025867,0.11229142893025867
rhode island,-0.11242402784779637,0.11242402784779637
rhode island,-0.11242402784779637,0.11242402784779637
tennessee,-0.11243858709542215,0.11243858709542215
tennessee,-0.11243858709542215,0.11243858709542215
south carolina,-0.11243894506756558,0.11243894506756558
south carolina,-0.11243894506756558,0.11243894506756558
north carolina,-0.11245148877249067,0.11245148877249067
north carolina,-0.11245148877249067,0.11245148877249067
california,-0.11257423310060466,0.11257423310060466
california,-0.11257423310060466,0.11257423310060466
maine,-0.11258747313924605,0.11258747313924605
maine,-0.11258747313924605,0.11258747313924605
maine,-0.11258747313924605,0.11258747313924605
maine,-0.11258747313924605,0.11258747313924605
massachusetts,-0.11259088311998322,0.11259088311998322
alaska,-0.11265304603435489,0.11265304603435489
alaska,-0.11265304603435489,0.11265304603435489
rhode island,-0.11282105855233837,0.11282105855233837
massachusetts,-0.11284598821318714,0.11284598821318714
alaska,-0.11288648254829386,0.11288648254829386
alaska,-0.11288648254829386,0.11288648254829386
idaho,-0.11301832524843008,0.11301832524843008
idaho,-0.11301832524843008,0.11301832524843008
idaho,-0.11301832524843008,0.11301832524843008
illinois,-0.11302077103072206,0.11302077103072206
alaska,-0.11302776055547814,0.11302776055547814
maine,-0.11314679004475936,0.11314679004475936
maine,-0.11314679004475936,0.11314679004475936
maine,-0.11314679004475936,0.11314679004475936
maine,-0.11314679004475936,0.11314679004475936
california,-0.11317043790171766,0.11317043790171766
california,-0.11317043790171766,0.11317043790171766
california,-0.11317043790171766,0.11317043790171766
connecticut,-0.11318470692708693,0.11318470692708693
maine,-0.11326543010137335,0.11326543010137335
maine,-0.11326543010137335,0.11326543010137335
kentucky,-0.11331230053977825,0.11331230053977825
wyoming,-0.11332838662657568,0.11332838662657568
wyoming,-0.11332838662657568,0.11332838662657568
minnesota,-0.11360474622548816,0.11360474622548816
minnesota,-0.11360474622548816,0.11360474622548816
minnesota,-0.11360474622548816,0.11360474622548816
minnesota,-0.11360474622548816,0.11360474622548816
colorado,-0.1137752224855062,0.1137752224855062
north carolina,-0.11378695705597985,0.11378695705597985
north carolina,-0.11378695705597985,0.11378695705597985
north carolina,-0.11378695705597985,0.11378695705597985
north carolina,-0.11378695705597985,0.11378695705597985
oregon,-0.11381431421080729,0.11381431421080729
oregon,-0.11381431421080729,0.11381431421080729
oregon,-0.11381431421080729,0.11381431421080729
indiana,-0.11392897551641518,0.11392897551641518
indiana,-0.11392897551641518,0.11392897551641518
north carolina,-0.11394152399797947,0.11394152399797947
north carolina,-0.11394152399797947,0.11394152399797947
north carolina,-0.11394152399797947,0.11394152399797947
north carolina,-0.11394152399797947,0.11394152399797947
north carolina,-0.1139922183172205,0.1139922183172205
north carolina,-0.1139922183172205,0.1139922183172205
illinois,-0.11408357400062313,0.11408357400062313
illinois,-0.11408357400062313,0.11408357400062313
illinois,-0.11408357400062313,0.11408357400062313
illinois,-0.11408357400062313,0.11408357400062313
maryland,-0.11409479393745409,0.11409479393745409
maryland,-0.11409479393745409,0.11409479393745409
vermont,-0.11430842819800563,0.11430842819800563
vermont,-0.11430842819800563,0.11430842819800563
montana,-0.11431877075135555,0.11431877075135555
montana,-0.11431877075135555,0.11431877075135555
montana,-0.11431877075135555,0.11431877075135555
maryland,-0.11443042548590227,0.11443042548590227
michigan,-0.11456816332002645,0.11456816332002645
wyoming,-0.11474003406529953,0.11474003406529953
kansas,-0.11484861370907423,0.11484861370907423
kansas,-0.11484861370907423,0.11484861370907423
nebraska,-0.11485308371900871,0.11485308371900871
nebraska,-0.11485308371900871,0.11485308371900871
michigan,-0.11489393914679363,0.11489393914679363
michigan,-0.11489393914679363,0.11489393914679363
washington,-0.1149158942092206,0.1149158942092206
washington,-0.1149158942092206,0.1149158942092206
idaho,-0.1151584683774241,0.1151584683774241
kansas,-0.11532381197007902,0.11532381197007902
kansas,-0.11532381197007902,0.11532381197007902
kansas,-0.11532381197007902,0.11532381197007902
connecticut,-0.1153943466211092,0.1153943466211092
illinois,-0.11544044226216149,0.11544044226216149
tennessee,-0.11544630104519227,0.11544630104519227
tennessee,-0.11544630104519227,0.11544630104519227
maine,-0.11574252197649632,0.11574252197649632
maine,-0.11574252197649632,0.11574252197649632
maine,-0.11574252197649632,0.11574252197649632
oregon,-0.1158922781927732,0.1158922781927732
oregon,-0.1158922781927732,0.1158922781927732
oregon,-0.1158922781927732,0.1158922781927732
florida,-0.1160878717745561,0.1160878717745561
florida,-0.1160878717745561,0.1160878717745561
iowa,-0.1161778099409364,0.1161778099409364
iowa,-0.1161778099409364,0.1161778099409364
texas,-0.11620456538400886,0.11620456538400886
texas,-0.11620456538400886,0.11620456538400886
west virginia,-0.11628545129345491,0.11628545129345491
west virginia,-0.11628545129345491,0.11628545129345491
west virginia,-0.11628545129345491,0.11628545129345491
wisconsin,-0.11633814867663217,0.11633814867663217
west virginia,-0.11644631342285738,0.11644631342285738
colorado,-0.11647011630798987,0.11647011630798987
colorado,-0.11647011630798987,0.11647011630798987
colorado,-0.11647011630798987,0.11647011630798987
california,-0.11651731658585318,0.11651731658585318
north carolina,-0.11656812375773168,0.11656812375773168
north carolina,-0.11656812375773168,0.11656812375773168
michigan,-0.11676800224574752,0.11676800224574752
illinois,-0.11678068087000182,0.11678068087000182
illinois,-0.11678068087000182,0.11678068087000182
illinois,-0.11678068087000182,0.11678068087000182
illinois,-0.11678068087000182,0.11678068087000182
west virginia,-0.11682257612304525,0.11682257612304525
west virginia,-0.11682257612304525,0.11682257612304525
wyoming,-0.11688009186369008,0.11688009186369008
alaska,-0.11688525279867662,0.11688525279867662
alaska,-0.11688525279867662,0.11688525279867662
alaska,-0.11688525279867662,0.11688525279867662
colorado,-0.1169518869421658,0.1169518869421658
colorado,-0.1169518869421658,0.1169518869421658
colorado,-0.1169518869421658,0.1169518869421658
pennsylvania,-0.11707499977083768,0.11707499977083768
pennsylvania,-0.11707499977083768,0.11707499977083768
pennsylvania,-0.11707499977083768,0.11707499977083768
pennsylvania,-0.11707499977083768,0.11707499977083768
north carolina,-0.11712632622893021,0.11712632622893021
north carolina,-0.11712632622893021,0.11712632622893021
north carolina,-0.11712632622893021,0.11712632622893021
north carolina,-0.11712632622893021,0.11712632622893021
utah,-0.11720082320572944,0.11720082320572944
wyoming,-0.11721522395342199,0.11721522395342199
wyoming,-0.11721522395342199,0.11721522395342199
minnesota,-0.11739419185838967,0.11739419185838967
minnesota,-0.11739419185838967,0.11739419185838967
minnesota,-0.11739419185838967,0.11739419185838967
florida,-0.11748083454825026,0.11748083454825026
florida,-0.11748083454825026,0.11748083454825026
missouri,-0.11749137643561963,0.11749137643561963
missouri,-0.11749137643561963,0.11749137643561963
missouri,-0.11749137643561963,0.11749137643561963
florida,-0.11778741164861156,0.11778741164861156
florida,-0.11778741164861156,0.11778741164861156
florida,-0.11778741164861156,0.11778741164861156
florida,-0.11778741164861156,0.11778741164861156
new mexico,-0.11783026675323921,0.11783026675323921
new mexico,-0.11783026675323921,0.11783026675323921
new mexico,-0.11783026675323921,0.11783026675323921
arkansas,-0.11786539861880224,0.11786539861880224
west virginia,-0.11787482222360801,0.11787482222360801
west virginia,-0.11787482222360801,0.11787482222360801
maryland,-0.11799777436767617,0.11799777436767617
maryland,-0.11799777436767617,0.11799777436767617
maryland,-0.11799777436767617,0.11799777436767617
maryland,-0.11799777436767617,0.11799777436767617
arizona,-0.11809431443988766,0.11809431443988766
michigan,-0.11813429307709156,0.11813429307709156
maine,-0.11818516070929536,0.11818516070929536
maine,-0.1183156991410334,0.1183156991410334
kansas,-0.1183474543656391,0.1183474543656391
iowa,-0.1183474543656391,0.1183474543656391
iowa,-0.1183474543656391,0.1183474543656391
arkansas,-0.11838222759406708,0.11838222759406708
arkansas,-0.11838222759406708,0.11838222759406708
arkansas,-0.11838222759406708,0.11838222759406708
new mexico,-0.11850244814700106,0.11850244814700106
montana,-0.11852268731397125,0.11852268731397125
tennessee,-0.11859735210379424,0.11859735210379424
tennessee,-0.11859735210379424,0.11859735210379424
south carolina,-0.11860922767983256,0.11860922767983256
south carolina,-0.11860922767983256,0.11860922767983256
delaware,-0.1188586368953542,0.1188586368953542
delaware,-0.1188586368953542,0.1188586368953542
delaware,-0.1188586368953542,0.1188586368953542
vermont,-0.11891020403748292,0.11891020403748292
vermont,-0.11891020403748292,0.11891020403748292
alaska,-0.11925259200081145,0.11925259200081145
massachusetts,-0.1194445175316497,0.1194445175316497
massachusetts,-0.1194445175316497,0.1194445175316497
massachusetts,-0.1194445175316497,0.1194445175316497
florida,-0.119448252614264,0.119448252614264
maryland,-0.11946064237856596,0.11946064237856596
maryland,-0.11946064237856596,0.11946064237856596
maryland,-0.11946064237856596,0.11946064237856596
maryland,-0.11946064237856596,0.11946064237856596
nebraska,-0.11964066516513933,0.11964066516513933
nebraska,-0.11964066516513933,0.11964066516513933
nebraska,-0.11964066516513933,0.11964066516513933
kentucky,-0.11970471137381067,0.11970471137381067
kentucky,-0.11970471137381067,0.11970471137381067
kentucky,-0.11970471137381067,0.11970471137381067
north carolina,-0.11989447801866682,0.11989447801866682
north carolina,-0.11989447801866682,0.11989447801866682
north carolina,-0.11989447801866682,0.11989447801866682
vermont,-0.12000586286871301,0.12000586286871301
rhode island,-0.12006683214628505,0.12006683214628505
rhode island,-0.12006683214628505,0.12006683214628505
rhode island,-0.12006683214628505,0.12006683214628505
rhode island,-0.12006683214628505,0.12006683214628505
tennessee,-0.12010048651435473,0.12010048651435473
tennessee,-0.12010048651435473,0.12010048651435473
tennessee,-0.12010048651435473,0.12010048651435473
tennessee,-0.12010048651435473,0.12010048651435473
minnesota,-0.12011186992419565,0.12011186992419565
connecticut,-0.12012373010695382,0.12012373010695382
connecticut,-0.12012373010695382,0.12012373010695382
connecticut,-0.12012373010695382,0.12012373010695382
connecticut,-0.12012373010695382,0.12012373010695382
vermont,-0.12029374711071428,0.12029374711071428
vermont,-0.12029374711071428,0.12029374711071428
arkansas,-0.1203008397337984,0.1203008397337984
arkansas,-0.1203008397337984,0.1203008397337984
arkansas,-0.1203008397337984,0.1203008397337984
nebraska,-0.12040414875898753,0.12040414875898753
nebraska,-0.12040414875898753,0.12040414875898753
nebraska,-0.12040414875898753,0.12040414875898753
nebraska,-0.12040414875898753,0.12040414875898753
new mexico,-0.12046253796747497,0.12046253796747497
new mexico,-0.12046253796747497,0.12046253796747497
new mexico,-0.12046253796747497,0.12046253796747497
california,-0.12053874043506058,0.12053874043506058
california,-0.12053874043506058,0.12053874043506058
north carolina,-0.12065368273119181,0.12065368273119181
west virginia,-0.12065368273119181,0.12065368273119181
north carolina,-0.12065368273119181,0.12065368273119181
west virginia,-0.12065368273119181,0.12065368273119181
north carolina,-0.12065368273119181,0.12065368273119181
west virginia,-0.12065368273119181,0.12065368273119181
iowa,-0.12065368273119181,0.12065368273119181
iowa,-0.12065368273119181,0.12065368273119181
north carolina,-0.12065368273119181,0.12065368273119181
wisconsin,-0.12065827202329993,0.12065827202329993
wisconsin,-0.12065827202329993,0.12065827202329993
wisconsin,-0.12065827202329993,0.12065827202329993
california,-0.1206845774204996,0.1206845774204996
kentucky,-0.12082418774416132,0.12082418774416132
west virginia,-0.12099665458054876,0.12099665458054876
new mexico,-0.12102090152030126,0.12102090152030126
wyoming,-0.1210497341634229,0.1210497341634229
wyoming,-0.1210497341634229,0.1210497341634229
ohio,-0.12136747015019256,0.12136747015019256
ohio,-0.12136747015019256,0.12136747015019256
ohio,-0.12136747015019256,0.12136747015019256
ohio,-0.12136747015019256,0.12136747015019256
tennessee,-0.12151871650174573,0.12151871650174573
tennessee,-0.12151871650174573,0.12151871650174573
tennessee,-0.12151871650174573,0.12151871650174573
tennessee,-0.12151871650174573,0.12151871650174573
maine,-0.12153903721878712,0.12153903721878712
oregon,-0.12163880716046227,0.12163880716046227
florida,-0.12195477195476473,0.12195477195476473
florida,-0.12195477195476473,0.12195477195476473
florida,-0.12195477195476473,0.12195477195476473
kentucky,-0.12198027307575282,0.12198027307575282
minnesota,-0.12206404157237599,0.12206404157237599
minnesota,-0.12206404157237599,0.12206404157237599
alaska,-0.12211719860824116,0.12211719860824116
alaska,-0.12211719860824116,0.12211719860824116
alaska,-0.12211719860824116,0.12211719860824116
alaska,-0.12211719860824116,0.12211719860824116
florida,-0.12216925973115456,0.12216925973115456
florida,-0.12216925973115456,0.12216925973115456
connecticut,-0.1222197231923326,0.1222197231923326
delaware,-0.12240279543850097,0.12240279543850097
massachusetts,-0.12253952158976544,0.12253952158976544
massachusetts,-0.12253952158976544,0.12253952158976544
massachusetts,-0.12253952158976544,0.12253952158976544
pennsylvania,-0.1225879296398602,0.1225879296398602
wisconsin,-0.122628682583107,0.122628682583107
kentucky,-0.12288477537495268,0.12288477537495268
kentucky,-0.12288477537495268,0.12288477537495268
tennessee,-0.12290141942088295,0.12290141942088295
tennessee,-0.12290141942088295,0.12290141942088295
wisconsin,-0.12291397949786792,0.12291397949786792
michigan,-0.1229729236304507,0.1229729236304507
michigan,-0.1229729236304507,0.1229729236304507
michigan,-0.1229729236304507,0.1229729236304507
maine,-0.12307929817190388,0.12307929817190388
new mexico,-0.12322149604072125,0.12322149604072125
wisconsin,-0.123343923894564,0.123343923894564
wisconsin,-0.123343923894564,0.123343923894564
wisconsin,-0.123343923894564,0.123343923894564
indiana,-0.12338681104866356,0.12338681104866356
indiana,-0.12338681104866356,0.12338681104866356
south carolina,-0.1235775684311271,0.1235775684311271
south carolina,-0.1235775684311271,0.1235775684311271
iowa,-0.12372668540073384,0.12372668540073384
iowa,-0.12372668540073384,0.12372668540073384
kentucky,-0.12378144655669027,0.12378144655669027
kentucky,-0.12378144655669027,0.12378144655669027
oregon,-0.12395112523174762,0.12395112523174762
vermont,-0.1239818291721923,0.1239818291721923
vermont,-0.1239818291721923,0.1239818291721923
montana,-0.12399032202130389,0.12399032202130389
montana,-0.1240147550485301,0.1240147550485301
montana,-0.1240147550485301,0.1240147550485301
montana,-0.1240147550485301,0.1240147550485301
montana,-0.1240147550485301,0.1240147550485301
vermont,-0.12405051303852582,0.12405051303852582
wyoming,-0.12422481436316196,0.12422481436316196
wyoming,-0.12429762791717086,0.12429762791717086
wyoming,-0.12429762791717086,0.12429762791717086
wyoming,-0.12429762791717086,0.12429762791717086
vermont,-0.12478002176545999,0.12478002176545999
vermont,-0.12478002176545999,0.12478002176545999
missouri,-0.12490250635464073,0.12490250635464073
missouri,-0.12490250635464073,0.12490250635464073
connecticut,-0.12506510680650373,0.12506510680650373
connecticut,-0.12506510680650373,0.12506510680650373
wyoming,-0.12510604653926682,0.12510604653926682
wyoming,-0.12510604653926682,0.12510604653926682
wyoming,-0.12510604653926682,0.12510604653926682
alaska,-0.1252289948477473,0.1252289948477473
alaska,-0.1252289948477473,0.1252289948477473
alaska,-0.1252289948477473,0.1252289948477473
north carolina,-0.1253749891586653,0.1253749891586653
new mexico,-0.12541460645007557,0.12541460645007557
new mexico,-0.12541460645007557,0.12541460645007557
new mexico,-0.12541460645007557,0.12541460645007557
tennessee,-0.1256390176551575,0.1256390176551575
tennessee,-0.1256390176551575,0.1256390176551575
tennessee,-0.1256390176551575,0.1256390176551575
tennessee,-0.1256390176551575,0.1256390176551575
kentucky,-0.12568772547668244,0.12568772547668244
kentucky,-0.12568772547668244,0.12568772547668244
iowa,-0.125737577956807,0.125737577956807
iowa,-0.125737577956807,0.125737577956807
kansas,-0.125737577956807,0.125737577956807
wyoming,-0.12598048852765165,0.12598048852765165
wyoming,-0.12598048852765165,0.12598048852765165
louisiana,-0.1261161604053621,0.1261161604053621
louisiana,-0.1261161604053621,0.1261161604053621
new mexico,-0.12613031132061903,0.12613031132061903
new mexico,-0.12613031132061903,0.12613031132061903
new mexico,-0.12613031132061903,0.12613031132061903
maine,-0.12616846904037177,0.12616846904037177
maine,-0.12616846904037177,0.12616846904037177
maine,-0.12616846904037177,0.12616846904037177
idaho,-0.12631399233803176,0.12631399233803176
idaho,-0.12631399233803176,0.12631399233803176
idaho,-0.12631399233803176,0.12631399233803176
idaho,-0.12631399233803176,0.12631399233803176
minnesota,-0.126469591151598,0.126469591151598
south carolina,-0.1264951354236244,0.1264951354236244
south carolina,-0.1264951354236244,0.1264951354236244
arizona,-0.12656806061841558,0.12656806061841558
arizona,-0.12656806061841558,0.12656806061841558
arizona,-0.12656806061841558,0.12656806061841558
nebraska,-0.1266078358934613,0.1266078358934613
nebraska,-0.1266078358934613,0.1266078358934613
florida,-0.12697741446968258,0.12697741446968258
oregon,-0.12704075049070185,0.12704075049070185
oregon,-0.12704075049070185,0.12704075049070185
oregon,-0.12704075049070185,0.12704075049070185
oregon,-0.12704075049070185,0.12704075049070185
alaska,-0.1273684054018296,0.1273684054018296
kentucky,-0.1274469128185946,0.1274469128185946
kentucky,-0.1274469128185946,0.1274469128185946
kentucky,-0.1274469128185946,0.1274469128185946
kentucky,-0.1274469128185946,0.1274469128185946
tennessee,-0.12745941488122497,0.12745941488122497
tennessee,-0.12745941488122497,0.12745941488122497
north carolina,-0.12761987164065658,0.12761987164065658
north carolina,-0.12761987164065658,0.12761987164065658
west virginia,-0.12772392905733032,0.12772392905733032
massachusetts,-0.12776313000044998,0.12776313000044998
oregon,-0.12779867708318,0.12779867708318
oregon,-0.12779867708318,0.12779867708318
oregon,-0.12779867708318,0.12779867708318
louisiana,-0.12820738180539876,0.12820738180539876
louisiana,-0.12820738180539876,0.12820738180539876
louisiana,-0.12820738180539876,0.12820738180539876
louisiana,-0.12820738180539876,0.12820738180539876
arkansas,-0.12821983493105743,0.12821983493105743
arkansas,-0.12821983493105743,0.12821983493105743
arkansas,-0.12821983493105743,0.12821983493105743
arkansas,-0.12821983493105743,0.12821983493105743
idaho,-0.12838557018850738,0.12838557018850738
idaho,-0.12838557018850738,0.12838557018850738
idaho,-0.12838557018850738,0.12838557018850738
missouri,-0.12847879552499664,0.12847879552499664
vermont,-0.1284827009348189,0.1284827009348189
vermont,-0.1284827009348189,0.1284827009348189
maine,-0.1286601351636924,0.1286601351636924
maine,-0.1286601351636924,0.1286601351636924
maine,-0.1286601351636924,0.1286601351636924
wyoming,-0.12868693057739755,0.12868693057739755
wyoming,-0.12868693057739755,0.12868693057739755
louisiana,-0.12911940615794731,0.12911940615794731
louisiana,-0.12911940615794731,0.12911940615794731
minnesota,-0.12917645115969806,0.12917645115969806
minnesota,-0.12917645115969806,0.12917645115969806
new mexico,-0.12944999613506197,0.12944999613506197
new mexico,-0.12944999613506197,0.12944999613506197
new mexico,-0.12944999613506197,0.12944999613506197
kentucky,-0.1294672281510515,0.1294672281510515
west virginia,-0.12948539556866678,0.12948539556866678
west virginia,-0.12948539556866678,0.12948539556866678
south carolina,-0.12949678707047085,0.12949678707047085
south carolina,-0.12949678707047085,0.12949678707047085
south carolina,-0.12949678707047085,0.12949678707047085
south carolina,-0.12949678707047085,0.12949678707047085
north carolina,-0.12966802827113044,0.12966802827113044
north carolina,-0.12966802827113044,0.12966802827113044
new mexico,-0.12967179392150402,0.12967179392150402
missouri,-0.12975115803167575,0.12975115803167575
wyoming,-0.1298316385780997,0.1298316385780997
wyoming,-0.1298316385780997,0.1298316385780997
missouri,-0.1302037008894784,0.1302037008894784
missouri,-0.1302037008894784,0.1302037008894784
missouri,-0.1302037008894784,0.1302037008894784
missouri,-0.1302037008894784,0.1302037008894784
alaska,-0.13046046819671508,0.13046046819671508
alaska,-0.13046046819671508,0.13046046819671508
alaska,-0.13046046819671508,0.13046046819671508
vermont,-0.1307421472005329,0.1307421472005329
vermont,-0.1307421472005329,0.1307421472005329
new mexico,-0.1308501678160558,0.1308501678160558
louisiana,-0.13093873478352636,0.13093873478352636
louisiana,-0.13093873478352636,0.13093873478352636
kentucky,-0.13097011762606525,0.13097011762606525
kentucky,-0.13097011762606525,0.13097011762606525
kentucky,-0.13097011762606525,0.13097011762606525
idaho,-0.13109191260352882,0.13109191260352882
west virginia,-0.13109719165167755,0.13109719165167755
missouri,-0.13114949856444053,0.13114949856444053
missouri,-0.13114949856444053,0.13114949856444053
alaska,-0.1315788025688393,0.1315788025688393
wisconsin,-0.13187704382131837,0.13187704382131837
wisconsin,-0.13187704382131837,0.13187704382131837
wisconsin,-0.13187704382131837,0.13187704382131837
missouri,-0.13192499722170542,0.13192499722170542
missouri,-0.13192499722170542,0.13192499722170542
missouri,-0.13192499722170542,0.13192499722170542
pennsylvania,-0.13232099089807853,0.13232099089807853
pennsylvania,-0.13232099089807853,0.13232099089807853
pennsylvania,-0.13232099089807853,0.13232099089807853
montana,-0.13340404062756495,0.13340404062756495
montana,-0.13340404062756495,0.13340404062756495
montana,-0.13340404062756495,0.13340404062756495
