,State,OCSVM_score
0,utah,30.551111173573037
1,utah,30.551111173573037
2,delaware,30.499108386849006
3,delaware,30.49707268323621
4,arizona,30.42700849349733
5,arizona,30.42700849349733
6,florida,30.075400940191535
7,florida,30.075400940191535
8,arizona,28.489194302260593
9,arizona,28.489194302260593
10,arizona,28.489194302260593
11,arizona,28.489194302260593
12,utah,27.476266861732153
13,utah,27.42140027239292
14,utah,27.42140027239292
15,utah,27.42140027239292
16,california,27.35457275562556
17,california,27.35457275562556
18,alabama,25.53765487711111
19,alabama,25.511097278250997
20,utah,23.68224009128503
21,utah,23.68224009128503
22,utah,23.68224009128503
23,utah,23.68224009128503
24,arizona,22.61985650482405
25,arizona,22.61985650482405
26,michigan,22.613812106099683
27,michigan,22.613812106099683
28,arizona,22.587579053996258
29,arizona,22.587579053996258
30,arizona,22.49060064369314
31,arizona,22.49060064369314
32,arizona,22.49060064369314
33,arizona,22.49060064369314
34,arizona,22.464018411169484
35,arizona,22.464018411169484
36,arizona,22.464018411169484
37,arizona,22.464018411169484
38,arizona,18.235040996116055
39,arizona,18.18076710894736
40,arizona,18.18076710894736
41,arizona,18.18076710894736
42,utah,17.36172063065443
43,utah,17.36172063065443
44,utah,17.36172063065443
45,utah,17.36172063065443
46,utah,13.672566378586989
47,utah,13.572270254409897
48,utah,13.572270254409897
49,utah,13.572270254409897
50,utah,12.813143406654152
51,utah,12.813143406654152
52,utah,12.813143406654152
53,utah,12.813143406654152
54,ohio,10.873441212479971
55,ohio,10.873441212479971
56,north dakota,7.578013662540219
57,nebraska,7.376857734731054
58,nebraska,7.376857734731054
59,georgia,7.110192095062271
60,georgia,7.110192095062271
61,georgia,7.110192095062271
62,georgia,7.110192095062271
63,illinois,6.810927349692868
64,illinois,6.810927349692868
65,illinois,6.810927349692868
66,illinois,6.810927349692868
67,south dakota,6.185035175633864
68,south dakota,6.185035175633864
69,south dakota,6.185035175633864
70,south dakota,6.185035175633864
71,virginia,6.103405838455981
72,virginia,6.103405838455981
73,rhode island,6.037350837784203
74,georgia,5.885366246219661
75,west virginia,5.673591452216268
76,west virginia,5.284549237861377
77,west virginia,5.284549237861377
78,west virginia,5.284549237861377
79,illinois,5.11727848932059
80,illinois,5.11727848932059
81,rhode island,4.479283844745186
82,georgia,4.222378414744526
83,pennsylvania,3.6989647378184713
84,pennsylvania,3.6989647378184713
85,nevada,3.5642314984544363
86,hawaii,3.4014898893426384
87,hawaii,3.4014898893426384
88,hawaii,3.4014898893426384
89,hawaii,3.4014898893426384
90,oklahoma,3.3968731481391607
91,oklahoma,3.346548883390767
92,oklahoma,3.346548883390767
93,oklahoma,3.346548883390767
94,arizona,3.1635807062123433
95,arizona,3.1635807062123433
96,arizona,3.1635807062123433
97,north dakota,2.755056291248394
98,north dakota,2.755056291248394
99,north dakota,2.755056291248394
100,illinois,2.665475549766036
101,illinois,2.665475549766036
102,illinois,2.665475549766036
103,illinois,2.665475549766036
104,nevada,2.63540804860148
105,nevada,2.63540804860148
106,nevada,2.63540804860148
107,south dakota,2.568429545080363
108,south dakota,2.568429545080363
109,south dakota,2.5437925167514663
110,south dakota,2.5437925167514663
111,south dakota,2.5437925167514663
112,south dakota,2.5437925167514663
113,colorado,2.3483223970459264
114,arizona,2.15547897352295
115,nevada,2.0856693309624816
116,nevada,2.0856693309624816
117,nevada,2.0856693309624816
118,nevada,1.8458525007146065
119,west virginia,1.7322523260877283
120,west virginia,1.7322523260877283
121,west virginia,1.7322523260877283
122,west virginia,1.7322523260877283
123,arizona,1.6474806025063913
124,arizona,1.6474806025063913
125,arizona,1.6474806025063913
126,south dakota,1.6129871178410369
127,south dakota,1.6129871178410369
128,arizona,1.5619268629825847
129,california,1.3825648896585392
130,california,1.3825648896585392
131,california,1.3825648896585392
132,california,1.3825648896585392
133,georgia,1.3002572294759176
134,south dakota,0.9269105440767831
135,georgia,0.9136708489528189
136,georgia,0.9136708489528189
137,georgia,0.9136708489528189
138,hawaii,0.6993357043800295
139,hawaii,0.6993357043800295
140,hawaii,0.6993357043800295
141,hawaii,0.6993357043800295
142,maryland,0.6345690300754647
143,maryland,0.6345690300754647
144,mississippi,0.5948174127941357
145,mississippi,0.5948174127941357
146,mississippi,0.5948174127941357
147,mississippi,0.5948174127941357
148,virginia,0.4847992784389561
149,virginia,0.4847992784389561
150,virginia,0.4847992784389561
151,virginia,0.4847992784389561
152,arizona,0.46995307878061965
153,arizona,0.46995307878061965
154,kansas,0.35988863577036767
155,kansas,0.35988863577036767
156,colorado,0.3546825637145332
157,colorado,0.3546825637145332
158,colorado,0.3546825637145332
159,mississippi,0.34818563898075183
160,missouri,0.22244916798757686
161,missouri,0.22244916798757686
162,alabama,0.18394924875560292
163,alabama,0.18394924875560292
164,alabama,0.18394924875560292
165,kansas,0.17726883671267046
166,kansas,0.17726883671267046
167,virginia,0.166909608074981
168,virginia,0.166909608074981
169,virginia,0.166909608074981
170,mississippi,0.11668426390149023
171,illinois,0.005126570527195895
172,illinois,0.005126570527195895
173,illinois,0.005126570527195895
174,illinois,0.005126570527195895
175,mississippi,0.00024562238639447287
176,mississippi,0.00024562238639447287
177,nevada,0.00021935638319092732
178,nevada,0.00021935638319092732
179,nevada,0.00021935638319092732
180,nevada,0.00021935638319092732
181,wisconsin,0.00010551694237648235
182,wisconsin,0.00010551694237648235
183,virginia,0.00010540932662905789
184,virginia,0.00010540932662905789
185,virginia,0.00010540932662905789
186,virginia,0.00010540932662905789
187,mississippi,8.958577838313886e-05
188,mississippi,8.958577838313886e-05
189,mississippi,8.958577838313886e-05
190,washington,-7.977222739441459e-05
191,washington,-7.977222739441459e-05
192,washington,-7.977222739441459e-05
193,washington,-7.977222739441459e-05
194,new york,-0.00011688653150088157
195,new york,-0.00011688653150088157
196,new york,-0.00011688653150088157
197,new york,-0.00011688653150088157
198,south dakota,-0.00012966928720459237
199,oklahoma,-0.0005094318134339915
200,oklahoma,-0.0005094318134339915
201,oklahoma,-0.0005094318134339915
202,missouri,-0.07011535145963421
203,missouri,-0.07011535145963421
204,missouri,-0.07011535145963421
205,rhode island,-0.13170913746154866
206,texas,-0.1697101553096374
207,texas,-0.1697101553096374
208,oregon,-0.19701468393313348
209,oregon,-0.19701468393313348
210,oregon,-0.19701468393313348
211,oregon,-0.19701468393313348
212,colorado,-0.23428908560828887
213,colorado,-0.23428908560828887
214,colorado,-0.23428908560828887
215,colorado,-0.23428908560828887
216,arizona,-0.2825330442642482
217,arizona,-0.2825330442642482
218,louisiana,-0.31904860000948077
219,louisiana,-0.31904860000948077
220,louisiana,-0.31904860000948077
221,louisiana,-0.31904860000948077
222,georgia,-0.35310125453496966
223,washington,-0.39938767066870184
224,washington,-0.39938767066870184
225,washington,-0.39938767066870184
226,washington,-0.39938767066870184
227,washington,-0.431960880382789
228,washington,-0.431960880382789
229,washington,-0.431960880382789
230,washington,-0.431960880382789
231,georgia,-0.46776993673123
232,georgia,-0.46776993673123
233,new york,-0.4734950800353488
234,new york,-0.4734950800353488
235,new york,-0.4734950800353488
236,new york,-0.4734950800353488
237,oregon,-0.481980027668115
238,oregon,-0.481980027668115
239,oregon,-0.481980027668115
240,idaho,-0.5257224749750193
241,idaho,-0.5257224749750193
242,south dakota,-0.5488632885329565
243,california,-0.5633155272308557
244,california,-0.5633155272308557
245,california,-0.5633155272308557
246,california,-0.5633155272308557
247,illinois,-0.567777181948621
248,illinois,-0.567777181948621
249,illinois,-0.567777181948621
250,illinois,-0.567777181948621
251,georgia,-0.5906945533036918
252,georgia,-0.5906945533036918
253,delaware,-0.5963591177525629
254,delaware,-0.5963591177525629
255,delaware,-0.5963591177525629
256,mississippi,-0.611723291438075
257,south dakota,-0.7074216261918806
258,south dakota,-0.7074216261918806
259,wyoming,-0.7230040050555715
260,wyoming,-0.7230040050555715
261,wyoming,-0.7230040050555715
262,wyoming,-0.7230040050555715
263,nevada,-0.7242012392222605
264,nevada,-0.7242012392222605
265,washington,-0.7254144952929451
266,washington,-0.7254144952929451
267,michigan,-0.7429617529779122
268,michigan,-0.7429617529779122
269,kansas,-0.7598883601286275
270,kansas,-0.7598883601286275
271,kansas,-0.7598883601286275
272,kansas,-0.7598883601286275
273,north dakota,-0.7787465186299798
274,north dakota,-0.7787465186299798
275,north dakota,-0.7787465186299798
276,north dakota,-0.7787465186299798
277,kansas,-0.8015556717126842
278,kansas,-0.8015556717126842
279,california,-0.8089472248626066
280,new hampshire,-0.8208253631617026
281,louisiana,-0.8444125376877878
282,louisiana,-0.8444125376877878
283,louisiana,-0.8444125376877878
284,texas,-0.8468849142747032
285,texas,-0.8468849142747032
286,missouri,-0.8569004616333515
287,missouri,-0.8569004616333515
288,missouri,-0.8569004616333515
289,missouri,-0.8569004616333515
290,south dakota,-0.8653611268386072
291,south dakota,-0.8653611268386072
292,south dakota,-0.8653611268386072
293,washington,-0.8660745789781643
294,washington,-0.8660745789781643
295,washington,-0.8660745789781643
296,washington,-0.8660745789781643
297,wyoming,-0.8751614525087632
298,hawaii,-0.8851026118458734
299,hawaii,-0.8851026118458734
300,hawaii,-0.8851026118458734
301,hawaii,-0.8851026118458734
302,minnesota,-0.9045303972538505
303,minnesota,-0.9045303972538505
304,minnesota,-0.9045303972538505
305,minnesota,-0.9045303972538505
306,wisconsin,-0.9493322566058566
307,wisconsin,-0.9493322566058566
308,wisconsin,-0.9493322566058566
309,wisconsin,-0.9493322566058566
310,colorado,-0.9528183102796675
311,colorado,-0.9528183102796675
312,colorado,-0.9528183102796675
313,colorado,-0.9528183102796675
314,georgia,-0.9717386561110075
315,georgia,-0.9717386561110075
316,georgia,-0.9717386561110075
317,oklahoma,-0.9801978923319155
318,oklahoma,-0.9801978923319155
319,oklahoma,-0.9801978923319155
320,oklahoma,-0.9801978923319155
321,kansas,-1.005557636912549
322,kansas,-1.005557636912549
323,kansas,-1.005557636912549
324,kansas,-1.005557636912549
325,nevada,-1.009571650085313
326,nevada,-1.009571650085313
327,nevada,-1.009571650085313
328,nevada,-1.009571650085313
329,louisiana,-1.0282754301026742
330,louisiana,-1.0282754301026742
331,kansas,-1.0487719560077338
332,kansas,-1.0487719560077338
333,kansas,-1.0487719560077338
334,kansas,-1.0487719560077338
335,florida,-1.0582460248067562
336,florida,-1.0582460248067562
337,florida,-1.0582460248067562
338,florida,-1.0582460248067562
339,pennsylvania,-1.1088612649273344
340,pennsylvania,-1.1088612649273344
341,pennsylvania,-1.1088612649273344
342,pennsylvania,-1.1088612649273344
343,kentucky,-1.122537137569772
344,kentucky,-1.122537137569772
345,kentucky,-1.122537137569772
346,colorado,-1.1395361205318366
347,colorado,-1.1395361205318366
348,minnesota,-1.200242140597993
349,minnesota,-1.200242140597993
350,minnesota,-1.200242140597993
351,minnesota,-1.200242140597993
352,north dakota,-1.2077672559586574
353,north dakota,-1.2077672559586574
354,nebraska,-1.2100122264255901
355,nebraska,-1.2100122264255901
356,nebraska,-1.2100122264255901
357,michigan,-1.2296445448925226
358,michigan,-1.2296445448925226
359,michigan,-1.2296445448925226
360,michigan,-1.2296445448925226
361,wisconsin,-1.253327483070379
362,wisconsin,-1.253327483070379
363,wisconsin,-1.253327483070379
364,wisconsin,-1.253327483070379
365,north dakota,-1.2679403772114597
366,north dakota,-1.2679403772114597
367,north dakota,-1.2679403772114597
368,nebraska,-1.2738010323046254
369,nebraska,-1.2738010323046254
370,nebraska,-1.2738010323046254
371,nebraska,-1.2738010323046254
372,new york,-1.2781111611686669
373,new york,-1.2781111611686669
374,new york,-1.2781111611686669
375,new york,-1.2781111611686669
376,colorado,-1.3032321355597674
377,colorado,-1.3032321355597674
378,colorado,-1.3032321355597674
379,colorado,-1.3032321355597674
380,colorado,-1.3209618737522462
381,colorado,-1.3209618737522462
382,colorado,-1.3209618737522462
383,colorado,-1.3209618737522462
384,arkansas,-1.3440550946679863
385,arkansas,-1.3440550946679863
386,florida,-1.3864520236347673
387,rhode island,-1.3999685882608048
388,rhode island,-1.3999685882608048
389,rhode island,-1.3999685882608048
390,rhode island,-1.3999685882608048
391,new york,-1.4079017648056649
392,new york,-1.4079017648056649
393,new york,-1.4079017648056649
394,new york,-1.4079017648056649
395,nevada,-1.409416197589941
396,nevada,-1.409416197589941
397,mississippi,-1.4113110767822974
398,florida,-1.4373972558722414
399,florida,-1.4373972558722414
400,florida,-1.4373972558722414
401,florida,-1.4373972558722414
402,massachusetts,-1.439513010946655
403,massachusetts,-1.439513010946655
404,massachusetts,-1.439513010946655
405,massachusetts,-1.439513010946655
406,california,-1.444356211921935
407,california,-1.444356211921935
408,california,-1.444356211921935
409,california,-1.444356211921935
410,new jersey,-1.4544628846400585
411,new jersey,-1.4544628846400585
412,new jersey,-1.4544628846400585
413,west virginia,-1.4852437791014452
414,west virginia,-1.4852437791014452
415,maryland,-1.5204630020160579
416,maryland,-1.5204630020160579
417,maryland,-1.5204630020160579
418,maryland,-1.5204630020160579
419,new york,-1.5283095703796121
420,new york,-1.5283095703796121
421,new york,-1.5283095703796121
422,new york,-1.5283095703796121
423,california,-1.531047144275263
424,california,-1.531047144275263
425,california,-1.531047144275263
426,california,-1.531047144275263
427,texas,-1.5432618576997186
428,texas,-1.5432618576997186
429,texas,-1.5432618576997186
430,texas,-1.5432618576997186
431,massachusetts,-1.552544512978173
432,massachusetts,-1.552544512978173
433,massachusetts,-1.552544512978173
434,massachusetts,-1.552544512978173
435,new jersey,-1.5629601444370564
436,new jersey,-1.5629601444370564
437,new jersey,-1.5629601444370564
438,new jersey,-1.5629601444370564
439,oregon,-1.5629948825683044
440,mississippi,-1.5804687296367774
441,mississippi,-1.5804687296367774
442,mississippi,-1.5804687296367774
443,west virginia,-1.5963975080381942
444,west virginia,-1.5963975080381942
445,west virginia,-1.5963975080381942
446,pennsylvania,-1.6096470907758444
447,pennsylvania,-1.6096470907758444
448,pennsylvania,-1.6096470907758444
449,pennsylvania,-1.6096470907758444
450,new jersey,-1.6136669772837848
451,new jersey,-1.6136669772837848
452,arkansas,-1.6231618448950513
453,arkansas,-1.6231618448950513
454,arkansas,-1.6231618448950513
455,arkansas,-1.6231618448950513
456,minnesota,-1.6261425157738998
457,minnesota,-1.6261425157738998
458,georgia,-1.626327413507859
459,georgia,-1.626327413507859
460,georgia,-1.626327413507859
461,georgia,-1.626327413507859
462,nebraska,-1.6376842445961017
463,nebraska,-1.6376842445961017
464,nebraska,-1.6376842445961017
465,nebraska,-1.6376842445961017
466,oklahoma,-1.6523061337080875
467,oklahoma,-1.6523061337080875
468,oklahoma,-1.6523061337080875
469,oklahoma,-1.6523061337080875
470,oregon,-1.6561724505766477
471,oregon,-1.6561724505766477
472,north dakota,-1.6671859765179562
473,north dakota,-1.6671859765179562
474,north dakota,-1.6671859765179562
475,montana,-1.6708768067492485
476,montana,-1.6708768067492485
477,nebraska,-1.6756593195022802
478,nebraska,-1.6756593195022802
479,nebraska,-1.6756593195022802
480,nebraska,-1.6756593195022802
481,hawaii,-1.6816446165871142
482,hawaii,-1.6816446165871142
483,hawaii,-1.6816446165871142
484,hawaii,-1.6816446165871142
485,idaho,-1.687972664894417
486,idaho,-1.687972664894417
487,idaho,-1.687972664894417
488,vermont,-1.6968776614592969
489,massachusetts,-1.6980036967449479
490,massachusetts,-1.6980036967449479
491,massachusetts,-1.6980036967449479
492,massachusetts,-1.6980036967449479
493,maryland,-1.7001675443407365
494,maryland,-1.7001675443407365
495,maryland,-1.7001675443407365
496,maryland,-1.7001675443407365
497,new hampshire,-1.7025834255870862
498,new hampshire,-1.7025834255870862
499,vermont,-1.7274323672188885
500,vermont,-1.7274323672188885
501,vermont,-1.7274323672188885
502,north dakota,-1.7300658056454097
503,north dakota,-1.7300658056454097
504,north dakota,-1.7300658056454097
505,north dakota,-1.7300658056454097
506,minnesota,-1.7532108305972542
507,minnesota,-1.7532108305972542
508,kentucky,-1.7579762204587581
509,kentucky,-1.7579762204587581
510,kentucky,-1.7579762204587581
511,kentucky,-1.7579762204587581
512,ohio,-1.8123671175627365
513,ohio,-1.8123671175627365
514,ohio,-1.8123671175627365
515,ohio,-1.8123671175627365
516,iowa,-1.8330833084448699
517,iowa,-1.8330833084448699
518,iowa,-1.8330833084448699
519,iowa,-1.8330833084448699
520,kentucky,-1.8334789249005823
521,kentucky,-1.8334789249005823
522,kentucky,-1.8334789249005823
523,arkansas,-1.8535149645807891
524,arkansas,-1.8535149645807891
525,arkansas,-1.8535149645807891
526,arkansas,-1.8535149645807891
527,arkansas,-1.8695507292328912
528,maryland,-1.8886827464219067
529,maryland,-1.8886827464219067
530,maryland,-1.8886827464219067
531,maryland,-1.8886827464219067
532,north dakota,-1.9084494631063649
533,north dakota,-1.9084494631063649
534,north dakota,-1.9084494631063649
535,north dakota,-1.9084494631063649
536,north dakota,-1.9314862147287926
537,north dakota,-1.9314862147287926
538,oregon,-1.9394036503562262
539,oregon,-1.9394036503562262
540,oregon,-1.9394036503562262
541,oregon,-1.9394036503562262
542,missouri,-1.968140391100249
543,missouri,-1.968140391100249
544,missouri,-1.968140391100249
545,missouri,-1.968140391100249
546,delaware,-1.968831698639633
547,vermont,-1.976230360801722
548,vermont,-1.976230360801722
549,north dakota,-1.9876919760599137
550,north dakota,-1.9876919760599137
551,north dakota,-1.9876919760599137
552,north dakota,-1.9876919760599137
553,iowa,-1.9880463038145422
554,iowa,-1.9880463038145422
555,iowa,-1.9880463038145422
556,iowa,-1.9880463038145422
557,oklahoma,-1.9896938937948576
558,oklahoma,-1.9896938937948576
559,oklahoma,-1.9896938937948576
560,oklahoma,-1.9903688075789105
561,oklahoma,-1.9903688075789105
562,oklahoma,-1.9903688075789105
563,oklahoma,-1.9903688075789105
564,pennsylvania,-1.9933673937083825
565,pennsylvania,-1.9933673937083825
566,pennsylvania,-1.9933673937083825
567,pennsylvania,-1.9933673937083825
568,oklahoma,-2.005151281098051
569,hawaii,-2.0090728940510516
570,hawaii,-2.0090728940510516
571,nebraska,-2.010208111762175
572,nebraska,-2.010208111762175
573,nebraska,-2.010208111762175
574,nebraska,-2.010208111762175
575,delaware,-2.0181721508719477
576,delaware,-2.0181721508719477
577,delaware,-2.0181721508719477
578,delaware,-2.0181721508719477
579,nevada,-2.0577754696754837
580,nevada,-2.0577754696754837
581,nevada,-2.0577754696754837
582,nevada,-2.0577754696754837
583,indiana,-2.0824095255516326
584,indiana,-2.0824095255516326
585,indiana,-2.0824095255516326
586,ohio,-2.0826590900678426
587,alaska,-2.092255303805331
588,iowa,-2.1067173198012554
589,iowa,-2.1067173198012554
590,iowa,-2.1067173198012554
591,iowa,-2.1067173198012554
592,indiana,-2.1153044518597426
593,pennsylvania,-2.123992474381488
594,pennsylvania,-2.123992474381488
595,connecticut,-2.160324228988536
596,connecticut,-2.160324228988536
597,connecticut,-2.160324228988536
598,connecticut,-2.160324228988536
599,north dakota,-2.214274542676918
600,north dakota,-2.214274542676918
601,vermont,-2.2231451061501133
602,indiana,-2.2284340023941738
603,indiana,-2.2284340023941738
604,indiana,-2.2284340023941738
605,indiana,-2.2284340023941738
606,mississippi,-2.235324544050407
607,wisconsin,-2.2767911172954527
608,wisconsin,-2.2767911172954527
609,wisconsin,-2.2767911172954527
610,wisconsin,-2.2767911172954527
611,texas,-2.285948430164993
612,texas,-2.285948430164993
613,texas,-2.285948430164993
614,texas,-2.285948430164993
615,texas,-2.2863472565159597
616,texas,-2.2863472565159597
617,texas,-2.2863472565159597
618,texas,-2.2863472565159597
619,tennessee,-2.3033814274614812
620,wisconsin,-2.309675772241441
621,wisconsin,-2.309675772241441
622,wisconsin,-2.309675772241441
623,wisconsin,-2.309675772241441
624,maine,-2.3288086016024465
625,maine,-2.3288086016024465
626,arkansas,-2.3340176925885174
627,arkansas,-2.3340176925885174
628,arkansas,-2.3340176925885174
629,arkansas,-2.3340176925885174
630,iowa,-2.3416029227083186
631,iowa,-2.3416029227083186
632,iowa,-2.3416029227083186
633,iowa,-2.3416029227083186
634,indiana,-2.3428973094634102
635,indiana,-2.3428973094634102
636,connecticut,-2.360104246548282
637,connecticut,-2.360104246548282
638,connecticut,-2.360104246548282
639,connecticut,-2.3818613190532645
640,connecticut,-2.3818613190532645
641,connecticut,-2.3818613190532645
642,connecticut,-2.3818613190532645
643,utah,-2.4072499794084763
644,nebraska,-2.461851445387282
645,nebraska,-2.461851445387282
646,nebraska,-2.461851445387282
647,virginia,-2.4894901477356015
648,new mexico,-2.553070054739514
649,south dakota,-2.565124703422832
650,south dakota,-2.565124703422832
651,south dakota,-2.565124703422832
652,montana,-2.5780152826718847
653,montana,-2.5780152826718847
654,montana,-2.5780152826718847
655,montana,-2.5780152826718847
656,rhode island,-2.584059152679366
657,oregon,-2.6020080786099484
658,oregon,-2.6020080786099484
659,oregon,-2.6020080786099484
660,virginia,-2.609670023398543
661,virginia,-2.612688104152326
662,virginia,-2.612688104152326
663,virginia,-2.612688104152326
664,virginia,-2.612688104152326
665,rhode island,-2.620370430124531
666,rhode island,-2.620370430124531
667,rhode island,-2.620370430124531
668,south carolina,-2.6245911507453528
669,south carolina,-2.6245911507453528
670,michigan,-2.7536241884058583
671,michigan,-2.7536241884058583
672,michigan,-2.7536241884058583
673,nebraska,-2.8370213861604086
674,montana,-2.913859826866897
675,montana,-2.913859826866897
676,montana,-2.913859826866897
677,montana,-2.913859826866897
678,virginia,-2.951384183305848
679,mississippi,-2.9955562062818473
680,mississippi,-2.9955562062818473
681,mississippi,-2.9955562062818473
682,mississippi,-3.0210458405066447
683,mississippi,-3.0210458405066447
684,mississippi,-3.0210458405066447
685,mississippi,-3.0210458405066447
686,montana,-3.0267846691184417
687,montana,-3.0267846691184417
688,montana,-3.0267846691184417
689,washington,-3.0642023411055987
690,washington,-3.0642023411055987
691,washington,-3.0642023411055987
692,washington,-3.0642023411055987
693,mississippi,-3.077524330978811
694,oregon,-3.095453681750385
695,oregon,-3.095453681750385
696,oregon,-3.095453681750385
697,oregon,-3.095453681750385
698,oregon,-3.0997466421079665
699,iowa,-3.135352457168466
700,colorado,-3.173232705735529
701,colorado,-3.173232705735529
702,michigan,-3.2449445657731744
703,mississippi,-3.251834415240296
704,mississippi,-3.251834415240296
705,mississippi,-3.251834415240296
706,michigan,-3.2586872703949226
707,michigan,-3.2586872703949226
708,michigan,-3.2586872703949226
709,michigan,-3.2586872703949226
710,virginia,-3.324387190802078
711,virginia,-3.324387190802078
712,virginia,-3.324387190802078
713,south dakota,-3.339605242995681
714,iowa,-3.35226911727964
715,new jersey,-3.370493370128429
716,new hampshire,-3.396254102405919
717,new hampshire,-3.396254102405919
718,new hampshire,-3.396254102405919
719,new mexico,-3.418427285610065
720,new hampshire,-3.4476658126244715
721,new hampshire,-3.4476658126244715
722,new hampshire,-3.4476658126244715
723,california,-3.4756862836276596
724,california,-3.4756862836276596
725,california,-3.4756862836276596
726,new jersey,-3.4799965859230895
727,new jersey,-3.4799965859230895
728,new jersey,-3.4799965859230895
729,alaska,-3.4837034267782627
730,alaska,-3.4837034267782627
731,utah,-3.515544119060273
732,north carolina,-3.5247338556042465
733,north carolina,-3.5247338556042465
734,new hampshire,-3.5330742997848645
735,new hampshire,-3.5330742997848645
736,new hampshire,-3.5330742997848645
737,new hampshire,-3.5330742997848645
738,new york,-3.570624660543835
739,rhode island,-3.6319375756893706
740,rhode island,-3.6319375756893706
741,rhode island,-3.6319375756893706
742,nevada,-3.6365771638651125
743,nevada,-3.6365771638651125
744,nevada,-3.6365771638651125
745,nevada,-3.653568955292009
746,south dakota,-3.6606107731805224
747,south dakota,-3.6606107731805224
748,maine,-3.8262830711573343
749,maine,-3.8262830711573343
750,colorado,-3.8919526559255218
751,colorado,-3.8919526559255218
752,idaho,-3.896177677581086
753,idaho,-3.896177677581086
754,idaho,-3.896177677581086
755,idaho,-3.896177677581086
756,virginia,-3.909834068158503
757,new york,-3.918205207098879
758,new york,-3.918205207098879
759,ohio,-3.9660342190395426
760,tennessee,-3.9710048701524983
761,new york,-3.977569302147252
762,south dakota,-3.9879192848522393
763,south dakota,-3.9879192848522393
764,south dakota,-4.028311971115961
765,south dakota,-4.028311971115961
766,hawaii,-4.033754642353927
767,hawaii,-4.033754642353927
768,hawaii,-4.033754642353927
769,hawaii,-4.033754642353927
770,pennsylvania,-4.0539617372995735
771,florida,-4.077528556360647
772,florida,-4.077528556360647
773,florida,-4.077528556360647
774,virginia,-4.083560898825411
775,virginia,-4.083560898825411
776,virginia,-4.083560898825411
777,nevada,-4.116640956588874
778,nevada,-4.116640956588874
779,virginia,-4.119808059955105
780,virginia,-4.119808059955105
781,virginia,-4.119808059955105
782,texas,-4.144797952935484
783,pennsylvania,-4.14534662371549
784,pennsylvania,-4.14534662371549
785,pennsylvania,-4.14534662371549
786,ohio,-4.154435484961944
787,ohio,-4.154435484961944
788,ohio,-4.154435484961944
789,south dakota,-4.155589572966512
790,montana,-4.157418235035507
791,florida,-4.200670355201623
792,florida,-4.200670355201623
793,florida,-4.200670355201623
794,florida,-4.200670355201623
795,nevada,-4.203550950584145
796,maryland,-4.2902463978557535
797,maryland,-4.2902463978557535
798,maryland,-4.2902463978557535
799,maryland,-4.2902463978557535
800,tennessee,-4.3336847997999115
801,montana,-4.363743661093672
802,montana,-4.363743661093672
803,montana,-4.363743661093672
804,idaho,-4.3640768322905
805,idaho,-4.3640768322905
806,idaho,-4.3640768322905
807,idaho,-4.3640768322905
808,florida,-4.365668948048523
809,utah,-4.395031233088339
810,utah,-4.395031233088339
811,louisiana,-4.4066044176218995
812,louisiana,-4.4066044176218995
813,louisiana,-4.4066044176218995
814,nevada,-4.410626474483863
815,nevada,-4.410626474483863
816,idaho,-4.416402809278459
817,texas,-4.433893528023944
818,texas,-4.433893528023944
819,texas,-4.433893528023944
820,louisiana,-4.44986172150783
821,nevada,-4.493514901295278
822,hawaii,-4.50440383637978
823,hawaii,-4.50440383637978
824,new jersey,-4.514523242103799
825,new jersey,-4.514523242103799
826,new jersey,-4.514523242103799
827,new hampshire,-4.523065504868242
828,new hampshire,-4.523065504868242
829,new hampshire,-4.523065504868242
830,new hampshire,-4.523065504868242
831,illinois,-4.524458456734514
832,illinois,-4.524458456734514
833,illinois,-4.524458456734514
834,new hampshire,-4.546602249791249
835,new jersey,-4.570434073480705
836,north carolina,-4.572560008040348
837,north carolina,-4.572560008040348
838,south carolina,-4.58093376381202
839,south carolina,-4.58093376381202
840,south carolina,-4.58093376381202
841,georgia,-4.585418988103136
842,new york,-4.594925867779665
843,maine,-4.5960930068845585
844,maine,-4.5960930068845585
845,maryland,-4.606397781918332
846,new jersey,-4.621315587191042
847,idaho,-4.625597403370911
848,idaho,-4.625597403370911
849,idaho,-4.625597403370911
850,idaho,-4.625597403370911
851,georgia,-4.635709564182939
852,georgia,-4.635709564182939
853,georgia,-4.635709564182939
854,georgia,-4.635709564182939
855,virginia,-4.639302663653169
856,virginia,-4.639302663653169
857,virginia,-4.639302663653169
858,maine,-4.6648655323857895
859,virginia,-4.678707297235782
860,delaware,-4.700132843975695
861,delaware,-4.700132843975695
862,south dakota,-4.705926206914583
863,hawaii,-4.711619861519253
864,hawaii,-4.711619861519253
865,hawaii,-4.711619861519253
866,new jersey,-4.720116812233719
867,new jersey,-4.720116812233719
868,new mexico,-4.725966735745239
869,new mexico,-4.725966735745239
870,new mexico,-4.725966735745239
871,new mexico,-4.725966735745239
872,georgia,-4.734773432324197
873,georgia,-4.734773432324197
874,georgia,-4.734773432324197
875,georgia,-4.765901999730218
876,georgia,-4.765901999730218
877,georgia,-4.765901999730218
878,georgia,-4.765901999730218
879,idaho,-4.777434558202195
880,hawaii,-4.789792780173698
881,hawaii,-4.789792780173698
882,illinois,-4.824072769959294
883,new hampshire,-4.831947621186345
884,new hampshire,-4.831947621186345
885,hawaii,-4.832540545791979
886,hawaii,-4.832540545791979
887,hawaii,-4.832540545791979
888,delaware,-4.834091124374872
889,delaware,-4.834091124374872
890,delaware,-4.84737071305365
891,delaware,-4.84737071305365
892,delaware,-4.84737071305365
893,delaware,-4.84737071305365
894,california,-4.848536204425294
895,oklahoma,-4.926660514317888
896,oklahoma,-4.926660514317888
897,oklahoma,-4.926660514317888
898,new york,-4.93575955816744
899,south carolina,-4.938591597479032
900,south carolina,-4.938591597479032
901,south carolina,-4.938591597479032
902,south carolina,-4.938591597479032
903,montana,-4.939930024212217
904,montana,-4.939930024212217
905,montana,-4.939930024212217
906,oklahoma,-4.960826916654817
907,new mexico,-4.991690669383587
908,new mexico,-4.991690669383587
909,new mexico,-4.991690669383587
910,new mexico,-4.991690669383587
911,alaska,-5.077797555102784
912,south dakota,-5.086447211283165
913,south dakota,-5.086447211283165
914,rhode island,-5.1585314922300185
915,rhode island,-5.1585314922300185
916,rhode island,-5.1585314922300185
917,rhode island,-5.1585314922300185
918,delaware,-5.167200650663752
919,oklahoma,-5.232066943082856
920,montana,-5.269281253476244
921,rhode island,-5.364064007332047
922,new mexico,-5.428140611835431
923,new mexico,-5.428140611835431
924,new mexico,-5.428140611835431
925,new mexico,-5.428140611835431
926,new jersey,-5.483952368045792
927,new jersey,-5.483952368045792
928,new jersey,-5.483952368045792
929,montana,-5.493533343702445
930,louisiana,-5.510981801162046
931,florida,-5.540922661302069
932,florida,-5.540922661302069
933,florida,-5.540922661302069
934,new jersey,-5.5948516594874675
935,oregon,-5.60027396761523
936,washington,-5.605544820501265
937,washington,-5.605544820501265
938,colorado,-5.615088329856427
939,colorado,-5.615088329856427
940,michigan,-5.640218253191904
941,michigan,-5.640218253191904
942,michigan,-5.640218253191904
943,hawaii,-5.664683717226701
944,hawaii,-5.664683717226701
945,maine,-5.6754120648407635
946,maine,-5.6754120648407635
947,maine,-5.6754120648407635
948,maine,-5.6754120648407635
949,rhode island,-5.713553571362851
950,rhode island,-5.713553571362851
951,rhode island,-5.713553571362851
952,alabama,-5.716082481323596
953,alabama,-5.716082481323596
954,alabama,-5.716082481323596
955,alabama,-5.716082481323596
956,maryland,-5.7360426826135935
957,maryland,-5.7360426826135935
958,north carolina,-5.749838677796298
959,north carolina,-5.749838677796298
960,louisiana,-5.754410790923082
961,louisiana,-5.754410790923082
962,alaska,-5.763615737669262
963,alaska,-5.763615737669262
964,north carolina,-5.764290937922645
965,north carolina,-5.764290937922645
966,oklahoma,-5.774430674221826
967,oklahoma,-5.774430674221826
968,oklahoma,-5.774430674221826
969,maryland,-5.7771463423234835
970,maryland,-5.7771463423234835
971,maryland,-5.7771463423234835
972,south carolina,-5.782351424261506
973,maine,-5.78623435074158
974,maine,-5.78623435074158
975,massachusetts,-5.806584937704059
976,massachusetts,-5.806584937704059
977,massachusetts,-5.806584937704059
978,ohio,-5.819630272186487
979,ohio,-5.819630272186487
980,ohio,-5.819630272186487
981,alabama,-5.830663300662451
982,mississippi,-5.832962560003601
983,maine,-5.833110784400944
984,maine,-5.833110784400944
985,maine,-5.833110784400944
986,louisiana,-5.840269589556016
987,utah,-5.845626616637226
988,utah,-5.845626616637226
989,utah,-5.845626616637226
990,nevada,-5.846498784411978
991,nevada,-5.846498784411978
992,nevada,-5.846498784411978
993,minnesota,-5.859428663293841
994,minnesota,-5.859428663293841
995,minnesota,-5.859428663293841
996,minnesota,-5.859428663293841
997,mississippi,-5.8784935064023145
998,mississippi,-5.8784935064023145
999,mississippi,-5.8784935064023145
1000,new york,-5.882075675400685
1001,new york,-5.882075675400685
1002,new york,-5.882075675400685
1003,new york,-5.882075675400685
1004,south carolina,-5.885408530387082
1005,south carolina,-5.885408530387082
1006,south carolina,-5.885408530387082
1007,south carolina,-5.885408530387082
1008,oklahoma,-5.886137207949368
1009,ohio,-5.890546717972484
1010,ohio,-5.890546717972484
1011,minnesota,-5.893377483992218
1012,minnesota,-5.893377483992218
1013,minnesota,-5.893377483992218
1014,ohio,-5.899604345320604
1015,ohio,-5.899604345320604
1016,ohio,-5.899604345320604
1017,ohio,-5.899604345320604
1018,north carolina,-5.910224779794994
1019,north carolina,-5.910224779794994
1020,north carolina,-5.910224779794994
1021,north carolina,-5.910224779794994
1022,louisiana,-5.913439223549275
1023,south dakota,-5.922348976250362
1024,hawaii,-5.922452832176845
1025,connecticut,-5.927886567516602
1026,connecticut,-5.927886567516602
1027,connecticut,-5.927886567516602
1028,washington,-5.931956616211139
1029,washington,-5.931956616211139
1030,washington,-5.931956616211139
1031,new mexico,-5.934022491629797
1032,south carolina,-5.937987381933745
1033,south carolina,-5.937987381933745
1034,south carolina,-5.937987381933745
1035,south carolina,-5.937987381933745
1036,massachusetts,-5.943297697740469
1037,massachusetts,-5.943297697740469
1038,massachusetts,-5.943297697740469
1039,massachusetts,-5.943297697740469
1040,colorado,-5.955070032651896
1041,mississippi,-5.9591250311202515
1042,mississippi,-5.9591250311202515
1043,idaho,-5.970669053556058
1044,idaho,-5.970669053556058
1045,idaho,-5.970669053556058
1046,vermont,-5.985505011105602
1047,vermont,-5.985505011105602
1048,north carolina,-5.986826196864293
1049,north carolina,-5.986826196864293
1050,north carolina,-5.986826196864293
1051,north carolina,-5.986826196864293
1052,oklahoma,-5.99604764538806
1053,oklahoma,-5.99604764538806
1054,oklahoma,-5.99604764538806
1055,oklahoma,-5.99604764538806
1056,alaska,-6.013091681991504
1057,alaska,-6.013091681991504
1058,hawaii,-6.015139008924251
1059,connecticut,-6.026438455672732
1060,connecticut,-6.026438455672732
1061,connecticut,-6.026438455672732
1062,new mexico,-6.035466779055255
1063,new mexico,-6.035466779055255
1064,new mexico,-6.035466779055255
1065,hawaii,-6.043316220910896
1066,delaware,-6.0521602527790535
1067,kansas,-6.056837279028677
1068,california,-6.062760523703673
1069,california,-6.062760523703673
1070,delaware,-6.070075502866729
1071,delaware,-6.070075502866729
1072,new york,-6.0711341742432126
1073,new york,-6.0711341742432126
1074,new york,-6.0711341742432126
1075,new york,-6.0711341742432126
1076,louisiana,-6.073271395146051
1077,louisiana,-6.073271395146051
1078,louisiana,-6.073271395146051
1079,massachusetts,-6.080040369393799
1080,massachusetts,-6.080040369393799
1081,massachusetts,-6.080040369393799
1082,georgia,-6.080874534572352
1083,georgia,-6.080874534572352
1084,georgia,-6.080874534572352
1085,georgia,-6.080874534572352
1086,colorado,-6.091949421046884
1087,ohio,-6.116578423833339
1088,ohio,-6.116578423833339
1089,michigan,-6.119805907580599
1090,michigan,-6.119805907580599
1091,michigan,-6.119805907580599
1092,michigan,-6.119805907580599
1093,texas,-6.149444907579927
1094,texas,-6.149444907579927
1095,south carolina,-6.156292293492832
1096,new jersey,-6.168720776720768
1097,new jersey,-6.168720776720768
1098,new jersey,-6.168720776720768
1099,delaware,-6.1701791921748566
1100,arkansas,-6.1839021990173535
1101,arkansas,-6.1839021990173535
1102,arkansas,-6.1839021990173535
1103,kansas,-6.191042216884817
1104,arkansas,-6.205811050880499
1105,ohio,-6.2118321568878585
1106,indiana,-6.228350167779958
1107,alabama,-6.254991167210058
1108,alabama,-6.254991167210058
1109,alabama,-6.254991167210058
1110,kansas,-6.262189380816572
1111,kansas,-6.262189380816572
1112,kansas,-6.262189380816572
1113,rhode island,-6.274077420308906
1114,california,-6.291240702942851
1115,california,-6.291240702942851
1116,california,-6.291240702942851
1117,utah,-6.292306187900344
1118,massachusetts,-6.348704346112584
1119,kansas,-6.363486150419035
1120,kansas,-6.363486150419035
1121,kansas,-6.395431530386688
1122,alaska,-6.3994138527233275
1123,alaska,-6.3994138527233275
1124,alaska,-6.3994138527233275
1125,alaska,-6.3994138527233275
1126,indiana,-6.399890775423181
1127,indiana,-6.399890775423181
1128,maine,-6.411494146301379
1129,maine,-6.411494146301379
1130,maine,-6.411494146301379
1131,new hampshire,-6.4205517542768575
1132,new hampshire,-6.4205517542768575
1133,new york,-6.424553242884649
1134,indiana,-6.436971253320898
1135,indiana,-6.436971253320898
1136,wyoming,-6.472620015099103
1137,wyoming,-6.472620015099103
1138,wyoming,-6.472620015099103
1139,wyoming,-6.472620015099103
1140,rhode island,-6.47329245157357
1141,rhode island,-6.47329245157357
1142,rhode island,-6.47329245157357
1143,maryland,-6.500845096168852
1144,maryland,-6.500845096168852
1145,maryland,-6.500845096168852
1146,maryland,-6.500845096168852
1147,connecticut,-6.509906533475238
1148,indiana,-6.510565381858903
1149,indiana,-6.510565381858903
1150,indiana,-6.510565381858903
1151,california,-6.515148547286017
1152,california,-6.515148547286017
1153,new jersey,-6.52364608607671
1154,new jersey,-6.52364608607671
1155,connecticut,-6.525443019946486
1156,connecticut,-6.525443019946486
1157,connecticut,-6.525443019946486
1158,connecticut,-6.525443019946486
1159,alaska,-6.53594257343056
1160,vermont,-6.540692706644457
1161,vermont,-6.540692706644457
1162,michigan,-6.542095744666703
1163,oregon,-6.548179355232236
1164,oregon,-6.548179355232236
1165,oregon,-6.548179355232236
1166,indiana,-6.561132036507324
1167,indiana,-6.561132036507324
1168,indiana,-6.561132036507324
1169,indiana,-6.561132036507324
1170,vermont,-6.562013646285706
1171,vermont,-6.562013646285706
1172,new york,-6.580260383427827
1173,new york,-6.580260383427827
1174,new york,-6.580260383427827
1175,colorado,-6.58409604849907
1176,washington,-6.595475769838018
1177,washington,-6.595475769838018
1178,alaska,-6.599515775018219
1179,connecticut,-6.609764822762131
1180,delaware,-6.629730148659107
1181,mississippi,-6.630811716126992
1182,mississippi,-6.630811716126992
1183,mississippi,-6.630811716126992
1184,mississippi,-6.630811716126992
1185,massachusetts,-6.654144755128776
1186,maryland,-6.673009602048914
1187,maryland,-6.673009602048914
1188,kansas,-6.68004915926263
1189,kansas,-6.68004915926263
1190,idaho,-6.6812265061674125
1191,idaho,-6.6812265061674125
1192,idaho,-6.6812265061674125
1193,alabama,-6.683826447492493
1194,california,-6.687034713709117
1195,massachusetts,-6.695589428983652
1196,ohio,-6.698475327387484
1197,ohio,-6.698475327387484
1198,ohio,-6.698475327387484
1199,ohio,-6.698475327387484
1200,north carolina,-6.70350984966916
1201,north carolina,-6.70350984966916
1202,new jersey,-6.704661887321009
1203,new jersey,-6.704661887321009
1204,maryland,-6.714090235639276
1205,maryland,-6.714090235639276
1206,maryland,-6.714090235639276
1207,maryland,-6.714090235639276
1208,alaska,-6.7248412788568
1209,alaska,-6.7248412788568
1210,kansas,-6.728089748923928
1211,kansas,-6.728089748923928
1212,kansas,-6.728892285102795
1213,kansas,-6.728892285102795
1214,massachusetts,-6.739983847474164
1215,massachusetts,-6.739983847474164
1216,vermont,-6.747500543499889
1217,vermont,-6.747500543499889
1218,nevada,-6.748832492580654
1219,colorado,-6.757138677912856
1220,colorado,-6.757138677912856
1221,colorado,-6.757138677912856
1222,vermont,-6.766333148323426
1223,vermont,-6.766333148323426
1224,maryland,-6.771366680930434
1225,maryland,-6.771366680930434
1226,maryland,-6.771366680930434
1227,delaware,-6.772218755661434
1228,missouri,-6.772777198747384
1229,tennessee,-6.7801501674390465
1230,tennessee,-6.7801501674390465
1231,michigan,-6.812663739184529
1232,louisiana,-6.815235618868606
1233,new mexico,-6.821088346439147
1234,new mexico,-6.821088346439147
1235,new mexico,-6.821088346439147
1236,north carolina,-6.837346998457342
1237,north carolina,-6.837346998457342
1238,north carolina,-6.837346998457342
1239,north carolina,-6.837346998457342
1240,minnesota,-6.846670811969545
1241,minnesota,-6.8630354132496905
1242,minnesota,-6.8630354132496905
1243,minnesota,-6.8630354132496905
1244,minnesota,-6.8630354132496905
1245,wyoming,-6.865422142373788
1246,wyoming,-6.865422142373788
1247,alabama,-6.873551273453778
1248,alabama,-6.873551273453778
1249,alabama,-6.873551273453778
1250,alabama,-6.873551273453778
1251,new mexico,-6.878787521227338
1252,new mexico,-6.878787521227338
1253,new mexico,-6.878787521227338
1254,illinois,-6.880065211790928
1255,illinois,-6.880065211790928
1256,south dakota,-6.902908615789933
1257,south dakota,-6.902908615789933
1258,south dakota,-6.902908615789933
1259,connecticut,-6.907609298770645
1260,connecticut,-6.907609298770645
1261,connecticut,-6.907609298770645
1262,connecticut,-6.907609298770645
1263,minnesota,-6.921551102712407
1264,indiana,-6.924132085127823
1265,indiana,-6.924132085127823
1266,wyoming,-6.930259278533249
1267,wyoming,-6.930259278533249
1268,alabama,-6.933608002323858
1269,alabama,-6.933608002323858
1270,utah,-6.936214160737784
1271,utah,-6.936214160737784
1272,west virginia,-6.949384408909509
1273,west virginia,-6.949384408909509
1274,alabama,-6.953290969894091
1275,alabama,-6.953290969894091
1276,alabama,-6.953290969894091
1277,alabama,-6.953290969894091
1278,kansas,-6.953304192454198
1279,kansas,-6.953304192454198
1280,kansas,-6.953304192454198
1281,washington,-6.97749856863004
1282,washington,-6.97749856863004
1283,washington,-6.97749856863004
1284,new mexico,-6.987806994823359
1285,wyoming,-6.993582866428149
1286,wyoming,-6.993582866428149
1287,wyoming,-6.993582866428149
1288,hawaii,-7.000990021885613
1289,maine,-7.002501868791114
1290,california,-7.007727384442703
1291,california,-7.007727384442703
1292,west virginia,-7.012064048500491
1293,west virginia,-7.012064048500491
1294,kansas,-7.0123684728552504
1295,idaho,-7.0172983492903995
1296,idaho,-7.0172983492903995
1297,idaho,-7.0172983492903995
1298,missouri,-7.021556602678864
1299,missouri,-7.021556602678864
1300,missouri,-7.021556602678864
1301,new hampshire,-7.025330965811612
1302,new hampshire,-7.025330965811612
1303,wyoming,-7.029137913241712
1304,wyoming,-7.029137913241712
1305,alabama,-7.033535871415943
1306,alabama,-7.033535871415943
1307,louisiana,-7.035733536147376
1308,louisiana,-7.035733536147376
1309,california,-7.035829818881844
1310,michigan,-7.0557214959015795
1311,michigan,-7.0557214959015795
1312,south carolina,-7.055752233005023
1313,south carolina,-7.055752233005023
1314,louisiana,-7.057762255128779
1315,florida,-7.064640596253433
1316,florida,-7.064640596253433
1317,florida,-7.064640596253433
1318,florida,-7.064640596253433
1319,oregon,-7.070252707629656
1320,oregon,-7.070252707629656
1321,oregon,-7.070252707629656
1322,new hampshire,-7.0729391743473045
1323,new hampshire,-7.0729391743473045
1324,new hampshire,-7.0729391743473045
1325,new hampshire,-7.0729391743473045
1326,michigan,-7.075678616403039
1327,massachusetts,-7.086802044987124
1328,massachusetts,-7.086802044987124
1329,massachusetts,-7.086802044987124
1330,wyoming,-7.089179282793879
1331,wyoming,-7.089179282793879
1332,rhode island,-7.092482777077585
1333,rhode island,-7.092482777077585
1334,connecticut,-7.110974817936118
1335,connecticut,-7.110974817936118
1336,tennessee,-7.114502634118239
1337,tennessee,-7.114502634118239
1338,tennessee,-7.114502634118239
1339,tennessee,-7.114502634118239
1340,california,-7.115352940163461
1341,alabama,-7.118967546407241
1342,alabama,-7.118967546407241
1343,michigan,-7.121382270561938
1344,michigan,-7.121382270561938
1345,michigan,-7.121382270561938
1346,rhode island,-7.123913762533306
1347,rhode island,-7.123913762533306
1348,rhode island,-7.123913762533306
1349,vermont,-7.124591390007112
1350,alaska,-7.135103118910834
1351,alaska,-7.135103118910834
1352,alaska,-7.135103118910834
1353,south carolina,-7.136221520504499
1354,south carolina,-7.136221520504499
1355,south carolina,-7.136221520504499
1356,vermont,-7.154992608831222
1357,vermont,-7.154992608831222
1358,washington,-7.157457228537524
1359,vermont,-7.159115536187912
1360,vermont,-7.159115536187912
1361,rhode island,-7.164545228784803
1362,rhode island,-7.164545228784803
1363,rhode island,-7.164545228784803
1364,rhode island,-7.164545228784803
1365,north dakota,-7.1654191922221315
1366,north dakota,-7.1654191922221315
1367,washington,-7.165545710420858
1368,kentucky,-7.165954272590618
1369,kentucky,-7.165954272590618
1370,kentucky,-7.165954272590618
1371,new hampshire,-7.17236694036847
1372,new hampshire,-7.17236694036847
1373,wyoming,-7.173944513619325
1374,wyoming,-7.173944513619325
1375,wyoming,-7.173944513619325
1376,tennessee,-7.182928240471675
1377,tennessee,-7.182928240471675
1378,wyoming,-7.186794088244582
1379,delaware,-7.190237498526962
1380,delaware,-7.190237498526962
1381,louisiana,-7.208275320601416
1382,louisiana,-7.208275320601416
1383,louisiana,-7.208275320601416
1384,wyoming,-7.212193262923016
1385,wyoming,-7.212193262923016
1386,wyoming,-7.212193262923016
1387,wyoming,-7.223388591106783
1388,alabama,-7.233943246193377
1389,alabama,-7.233943246193377
1390,montana,-7.245779479134875
1391,montana,-7.245779479134875
1392,montana,-7.245779479134875
1393,montana,-7.245779479134875
1394,indiana,-7.246999311220328
1395,indiana,-7.246999311220328
1396,indiana,-7.246999311220328
1397,indiana,-7.246999311220328
1398,wyoming,-7.248910636156644
1399,wyoming,-7.248910636156644
1400,rhode island,-7.2500701261799065
1401,rhode island,-7.2500701261799065
1402,idaho,-7.256324612028898
1403,wyoming,-7.266555614961987
1404,montana,-7.286026028799192
1405,montana,-7.286026028799192
1406,montana,-7.286026028799192
1407,montana,-7.286026028799192
1408,new mexico,-7.288104893791008
1409,rhode island,-7.288273697996885
1410,vermont,-7.289600146750509
1411,kentucky,-7.293147434999582
1412,kentucky,-7.293147434999582
1413,indiana,-7.3011706098126865
1414,indiana,-7.3011706098126865
1415,michigan,-7.309524993486541
1416,oregon,-7.322091161338911
1417,kentucky,-7.327087305432343
1418,vermont,-7.330995916819845
1419,vermont,-7.330995916819845
1420,maryland,-7.333396320957334
1421,north carolina,-7.3362455664607396
1422,north carolina,-7.3362455664607396
1423,north carolina,-7.3362455664607396
1424,north carolina,-7.3362455664607396
1425,alabama,-7.352143501665772
1426,alabama,-7.352143501665772
1427,north dakota,-7.3621394594054905
1428,idaho,-7.362974540864279
1429,wyoming,-7.365008977521654
1430,wyoming,-7.365008977521654
1431,missouri,-7.371075752741589
1432,new hampshire,-7.375734619094459
1433,new hampshire,-7.375734619094459
1434,pennsylvania,-7.377612223388915
1435,pennsylvania,-7.377612223388915
1436,new mexico,-7.415283438883677
1437,michigan,-7.416959261882667
1438,michigan,-7.416959261882667
1439,michigan,-7.416959261882667
1440,wyoming,-7.421387519730594
1441,indiana,-7.4237043667649445
1442,indiana,-7.4237043667649445
1443,indiana,-7.4237043667649445
1444,indiana,-7.4237043667649445
1445,new jersey,-7.4245130019621115
1446,north carolina,-7.424599137489999
1447,north carolina,-7.424599137489999
1448,north carolina,-7.424599137489999
1449,wyoming,-7.425768895545929
1450,wyoming,-7.425768895545929
1451,illinois,-7.435829762995276
1452,illinois,-7.435829762995276
1453,alabama,-7.440346099398937
1454,alabama,-7.440346099398937
1455,kentucky,-7.450250547295546
1456,oregon,-7.455682204737329
1457,kentucky,-7.45991433041543
1458,kentucky,-7.45991433041543
1459,arkansas,-7.474601650088161
1460,arkansas,-7.474601650088161
1461,arkansas,-7.474601650088161
1462,arkansas,-7.474601650088161
1463,virginia,-7.476252866596333
1464,north carolina,-7.481072478440026
1465,north carolina,-7.481072478440026
1466,louisiana,-7.481142571136331
1467,louisiana,-7.481142571136331
1468,louisiana,-7.481142571136331
1469,louisiana,-7.481142571136331
1470,west virginia,-7.483025418017142
1471,wisconsin,-7.484127092774209
1472,wisconsin,-7.484127092774209
1473,wisconsin,-7.484127092774209
1474,arkansas,-7.512455423640567
1475,arkansas,-7.512455423640567
1476,arkansas,-7.512455423640567
1477,oregon,-7.512704010295337
1478,oregon,-7.512704010295337
1479,oregon,-7.512704010295337
1480,california,-7.531408505311951
1481,minnesota,-7.536399641999928
1482,minnesota,-7.536399641999928
1483,minnesota,-7.536399641999928
1484,west virginia,-7.546561446750651
1485,west virginia,-7.546561446750651
1486,west virginia,-7.546561446750651
1487,missouri,-7.551327345240281
1488,missouri,-7.551327345240281
1489,texas,-7.553402414812844
1490,texas,-7.553402414812844
1491,texas,-7.553402414812844
1492,pennsylvania,-7.554755469241762
1493,pennsylvania,-7.554755469241762
1494,vermont,-7.557157859973451
1495,vermont,-7.557157859973451
1496,vermont,-7.557157859973451
1497,vermont,-7.557157859973451
1498,new mexico,-7.559183263843636
1499,new mexico,-7.559183263843636
1500,new mexico,-7.559183263843636
1501,utah,-7.564153190251552
1502,new mexico,-7.566619793746
1503,new mexico,-7.566619793746
1504,new mexico,-7.566619793746
1505,north dakota,-7.591009245612106
1506,new jersey,-7.593269352406196
1507,new jersey,-7.593269352406196
1508,massachusetts,-7.594700360175246
1509,louisiana,-7.595047430675663
1510,louisiana,-7.595047430675663
1511,missouri,-7.601631659293588
1512,missouri,-7.601631659293588
1513,missouri,-7.601631659293588
1514,missouri,-7.601631659293588
1515,wisconsin,-7.607058795390685
1516,florida,-7.608269040356454
1517,alaska,-7.608735235280228
1518,alaska,-7.608735235280228
1519,alaska,-7.608735235280228
1520,alaska,-7.608735235280228
1521,nebraska,-7.615128199788437
1522,alaska,-7.616985425744126
1523,alaska,-7.616985425744126
1524,alaska,-7.616985425744126
1525,california,-7.621284149179864
1526,california,-7.621284149179864
1527,texas,-7.629526188451777
1528,alaska,-7.638487226646632
1529,alaska,-7.638487226646632
1530,alaska,-7.638487226646632
1531,west virginia,-7.638905330127713
1532,west virginia,-7.638905330127713
1533,delaware,-7.646604995650399
1534,delaware,-7.646604995650399
1535,illinois,-7.64746469695136
1536,illinois,-7.64746469695136
1537,illinois,-7.64746469695136
1538,illinois,-7.64746469695136
1539,maine,-7.649446559602723
1540,florida,-7.649452682538417
1541,florida,-7.649452682538417
1542,virginia,-7.651261886526257
1543,virginia,-7.651261886526257
1544,virginia,-7.651261886526257
1545,west virginia,-7.65210623681471
1546,west virginia,-7.65210623681471
1547,washington,-7.659051813688812
1548,washington,-7.659051813688812
1549,west virginia,-7.659343512160085
1550,west virginia,-7.659343512160085
1551,west virginia,-7.659343512160085
1552,colorado,-7.664843960998958
1553,north carolina,-7.666243283230614
1554,north carolina,-7.666243283230614
1555,alabama,-7.666377366018317
1556,alabama,-7.666377366018317
1557,alabama,-7.666377366018317
1558,alabama,-7.666377366018317
1559,michigan,-7.671276828563691
1560,michigan,-7.671276828563691
1561,alaska,-7.673901849067114
1562,south carolina,-7.6784243049442225
1563,south carolina,-7.6784243049442225
1564,delaware,-7.6786470983629584
1565,delaware,-7.6786470983629584
1566,delaware,-7.6786470983629584
1567,new hampshire,-7.679063871856222
1568,new hampshire,-7.679063871856222
1569,new mexico,-7.694747917064198
1570,new mexico,-7.694747917064198
1571,new mexico,-7.694747917064198
1572,west virginia,-7.700324700590052
1573,west virginia,-7.700324700590052
1574,colorado,-7.723443624972944
1575,colorado,-7.723443624972944
1576,colorado,-7.723443624972944
1577,kentucky,-7.72512681005832
1578,kentucky,-7.72512681005832
1579,tennessee,-7.725735743650944
1580,tennessee,-7.725735743650944
1581,west virginia,-7.73973067083142
1582,oklahoma,-7.7418761645661505
1583,oklahoma,-7.7418761645661505
1584,nebraska,-7.744122790317952
1585,new hampshire,-7.749394998178957
1586,new hampshire,-7.749394998178957
1587,new hampshire,-7.749394998178957
1588,new hampshire,-7.749394998178957
1589,new mexico,-7.761041487154834
1590,florida,-7.761313439172845
1591,florida,-7.761313439172845
1592,florida,-7.761313439172845
1593,massachusetts,-7.778858612285148
1594,massachusetts,-7.778858612285148
1595,massachusetts,-7.778858612285148
1596,massachusetts,-7.778858612285148
1597,louisiana,-7.779305212012943
1598,louisiana,-7.779305212012943
1599,tennessee,-7.7885499297023415
1600,tennessee,-7.7885499297023415
1601,tennessee,-7.7885499297023415
1602,tennessee,-7.7885499297023415
1603,illinois,-7.799138895819283
1604,west virginia,-7.80762146028399
1605,michigan,-7.821339904631152
1606,missouri,-7.823960312770332
1607,utah,-7.828120551469091
1608,utah,-7.828120551469091
1609,utah,-7.828120551469091
1610,wisconsin,-7.831502898503615
1611,wisconsin,-7.831502898503615
1612,wisconsin,-7.831502898503615
1613,alaska,-7.834733773379099
1614,vermont,-7.8446103618398695
1615,vermont,-7.8446103618398695
1616,north carolina,-7.847409864124415
1617,massachusetts,-7.854237720281468
1618,massachusetts,-7.854237720281468
1619,massachusetts,-7.854237720281468
1620,iowa,-7.856010264073909
1621,iowa,-7.856010264073909
1622,delaware,-7.857547717428865
1623,delaware,-7.857547717428865
1624,arkansas,-7.860083729902378
1625,missouri,-7.870007848293753
1626,missouri,-7.870007848293753
1627,missouri,-7.870007848293753
1628,illinois,-7.870114536238233
1629,illinois,-7.870114536238233
1630,illinois,-7.870114536238233
1631,illinois,-7.870114536238233
1632,nebraska,-7.874601579340997
1633,nebraska,-7.874601579340997
1634,nebraska,-7.874601579340997
1635,nebraska,-7.874601579340997
1636,vermont,-7.901249375791792
1637,vermont,-7.901249375791792
1638,vermont,-7.901249375791792
1639,idaho,-7.9057268772471545
1640,idaho,-7.9057268772471545
1641,idaho,-7.9057268772471545
1642,nebraska,-7.907285440542495
1643,nebraska,-7.907285440542495
1644,nebraska,-7.907285440542495
1645,vermont,-7.908419072701733
1646,vermont,-7.908419072701733
1647,west virginia,-7.918948269822458
1648,south carolina,-7.91974537882821
1649,south carolina,-7.91974537882821
1650,south carolina,-7.91974537882821
1651,south carolina,-7.91974537882821
1652,arkansas,-7.93054577829696
1653,wyoming,-7.931319663617167
1654,wyoming,-7.931319663617167
1655,arkansas,-7.937411487678077
1656,arkansas,-7.937411487678077
1657,arkansas,-7.937411487678077
1658,north dakota,-7.938790653030303
1659,north dakota,-7.938790653030303
1660,new jersey,-7.941972287227237
1661,wisconsin,-7.948322087669503
1662,wisconsin,-7.948322087669503
1663,wisconsin,-7.948322087669503
1664,illinois,-7.948709082562843
1665,iowa,-7.950399468808065
1666,iowa,-7.950399468808065
1667,iowa,-7.950399468808065
1668,iowa,-7.950399468808065
1669,kentucky,-7.954370001971789
1670,north carolina,-7.95491138353367
1671,north carolina,-7.95491138353367
1672,north carolina,-7.95491138353367
1673,north carolina,-7.95491138353367
1674,missouri,-7.967295922899872
1675,missouri,-7.967295922899872
1676,illinois,-7.973581950923112
1677,illinois,-7.973581950923112
1678,minnesota,-7.98021582266211
1679,minnesota,-7.98021582266211
1680,kentucky,-7.980345630180864
1681,new mexico,-7.982588133128772
1682,west virginia,-7.986697812567584
1683,west virginia,-7.986697812567584
1684,west virginia,-7.986697812567584
1685,wisconsin,-7.992056993591397
1686,wisconsin,-7.9983051688468905
1687,wisconsin,-7.9983051688468905
1688,wisconsin,-7.9983051688468905
1689,utah,-8.007507806361595
1690,iowa,-8.00849493466098
1691,iowa,-8.00849493466098
1692,delaware,-8.011320474986007
1693,delaware,-8.011320474986007
1694,delaware,-8.011320474986007
1695,florida,-8.01277268557999
1696,florida,-8.01277268557999
1697,kentucky,-8.04553708587001
1698,kentucky,-8.04553708587001
1699,kentucky,-8.04553708587001
1700,kentucky,-8.04553708587001
1701,florida,-8.045869771254289
1702,florida,-8.045869771254289
1703,utah,-8.052622227227864
1704,wisconsin,-8.0560603857555
1705,montana,-8.065607455360457
1706,montana,-8.065607455360457
1707,montana,-8.065607455360457
1708,maine,-8.07033721454696
1709,maine,-8.07033721454696
1710,maine,-8.07033721454696
1711,new jersey,-8.070697590329686
1712,new jersey,-8.070697590329686
1713,new jersey,-8.070697590329686
1714,ohio,-8.07761270937673
1715,ohio,-8.07761270937673
1716,ohio,-8.07761270937673
1717,montana,-8.077781307191216
1718,montana,-8.077781307191216
1719,montana,-8.077781307191216
1720,idaho,-8.084212048219428
1721,idaho,-8.084212048219428
1722,idaho,-8.084212048219428
1723,idaho,-8.084212048219428
1724,west virginia,-8.091890872022873
1725,arkansas,-8.093058671279877
1726,arkansas,-8.093058671279877
1727,arkansas,-8.093058671279877
1728,washington,-8.094258951759222
1729,washington,-8.094258951759222
1730,kentucky,-8.096169942724082
1731,kentucky,-8.096169942724082
1732,kentucky,-8.096169942724082
1733,kentucky,-8.096169942724082
1734,tennessee,-8.101395674103195
1735,tennessee,-8.101395674103195
1736,idaho,-8.102531754844954
1737,tennessee,-8.104215373907316
1738,tennessee,-8.104215373907316
1739,tennessee,-8.104215373907316
1740,tennessee,-8.104215373907316
1741,connecticut,-8.105571125728808
1742,connecticut,-8.105571125728808
1743,connecticut,-8.105571125728808
1744,pennsylvania,-8.107629307511331
1745,pennsylvania,-8.107629307511331
1746,pennsylvania,-8.107629307511331
1747,pennsylvania,-8.121061080350579
1748,pennsylvania,-8.121061080350579
1749,missouri,-8.125181655401562
1750,missouri,-8.125181655401562
1751,missouri,-8.125181655401562
1752,missouri,-8.125181655401562
1753,south carolina,-8.12993134692514
1754,south carolina,-8.12993134692514
1755,west virginia,-8.129967417044043
1756,wisconsin,-8.136501397797183
1757,missouri,-8.136780612185106
1758,montana,-8.144138812824146
1759,wisconsin,-8.152226482243428
1760,tennessee,-8.15477154568508
1761,tennessee,-8.15477154568508
1762,iowa,-8.158240901354702
1763,iowa,-8.158240901354702
1764,vermont,-8.162317004928099
1765,vermont,-8.162317004928099
1766,maine,-8.162957211956673
1767,maine,-8.162957211956673
1768,maine,-8.162957211956673
1769,south carolina,-8.16866179349691
1770,south carolina,-8.16866179349691
1771,south carolina,-8.16866179349691
1772,south carolina,-8.16866179349691
1773,pennsylvania,-8.169968742469727
1774,pennsylvania,-8.169968742469727
1775,pennsylvania,-8.169968742469727
1776,tennessee,-8.170545575855577
1777,tennessee,-8.170545575855577
1778,tennessee,-8.170545575855577
1779,kentucky,-8.171501250575254
1780,kentucky,-8.171501250575254
1781,kentucky,-8.171501250575254
1782,indiana,-8.171639915340378
1783,texas,-8.173205835067876
1784,texas,-8.173205835067876
1785,texas,-8.173205835067876
1786,texas,-8.173205835067876
1787,florida,-8.175768803452009
1788,texas,-8.17983861144463
1789,texas,-8.17983861144463
1790,texas,-8.17983861144463
1791,texas,-8.17983861144463
1792,connecticut,-8.183432223014151
1793,minnesota,-8.1839768850419
1794,alaska,-8.185958761668026
1795,alaska,-8.185958761668026
1796,maine,-8.189199103862016
1797,maine,-8.189199103862016
1798,maine,-8.189199103862016
1799,maine,-8.189199103862016
1800,oregon,-8.189199692363943
1801,oregon,-8.189199692363943
1802,oregon,-8.189199692363943
1803,oregon,-8.189199692363943
1804,iowa,-8.194551042831847
1805,iowa,-8.194551042831847
1806,iowa,-8.194551042831847
1807,iowa,-8.194551042831847
1808,florida,-8.19915667225024
1809,tennessee,-8.201482142084544
1810,tennessee,-8.201482142084544
1811,iowa,-8.205631257726559
1812,iowa,-8.205631257726559
1813,connecticut,-8.205736507626725
1814,tennessee,-8.217610222647316
1815,tennessee,-8.217610222647316
1816,tennessee,-8.217610222647316
1817,tennessee,-8.217610222647316
1818,louisiana,-8.218945059214647
1819,louisiana,-8.218945059214647
1820,delaware,-8.225893272644484
1821,indiana,-8.241239523089519
1822,indiana,-8.241239523089519
1823,indiana,-8.241239523089519
1824,pennsylvania,-8.248158585826964
1825,pennsylvania,-8.250812607587996
1826,ohio,-8.264956987721469
1827,ohio,-8.264956987721469
1828,ohio,-8.264956987721469
1829,ohio,-8.264956987721469
1830,alaska,-8.267053127110394
1831,kentucky,-8.270609071445548
1832,kentucky,-8.270609071445548
1833,kentucky,-8.270609071445548
1834,montana,-8.274918712778721
1835,minnesota,-8.27744351379419
1836,minnesota,-8.27744351379419
1837,iowa,-8.287288979747117
1838,iowa,-8.287288979747117
1839,kansas,-8.2889400140076
1840,connecticut,-8.297805226598598
1841,nebraska,-8.316064367612334
1842,nebraska,-8.316064367612334
1843,wisconsin,-8.318104197706909
1844,wisconsin,-8.318104197706909
1845,wisconsin,-8.318104197706909
1846,maine,-8.321936790173567
1847,maine,-8.321936790173567
1848,maine,-8.331646347779646
1849,missouri,-8.334520837954933
1850,missouri,-8.334520837954933
1851,missouri,-8.334520837954933
1852,south carolina,-8.340745471209672
1853,south carolina,-8.340745471209672
1854,arizona,-8.342952756253673
1855,arizona,-8.342952756253673
1856,arizona,-8.342952756253673
1857,iowa,-8.347119948704368
1858,iowa,-8.347119948704368
1859,arkansas,-8.34750142204313
1860,kansas,-8.348379878186762
1861,tennessee,-8.355932818133077
1862,tennessee,-8.355932818133077
1863,alaska,-8.359253482478081
1864,alaska,-8.359253482478081
1865,alaska,-8.359253482478081
1866,alaska,-8.359253482478081
1867,texas,-8.35948458197398
1868,texas,-8.35948458197398
1869,ohio,-8.371956954788544
1870,ohio,-8.371956954788544
1871,ohio,-8.371956954788544
1872,ohio,-8.371956954788544
1873,minnesota,-8.392949085605004
1874,minnesota,-8.392949085605004
1875,connecticut,-8.394877854206364
1876,connecticut,-8.394877854206364
1877,nebraska,-8.402971758223636
1878,nebraska,-8.402971758223636
1879,arizona,-8.415622776024549
1880,minnesota,-8.417785407048022
1881,minnesota,-8.417785407048022
1882,maine,-8.420091113845011
1883,maine,-8.420091113845011
1884,maine,-8.420091113845011
1885,kentucky,-8.424963092321455
1886,pennsylvania,-8.435739357204099
1887,pennsylvania,-8.435739357204099
1888,pennsylvania,-8.435739357204099
1889,pennsylvania,-8.435739357204099
1890,tennessee,-8.472568141139021
1891,tennessee,-8.472568141139021
1892,minnesota,-8.478577675567848
1893,texas,-8.480147060490523
1894,texas,-8.480147060490523
1895,connecticut,-8.483091378178898
1896,arkansas,-8.485473631878769
1897,arkansas,-8.485473631878769
1898,arkansas,-8.485473631878769
1899,maine,-8.500668598284491
