State,YearQuarter,employment_growth
alabama,2005 Q1,0.0015142163609742632
alabama,2005 Q2,0.0023549319723161766
alabama,2005 Q3,0.0016314703868879714
alabama,2005 Q4,0.0008672465250610569
alabama,2006 Q1,0.0015239250720429827
alabama,2006 Q2,0.0019400084134737483
alabama,2006 Q3,0.002578709977988295
alabama,2006 Q4,0.0016530363768951783
alabama,2007 Q1,-0.0008341488011250527
alabama,2007 Q2,-0.0012756723501206046
alabama,2007 Q3,-0.00015506053576382536
alabama,2007 Q4,-0.00038676535963377834
alabama,2008 Q1,-0.0016566131374586106
alabama,2008 Q2,-0.002778104740295606
alabama,2008 Q3,-0.003697283264545881
alabama,2008 Q4,-0.005223551196319491
alabama,2009 Q1,-0.005603857352448764
alabama,2009 Q2,-0.004296197257536345
alabama,2009 Q3,-0.004685205650612108
alabama,2009 Q4,-0.0018496313533482207
alabama,2010 Q1,0.0008379469354867405
alabama,2010 Q2,0.013280168024221975
alabama,2010 Q3,0.0004457520289828561
alabama,2010 Q4,-0.0005392555955087511
alabama,2011 Q1,0.0001755488305460832
alabama,2011 Q2,-0.0007376157178468438
alabama,2011 Q3,0.0002242502522242044
alabama,2011 Q4,0.0005626295431860514
alabama,2012 Q1,-0.0006733888377907412
alabama,2012 Q2,0.000726801709806916
alabama,2012 Q3,0.0022610276771376134
alabama,2012 Q4,0.0009068899723150281
alabama,2013 Q1,-0.0006417266423269785
alabama,2013 Q2,0.0004010964041856191
alabama,2013 Q3,-0.000812145065342588
alabama,2013 Q4,-0.0007679846427277592
alabama,2014 Q1,0.0006424416706480122
alabama,2014 Q2,-2.800200179213045e-06
alabama,2014 Q3,0.000551432493567594
alabama,2014 Q4,0.0010573217325775541
alabama,2015 Q1,0.001402701585825265
alabama,2015 Q2,0.0002077403129636298
alabama,2015 Q3,-8.471968419802393e-05
alabama,2015 Q4,0.001723336007580493
alabama,2016 Q1,0.0018943130922348672
alabama,2016 Q2,0.001073689562859433
alabama,2016 Q3,0.0010515807944058893
alabama,2016 Q4,0.0011604992246866768
alabama,2017 Q1,0.0021315709990311995
alabama,2017 Q2,0.0020401007101233195
alabama,2017 Q3,0.0013662180041190315
alabama,2017 Q4,0.0009379089039847077
alabama,2018 Q1,0.002284588918360475
alabama,2018 Q2,0.0016934933106862449
alabama,2018 Q3,0.0009822811016408917
alabama,2018 Q4,0.0021534358035055026
alabama,2019 Q1,0.0023226391968020157
alabama,2019 Q2,0.001527720125216477
alabama,2019 Q3,0.0009596586650540603
alabama,2019 Q4,-0.0007921975393342754
alabama,2020 Q1,-0.003665924271127293
alabama,2020 Q2,-0.011710551437722408
alabama,2020 Q3,0.012101203572834581
alabama,2020 Q4,0.0016526253961287596
alabama,2021 Q1,0.00032239704362779786
alabama,2021 Q2,0.0006553272938515745
alabama,2021 Q3,0.001844411179520537
alabama,2021 Q4,0.003577871764790963
alabama,2022 Q1,0.0020689800281428194
alabama,2022 Q2,0.00031342058043692944
alabama,2022 Q3,-0.00024833470421740483
alabama,2022 Q4,0.0012142699423588106
alabama,2023 Q1,0.002504626599599602
alabama,2023 Q2,0.0015341207549403417
alabama,2023 Q3,0.0010774496317204434
alabama,2023 Q4,0.0007620076295854113
alabama,2024 Q1,0.001000718344427091
alabama,2024 Q2,0.0012115224247695917
alabama,2024 Q3,0.0009755523497808986
alaska,2005 Q1,0.0023704770484207494
alaska,2005 Q2,0.0022225912089750555
alaska,2005 Q3,0.0007029050285835373
alaska,2005 Q4,0.0003906817195792704
alaska,2006 Q1,0.0018697096453511215
alaska,2006 Q2,0.0020089927235810525
alaska,2006 Q3,0.0010663481668432933
alaska,2006 Q4,0.0009692760282644652
alaska,2007 Q1,-6.506066380377688e-05
alaska,2007 Q2,-0.00019431193929164703
alaska,2007 Q3,0.0013379991863361103
alaska,2007 Q4,0.0015853495207450348
alaska,2008 Q1,0.0015335805536199991
alaska,2008 Q2,0.0012120411726728915
alaska,2008 Q3,0.0001651299345886148
alaska,2008 Q4,-0.0007337614521210067
alaska,2009 Q1,-0.0011321823132168785
alaska,2009 Q2,-2.814797535525641e-05
alaska,2009 Q3,-0.0007953751582846502
alaska,2009 Q4,-0.0005447391843131552
alaska,2010 Q1,0.0009889770932872317
alaska,2010 Q2,0.0008312190481992351
alaska,2010 Q3,0.0006465740680918763
alaska,2010 Q4,0.001205798252131703
alaska,2011 Q1,0.001033016117942746
alaska,2011 Q2,0.0006042174187345465
alaska,2011 Q3,0.0017150253311802495
alaska,2011 Q4,0.0006445573372145427
alaska,2012 Q1,-0.0002478434201568606
alaska,2012 Q2,-0.00027667510480674135
alaska,2012 Q3,0.000758812367841033
alaska,2012 Q4,0.0003945520301866419
alaska,2013 Q1,-0.0007197939982168297
alaska,2013 Q2,0.00036030238199062187
alaska,2013 Q3,7.792963583149366e-05
alaska,2013 Q4,2.2701603721346036e-05
alaska,2014 Q1,0.001015647970504796
alaska,2014 Q2,0.00034203415863576225
alaska,2014 Q3,9.93959408742325e-07
alaska,2014 Q4,0.0005261182112631749
alaska,2015 Q1,-0.00038348400085552736
alaska,2015 Q2,-0.0006001479524032997
alaska,2015 Q3,-0.0009706016735966383
alaska,2015 Q4,-0.0005446979870996996
alaska,2016 Q1,7.70558839249628e-05
alaska,2016 Q2,-0.000387319395374619
alaska,2016 Q3,-0.00045605391750869195
alaska,2016 Q4,0.0003573564652044059
alaska,2017 Q1,0.0005881981643644322
alaska,2017 Q2,-0.000577903979485872
alaska,2017 Q3,-0.0015334428035349568
alaska,2017 Q4,-0.0017548865771523185
alaska,2018 Q1,-0.0002146670554930378
alaska,2018 Q2,2.7052115197675104e-05
alaska,2018 Q3,-0.0012268060794502118
alaska,2018 Q4,-0.0013560735887459356
alaska,2019 Q1,-0.00012579197865836278
alaska,2019 Q2,0.0012509312433313102
alaska,2019 Q3,0.000448538457016386
alaska,2019 Q4,0.0001092759886257566
alaska,2020 Q1,-0.0017245549040532104
alaska,2020 Q2,-0.023527619277081874
alaska,2020 Q3,0.010863015416098762
alaska,2020 Q4,0.005438619031611432
alaska,2021 Q1,0.002469923025137488
alaska,2021 Q2,0.0025643185670841304
alaska,2021 Q3,0.004094873606309483
alaska,2021 Q4,0.004725672804834528
alaska,2022 Q1,0.002480760798256728
alaska,2022 Q2,0.0005630931061246051
alaska,2022 Q3,-0.0006001334067616085
alaska,2022 Q4,0.0012202097676204577
alaska,2023 Q1,0.0021355171167620757
alaska,2023 Q2,0.0011669444790607386
alaska,2023 Q3,-0.00015274916164705518
alaska,2023 Q4,-0.0008908185507530882
alaska,2024 Q1,0.00048704574285592567
alaska,2024 Q2,0.0010382613210877523
alaska,2024 Q3,0.00046632351415006507
california,2005 Q1,0.0018158576842059275
california,2005 Q2,0.0024756180107020262
california,2005 Q3,0.0012399154925680407
california,2005 Q4,0.0005050335867996155
california,2006 Q1,0.0010073619277539692
california,2006 Q2,0.0009389789991730199
california,2006 Q3,0.0015033608754215777
california,2006 Q4,0.0017851176814944747
california,2007 Q1,0.0005633618558284296
california,2007 Q2,0.0002565509548861182
california,2007 Q3,0.0004869062959548624
california,2007 Q4,0.0003980603651914845
california,2008 Q1,-0.00021852410327527494
california,2008 Q2,-0.001032127239314932
california,2008 Q3,-0.0017629418441415339
california,2008 Q4,-0.004160306860035545
california,2009 Q1,-0.005342812778277306
california,2009 Q2,-0.003620654863368452
california,2009 Q3,-0.0034777914645213923
california,2009 Q4,-0.001845569796467254
california,2010 Q1,0.0006706562102312871
california,2010 Q2,0.00024449854051063663
california,2010 Q3,-0.0006673218668049596
california,2010 Q4,-6.847899979226894e-05
california,2011 Q1,0.0008111847916633478
california,2011 Q2,0.0006931622411434635
california,2011 Q3,0.002117596404419997
california,2011 Q4,0.0022917292282729207
california,2012 Q1,0.0013504768278222261
california,2012 Q2,0.0015936131380553202
california,2012 Q3,0.002754660367086492
california,2012 Q4,0.0022450733389655455
california,2013 Q1,0.0012509257616426517
california,2013 Q2,0.001758940718500801
california,2013 Q3,0.0008208274059876194
california,2013 Q4,0.0012619889541943448
california,2014 Q1,0.002321448085901364
california,2014 Q2,0.002181551994859291
california,2014 Q3,0.002643322424916198
california,2014 Q4,0.0021987064873559468
california,2015 Q1,0.0015497434263704868
california,2015 Q2,0.0014757700249072858
california,2015 Q3,0.0010390051742733182
california,2015 Q4,0.002041131890417732
california,2016 Q1,0.0018932844202685928
california,2016 Q2,0.0011567190491132233
california,2016 Q3,0.0009904547474168062
california,2016 Q4,0.0009444018801273065
california,2017 Q1,0.001916267703932902
california,2017 Q2,0.0016756602099169775
california,2017 Q3,0.0007596417074468379
california,2017 Q4,0.00039478675090605836
california,2018 Q1,0.0015678801773897355
california,2018 Q2,0.0011419557735357078
california,2018 Q3,1.5505604086992382e-06
california,2018 Q4,0.00046955370933584223
california,2019 Q1,0.0003600218602538933
california,2019 Q2,0.0007207597603008745
california,2019 Q3,0.0013359184498954828
california,2019 Q4,0.0016432935518285359
california,2020 Q1,-0.009130567527633008
california,2020 Q2,-0.03130997171307589
california,2020 Q3,0.007894352091215731
california,2020 Q4,0.0043584607475200725
california,2021 Q1,0.003738263564526371
california,2021 Q2,0.005922703091388796
california,2021 Q3,0.005209848301775066
california,2021 Q4,0.005848548472046818
california,2022 Q1,0.004116888707917339
california,2022 Q2,0.0018780227753647516
california,2022 Q3,-0.00018753559881401483
california,2022 Q4,0.0007898601384486911
california,2023 Q1,0.0009662828136614751
california,2023 Q2,0.0009401539399886231
california,2023 Q3,-0.0002101315859195374
california,2023 Q4,1.8750742689384776e-05
california,2024 Q1,-2.7134032417201286e-05
california,2024 Q2,0.0009008218674570282
california,2024 Q3,-0.0001015321581247323
colorado,2005 Q1,0.0009252657279731716
colorado,2005 Q2,0.00197627955614584
colorado,2005 Q3,0.0020520662967713488
colorado,2005 Q4,0.0029998249722183643
colorado,2006 Q1,0.003670500127502215
colorado,2006 Q2,0.002687319161118973
colorado,2006 Q3,0.002587737073489619
colorado,2006 Q4,0.0021861881042166686
colorado,2007 Q1,0.0010651421989424925
colorado,2007 Q2,0.0016166180144722524
colorado,2007 Q3,0.0019233205756018872
colorado,2007 Q4,0.0013489437263237332
colorado,2008 Q1,0.0001037440293613449
colorado,2008 Q2,-0.000926395943678382
colorado,2008 Q3,-0.0013691987468718396
colorado,2008 Q4,-0.0028813826517137078
colorado,2009 Q1,-0.0037250159956176976
colorado,2009 Q2,-0.0024713348375422126
colorado,2009 Q3,-0.00281161315015821
colorado,2009 Q4,-0.002245673119939432
colorado,2010 Q1,-5.5271800900998556e-05
colorado,2010 Q2,7.928770055243284e-05
colorado,2010 Q3,-0.0005311339914695715
colorado,2010 Q4,0.0007289643092707188
colorado,2011 Q1,0.001987511244999407
colorado,2011 Q2,0.001236803791238028
colorado,2011 Q3,0.002375671575541638
colorado,2011 Q4,0.0015695911255973656
colorado,2012 Q1,-8.24257789660739e-05
colorado,2012 Q2,0.0007511788435378511
colorado,2012 Q3,0.0022495572564142177
colorado,2012 Q4,0.002199221164100059
colorado,2013 Q1,0.0010996887165555247
colorado,2013 Q2,0.001409141809255517
colorado,2013 Q3,0.0008891036078521412
colorado,2013 Q4,0.0021473729975865683
colorado,2014 Q1,0.00392144448378177
colorado,2014 Q2,0.0033145795225701193
colorado,2014 Q3,0.0026337585549277933
colorado,2014 Q4,0.001369149643746163
colorado,2015 Q1,0.0007383644166770361
colorado,2015 Q2,0.0016012849198105232
colorado,2015 Q3,0.0019020944176271204
colorado,2015 Q4,0.003181216002829427
colorado,2016 Q1,0.0027315157236265097
colorado,2016 Q2,0.0018407895035199573
colorado,2016 Q3,0.0025117238652988907
colorado,2016 Q4,0.002672934315330074
colorado,2017 Q1,0.0037254348316212806
colorado,2017 Q2,0.003385147378748954
colorado,2017 Q3,0.001881837434156708
colorado,2017 Q4,0.0014370341925395251
colorado,2018 Q1,0.002718534547339946
colorado,2018 Q2,0.0019028636385008586
colorado,2018 Q3,0.0005887648651555407
colorado,2018 Q4,0.001733300364030373
colorado,2019 Q1,0.0021590242320413586
colorado,2019 Q2,0.00193755657906447
colorado,2019 Q3,0.0013905233161236226
colorado,2019 Q4,0.0009836653372969166
colorado,2020 Q1,-0.0022301439555706035
colorado,2020 Q2,-0.026943809814753528
colorado,2020 Q3,0.011870424067561114
colorado,2020 Q4,0.0047716802965956555
colorado,2021 Q1,0.0029188255566893564
colorado,2021 Q2,0.003977260180771862
colorado,2021 Q3,0.003888477001877962
colorado,2021 Q4,0.004990692885874133
colorado,2022 Q1,0.003690522128723487
colorado,2022 Q2,0.0012141450039835355
colorado,2022 Q3,-9.478349507370994e-05
colorado,2022 Q4,0.0013177386578537842
colorado,2023 Q1,0.001989069571141755
colorado,2023 Q2,0.0006743735717857172
colorado,2023 Q3,-1.4596289940160823e-05
colorado,2023 Q4,-0.00034715965196522686
colorado,2024 Q1,0.00013689833972888957
colorado,2024 Q2,0.0006911641012984729
colorado,2024 Q3,-0.00011728033906118392
connecticut,2005 Q1,0.0018004624610269044
connecticut,2005 Q2,0.0028641161979046093
connecticut,2005 Q3,0.002065570032648919
connecticut,2005 Q4,0.002358822448695378
connecticut,2006 Q1,0.0024923875483116773
connecticut,2006 Q2,0.0014201275868666041
connecticut,2006 Q3,0.001690846520405002
connecticut,2006 Q4,0.0018803406733232109
connecticut,2007 Q1,0.0010657699712655067
connecticut,2007 Q2,0.0004001764992259312
connecticut,2007 Q3,0.0005561259650241901
connecticut,2007 Q4,0.0008105544825707245
connecticut,2008 Q1,9.363305283497751e-05
connecticut,2008 Q2,-0.0007194370192119178
connecticut,2008 Q3,-0.001142648357052467
connecticut,2008 Q4,-0.0022970881445492455
connecticut,2009 Q1,-0.002889710188108278
connecticut,2009 Q2,-0.0009868595063702672
connecticut,2009 Q3,-0.002105293779699998
connecticut,2009 Q4,-0.0026578075918379427
connecticut,2010 Q1,1.7642975172001602e-05
connecticut,2010 Q2,0.0012074646469509471
connecticut,2010 Q3,0.0005610364451408648
connecticut,2010 Q4,-0.00019467589237724217
connecticut,2011 Q1,0.00026771753814232763
connecticut,2011 Q2,0.00014670713649755918
connecticut,2011 Q3,0.0019086653427061357
connecticut,2011 Q4,0.001348702124630415
connecticut,2012 Q1,-0.0014125036284258579
connecticut,2012 Q2,-0.00318647090796198
connecticut,2012 Q3,-0.0020490867393014867
connecticut,2012 Q4,-0.0007048981858844838
connecticut,2013 Q1,-0.0007272389362127004
connecticut,2013 Q2,0.001798282550069752
connecticut,2013 Q3,0.0013862669501742975
connecticut,2013 Q4,0.0017367370566466385
connecticut,2014 Q1,0.0029767996085030557
connecticut,2014 Q2,0.0027001275445576547
connecticut,2014 Q3,0.0025949683286387395
connecticut,2014 Q4,0.0019672947700352474
connecticut,2015 Q1,0.0009497531272619023
connecticut,2015 Q2,-0.0007093305869848207
connecticut,2015 Q3,-0.0008680312181819083
connecticut,2015 Q4,0.0006158118305821247
connecticut,2016 Q1,0.0014972561215074915
connecticut,2016 Q2,0.0016880195593561946
connecticut,2016 Q3,0.0015052171524005953
connecticut,2016 Q4,0.0016156098041474702
connecticut,2017 Q1,0.0017162329526099196
connecticut,2017 Q2,-0.0001944843900739679
connecticut,2017 Q3,-0.001661473136692515
connecticut,2017 Q4,-0.0008512364117036301
connecticut,2018 Q1,0.0016186849907027234
connecticut,2018 Q2,0.0023871549075892653
connecticut,2018 Q3,0.0013019968088304374
connecticut,2018 Q4,0.0006846175235795856
connecticut,2019 Q1,0.0002447016995763551
connecticut,2019 Q2,0.0007864100188378723
connecticut,2019 Q3,0.0010823538576877716
connecticut,2019 Q4,9.227578836675428e-05
connecticut,2020 Q1,-0.0032545059986779368
connecticut,2020 Q2,-0.03120746835865799
connecticut,2020 Q3,0.0020901558648138696
connecticut,2020 Q4,-0.0009415419605330136
connecticut,2021 Q1,-0.0012286038542086801
connecticut,2021 Q2,0.0047292707988935145
connecticut,2021 Q3,0.012663612151031142
connecticut,2021 Q4,0.012892706322573444
connecticut,2022 Q1,0.004177992390095124
connecticut,2022 Q2,-0.0017725523810573722
connecticut,2022 Q3,-0.002215575349621801
connecticut,2022 Q4,0.00014148582069713664
connecticut,2023 Q1,0.0012862009946067825
connecticut,2023 Q2,0.0013781757797405685
connecticut,2023 Q3,0.0007740787815104788
connecticut,2023 Q4,0.0005632759643369548
connecticut,2024 Q1,0.0019890314807756346
connecticut,2024 Q2,0.0019346377447779783
connecticut,2024 Q3,0.0014788977581795166
florida,2005 Q1,0.004140104818147601
florida,2005 Q2,0.004916135785637617
florida,2005 Q3,0.003662096545758331
florida,2005 Q4,0.002533350749238439
florida,2006 Q1,0.002874697371711014
florida,2006 Q2,0.002758367363647688
florida,2006 Q3,0.002645240638476413
florida,2006 Q4,0.002105739384245483
florida,2007 Q1,0.0006201293846710421
florida,2007 Q2,-0.0004968270987895096
florida,2007 Q3,-0.0005739139858527512
florida,2007 Q4,-0.0004704750913485656
florida,2008 Q1,-0.0017051421246078908
florida,2008 Q2,-0.0028200346061462898
florida,2008 Q3,-0.003444955359161228
florida,2008 Q4,-0.005800721502575971
florida,2009 Q1,-0.0064156168811714265
florida,2009 Q2,-0.003917441239702761
florida,2009 Q3,-0.003217921653143422
florida,2009 Q4,-0.0014703332517355117
florida,2010 Q1,0.0010550591642222902
florida,2010 Q2,0.00165138409405019
florida,2010 Q3,0.0008832612132603224
florida,2010 Q4,0.0013299152427826606
florida,2011 Q1,0.0013313022868761681
florida,2011 Q2,0.0007479973349720689
florida,2011 Q3,0.0019962956709602686
florida,2011 Q4,0.0021868874803782448
florida,2012 Q1,0.001420338203235542
florida,2012 Q2,0.0016468387464369332
florida,2012 Q3,0.0022861391741498447
florida,2012 Q4,0.001515641597488034
florida,2013 Q1,0.001009108407885595
florida,2013 Q2,0.002237280786038761
florida,2013 Q3,0.0013755225232023882
florida,2013 Q4,0.0019019350115146623
florida,2014 Q1,0.002548271632867823
florida,2014 Q2,0.0018235613431139737
florida,2014 Q3,0.0021438782429781997
florida,2014 Q4,0.0015039019994243692
florida,2015 Q1,0.0011908232992222285
florida,2015 Q2,0.0017314858800920134
florida,2015 Q3,0.0018236019610244902
florida,2015 Q4,0.0027811932598466407
florida,2016 Q1,0.0024431317000689714
florida,2016 Q2,0.0020100093830439647
florida,2016 Q3,0.002126160212476987
florida,2016 Q4,0.0017255128668699122
florida,2017 Q1,0.0029506200956717077
florida,2017 Q2,0.0022711464664019556
florida,2017 Q3,0.0005463674790015342
florida,2017 Q4,0.0010655733618796237
florida,2018 Q1,0.0023494210725967246
florida,2018 Q2,0.0021347697661107112
florida,2018 Q3,0.001195015109382025
florida,2018 Q4,0.0010191281767297777
florida,2019 Q1,0.0013526073571541453
florida,2019 Q2,0.0024308884939863904
florida,2019 Q3,0.0024484739065392023
florida,2019 Q4,0.0018435326459559735
florida,2020 Q1,-0.010277191266654792
florida,2020 Q2,-0.026713466877045528
florida,2020 Q3,0.015706219079360945
florida,2020 Q4,0.0076973692209360385
florida,2021 Q1,0.005251464692618206
florida,2021 Q2,0.006168991676211692
florida,2021 Q3,0.005454889051445348
florida,2021 Q4,0.005680060399155658
florida,2022 Q1,0.004933986542632625
florida,2022 Q2,0.0036209263677500956
florida,2022 Q3,0.0021666683576366066
florida,2022 Q4,0.002584274999563707
florida,2023 Q1,0.003518455439935305
florida,2023 Q2,0.002330401191870557
florida,2023 Q3,0.0009987415040995096
florida,2023 Q4,0.00035171879814173873
florida,2024 Q1,0.00035038618480753847
florida,2024 Q2,0.0004292992872600987
florida,2024 Q3,-0.00019517558217296838
georgia,2005 Q1,0.002400329180245242
georgia,2005 Q2,0.0034510178549346606
georgia,2005 Q3,0.002308146950807055
georgia,2005 Q4,0.0021866685376057404
georgia,2006 Q1,0.0027129603350681077
georgia,2006 Q2,0.002569563839086871
georgia,2006 Q3,0.003162180123198466
georgia,2006 Q4,0.0029784216364993434
georgia,2007 Q1,0.0011501557728079703
georgia,2007 Q2,0.0005268263707787213
georgia,2007 Q3,0.0010929646348096789
georgia,2007 Q4,0.0009891498847537743
georgia,2008 Q1,0.0007652286353210987
georgia,2008 Q2,0.000655708310750421
georgia,2008 Q3,-0.013934623158134651
georgia,2008 Q4,-0.007572740205395223
georgia,2009 Q1,-0.0021410349674538067
georgia,2009 Q2,-0.0012097635879864121
georgia,2009 Q3,-0.002284706276544609
georgia,2009 Q4,-0.0014864438585633726
georgia,2010 Q1,-0.00017416694429743065
georgia,2010 Q2,-0.0005757398793145482
georgia,2010 Q3,-0.0003708008800591041
georgia,2010 Q4,0.0007889428386595269
georgia,2011 Q1,0.0016691217379632601
georgia,2011 Q2,0.0017074496858895394
georgia,2011 Q3,0.002417509639639196
georgia,2011 Q4,0.0021946496206577404
georgia,2012 Q1,0.000984290654288511
georgia,2012 Q2,0.0013849505169668912
georgia,2012 Q3,0.0017150274737741296
georgia,2012 Q4,0.0004256792818215782
georgia,2013 Q1,-0.00035623614454442326
georgia,2013 Q2,0.0007150775143328255
georgia,2013 Q3,-7.159961353460827e-05
georgia,2013 Q4,0.0008087042411954274
georgia,2014 Q1,0.0013541757052876562
georgia,2014 Q2,0.0006279626630373661
georgia,2014 Q3,0.0011602034309408094
georgia,2014 Q4,0.0009351230713622686
georgia,2015 Q1,0.0004269023900352516
georgia,2015 Q2,0.000727010793227271
georgia,2015 Q3,0.0006037177159307442
georgia,2015 Q4,0.0018335438506120738
georgia,2016 Q1,0.003929763849110775
georgia,2016 Q2,0.007724314347059114
georgia,2016 Q3,0.006040279915753288
georgia,2016 Q4,0.004084447446794852
georgia,2017 Q1,0.0023102231623022274
georgia,2017 Q2,0.0027274198224684167
georgia,2017 Q3,0.00180414455229642
georgia,2017 Q4,0.0005456277477545365
georgia,2018 Q1,0.0011286531312993582
georgia,2018 Q2,0.000587248038053915
georgia,2018 Q3,-0.0005407423653070268
georgia,2018 Q4,0.0003671468856849547
georgia,2019 Q1,0.0010566695506264434
georgia,2019 Q2,0.0017710141889347348
georgia,2019 Q3,0.0021535157072355795
georgia,2019 Q4,0.0016334170266280406
georgia,2020 Q1,-0.0012616570381619823
georgia,2020 Q2,-0.025907979466076553
georgia,2020 Q3,0.004311798975820347
georgia,2020 Q4,0.020573547755585064
georgia,2021 Q1,0.001075370876741329
georgia,2021 Q2,0.00222093739308001
georgia,2021 Q3,0.001824558296194138
georgia,2021 Q4,0.00311261235698046
georgia,2022 Q1,0.0025125565343921963
georgia,2022 Q2,0.0006052400367176544
georgia,2022 Q3,1.7986454851700213e-05
georgia,2022 Q4,0.001587432318719643
georgia,2023 Q1,0.0022138734914371274
georgia,2023 Q2,0.0018771298103574807
georgia,2023 Q3,0.001290098416211712
georgia,2023 Q4,0.0005874227824449463
georgia,2024 Q1,0.0004939527754611964
georgia,2024 Q2,0.000793697618425219
georgia,2024 Q3,-0.00022880114641784152
idaho,2005 Q1,0.004644335889165611
idaho,2005 Q2,0.004006265731871054
idaho,2005 Q3,0.002626241794631149
idaho,2005 Q4,0.0017227397269073592
idaho,2006 Q1,0.0018239355833100657
idaho,2006 Q2,0.0018885224059762933
idaho,2006 Q3,0.0026894182102528883
idaho,2006 Q4,0.002667443249967224
idaho,2007 Q1,0.0014596676261563097
idaho,2007 Q2,0.0008935721100532904
idaho,2007 Q3,-9.30625484557579e-05
idaho,2007 Q4,-0.0009335109424345086
idaho,2008 Q1,-0.0013365776907096432
idaho,2008 Q2,-0.0016337280583794318
idaho,2008 Q3,-0.0021672470390058374
idaho,2008 Q4,-0.003950251505248452
idaho,2009 Q1,-0.004242636573731103
idaho,2009 Q2,-0.0020559217229101
idaho,2009 Q3,-0.0017157905755334306
idaho,2009 Q4,-0.0006788728293637044
idaho,2010 Q1,0.000923750850794732
idaho,2010 Q2,0.00016628819553180887
idaho,2010 Q3,-0.00024865466771317735
idaho,2010 Q4,0.0005318317062423065
idaho,2011 Q1,0.0012136547962291466
idaho,2011 Q2,0.0008480739735604222
idaho,2011 Q3,0.002203146327273734
idaho,2011 Q4,0.002593515430120282
idaho,2012 Q1,0.0014340511251449417
idaho,2012 Q2,0.0010422979183746979
idaho,2012 Q3,0.0015347970896775938
idaho,2012 Q4,0.0008711248844581743
idaho,2013 Q1,0.0004951166639934149
idaho,2013 Q2,0.002072262096729801
idaho,2013 Q3,0.0019749592533571114
idaho,2013 Q4,0.002100882074456356
idaho,2014 Q1,0.002301463436685728
idaho,2014 Q2,0.002013817547946495
idaho,2014 Q3,0.0023805490509013114
idaho,2014 Q4,0.0026004353635606194
idaho,2015 Q1,0.002542176887853372
idaho,2015 Q2,0.0022867327318087196
idaho,2015 Q3,0.001645785941585265
idaho,2015 Q4,0.002398070235157442
idaho,2016 Q1,0.002666405534617722
idaho,2016 Q2,0.0019781390294945447
idaho,2016 Q3,0.0017772447507794127
idaho,2016 Q4,0.00217103010548129
idaho,2017 Q1,0.0032475367527068735
idaho,2017 Q2,0.003299684928452636
idaho,2017 Q3,0.0026381942129198124
idaho,2017 Q4,0.0019879620947081587
idaho,2018 Q1,0.0028729945414361544
idaho,2018 Q2,0.002573021072199403
idaho,2018 Q3,0.0016081866199622041
idaho,2018 Q4,0.0023314447856097598
idaho,2019 Q1,0.002681287070905277
idaho,2019 Q2,0.002966582565227268
idaho,2019 Q3,0.0029196667482460636
idaho,2019 Q4,0.002407081322534902
idaho,2020 Q1,-0.0006859607821702399
idaho,2020 Q2,-0.015373961628038243
idaho,2020 Q3,0.01299465812892553
idaho,2020 Q4,0.005256455314242681
idaho,2021 Q1,0.0029076893001035073
idaho,2021 Q2,0.0034034465196609944
idaho,2021 Q3,0.0033564450178360516
idaho,2021 Q4,0.004466819024618873
idaho,2022 Q1,0.003809231052788261
idaho,2022 Q2,0.0016347012646764636
idaho,2022 Q3,0.00033090826702264486
idaho,2022 Q4,0.0014341266473992438
idaho,2023 Q1,0.0024282447913103558
idaho,2023 Q2,0.0018504488844243532
idaho,2023 Q3,0.0017991104829671034
idaho,2023 Q4,0.0015395517214249477
idaho,2024 Q1,0.001659831191098693
idaho,2024 Q2,0.0021778726737201235
idaho,2024 Q3,0.0016787338330969497
illinois,2005 Q1,0.0010287070632521989
illinois,2005 Q2,0.0014740503438935477
illinois,2005 Q3,0.0014827252041712165
illinois,2005 Q4,0.001746183279164167
illinois,2006 Q1,0.002793835704934189
illinois,2006 Q2,0.0030889610607127693
illinois,2006 Q3,0.0029849544249023197
illinois,2006 Q4,0.001198345769951444
illinois,2007 Q1,-0.0004750296154117188
illinois,2007 Q2,0.0006005773273257317
illinois,2007 Q3,0.0010186989554438568
illinois,2007 Q4,0.0006096115657150403
illinois,2008 Q1,-0.0008426917447371304
illinois,2008 Q2,-0.003922432571963341
illinois,2008 Q3,-0.004295860011674628
illinois,2008 Q4,-0.004624446609711286
illinois,2009 Q1,-0.004798322099650735
illinois,2009 Q2,-0.001965972913230085
illinois,2009 Q3,-0.0029602730283511125
illinois,2009 Q4,-0.0016262252168898945
illinois,2010 Q1,0.0023345437584136133
illinois,2010 Q2,0.001679024075300554
illinois,2010 Q3,0.0010291235087478423
illinois,2010 Q4,0.0004501864016265289
illinois,2011 Q1,-0.0005334426914442117
illinois,2011 Q2,-0.0006934589338032001
illinois,2011 Q3,0.0008963962576720164
illinois,2011 Q4,0.002189693049770162
illinois,2012 Q1,0.0011190874002367697
illinois,2012 Q2,0.0002994996504520249
illinois,2012 Q3,0.00123219303364334
illinois,2012 Q4,-0.0005302352445006875
illinois,2013 Q1,-0.0016861969967388868
illinois,2013 Q2,0.0002990858928542117
illinois,2013 Q3,2.1660668760414836e-05
illinois,2013 Q4,0.001194994770281325
illinois,2014 Q1,0.0023877105491195336
illinois,2014 Q2,0.0014299340067201645
illinois,2014 Q3,0.0016943343642476332
illinois,2014 Q4,0.0009702711828794008
illinois,2015 Q1,0.0006696980077243175
illinois,2015 Q2,0.0013325439062980375
illinois,2015 Q3,0.0006721054329710263
illinois,2015 Q4,0.0016395344886284875
illinois,2016 Q1,0.0014925257136304548
illinois,2016 Q2,-0.00010432586719037278
illinois,2016 Q3,-0.0007440637321206219
illinois,2016 Q4,-0.00043353343007427697
illinois,2017 Q1,0.0004902040657421095
illinois,2017 Q2,0.00040228374323951027
illinois,2017 Q3,0.0003379016951801095
illinois,2017 Q4,0.0005923153347450564
illinois,2018 Q1,0.0011291039268067997
illinois,2018 Q2,0.0003304849827490501
illinois,2018 Q3,-0.0003923323886003323
illinois,2018 Q4,0.0001795528935862508
illinois,2019 Q1,0.0006488871290786236
illinois,2019 Q2,0.0006417145905412239
illinois,2019 Q3,-0.00040154670632734185
illinois,2019 Q4,-0.0008403157055889195
illinois,2020 Q1,-0.00866080733608062
illinois,2020 Q2,-0.03185669932349067
illinois,2020 Q3,0.015128821293660222
illinois,2020 Q4,0.0054222981163247015
illinois,2021 Q1,0.003287083717224822
illinois,2021 Q2,0.003882797236139194
illinois,2021 Q3,0.004106282470803875
illinois,2021 Q4,0.005809151319442781
illinois,2022 Q1,0.0025858240831105514
illinois,2022 Q2,0.0003826785557357419
illinois,2022 Q3,-0.0009003704178055886
illinois,2022 Q4,9.907778527928901e-05
illinois,2023 Q1,0.0017509356724084342
illinois,2023 Q2,0.0009927201070985732
illinois,2023 Q3,0.0011379199025701354
illinois,2023 Q4,0.001073766705132077
illinois,2024 Q1,0.00116007193637017
illinois,2024 Q2,0.0013903722984380067
illinois,2024 Q3,0.001243200426891929
indiana,2005 Q1,0.001805991235197979
indiana,2005 Q2,0.0025202972577145952
indiana,2005 Q3,0.0016577806052457955
indiana,2005 Q4,0.0017398367452407342
indiana,2006 Q1,0.0013500274624469455
indiana,2006 Q2,-5.900378083593486e-05
indiana,2006 Q3,0.0004194275763823585
indiana,2006 Q4,0.00039646261324436755
indiana,2007 Q1,-0.0016919532161329502
indiana,2007 Q2,-0.001929551392153302
indiana,2007 Q3,0.0001895182786100976
indiana,2007 Q4,0.0018720748478431304
indiana,2008 Q1,0.0007984354015058148
indiana,2008 Q2,-0.00029012475137335514
indiana,2008 Q3,-0.0019349180919645548
indiana,2008 Q4,-0.006836900209307976
indiana,2009 Q1,-0.007590175283626784
indiana,2009 Q2,-0.004026885599182961
indiana,2009 Q3,-0.0035881854474193084
indiana,2009 Q4,-0.002304076644980261
indiana,2010 Q1,0.0008042099720212784
indiana,2010 Q2,0.0014708067272216259
indiana,2010 Q3,3.585573876430104e-05
indiana,2010 Q4,0.001221296033392531
indiana,2011 Q1,0.0026224514240578145
indiana,2011 Q2,0.0007847255871311631
indiana,2011 Q3,0.000859709344035379
indiana,2011 Q4,0.0016163678111615158
indiana,2012 Q1,-0.0005597645338734821
indiana,2012 Q2,-0.0016987497989147116
indiana,2012 Q3,0.0005331029485877714
indiana,2012 Q4,0.000677486163008482
indiana,2013 Q1,0.0008029317782119646
indiana,2013 Q2,0.002802759069888546
indiana,2013 Q3,0.0032305182702040782
indiana,2013 Q4,0.0025614038169110565
indiana,2014 Q1,0.0022742478482306407
indiana,2014 Q2,0.0017200937601089539
indiana,2014 Q3,0.0016827231766272839
indiana,2014 Q4,0.0016555678458901972
indiana,2015 Q1,0.0016770700151530853
indiana,2015 Q2,0.0025875772780511084
indiana,2015 Q3,0.0024186273844506445
indiana,2015 Q4,0.003353534833238303
indiana,2016 Q1,0.002368105930777927
indiana,2016 Q2,0.0009198418234797797
indiana,2016 Q3,5.059798459490968e-05
indiana,2016 Q4,-0.0005264390213246909
indiana,2017 Q1,0.0016384188958339003
indiana,2017 Q2,0.001499908008830338
indiana,2017 Q3,0.0002012189364877237
indiana,2017 Q4,0.0009637313151883801
indiana,2018 Q1,0.0031323513298732544
indiana,2018 Q2,0.002083977077751801
indiana,2018 Q3,-0.000807312488996792
indiana,2018 Q4,9.84322247861898e-05
indiana,2019 Q1,0.00024074788435487124
indiana,2019 Q2,-0.00027734593018180487
indiana,2019 Q3,0.0011195126566905984
indiana,2019 Q4,0.00035520680573960145
indiana,2020 Q1,-0.010544994495017779
indiana,2020 Q2,-0.019436349825265764
indiana,2020 Q3,0.01974448484223938
indiana,2020 Q4,0.005897191026837352
indiana,2021 Q1,0.0005554507747895047
indiana,2021 Q2,0.0010124653503849057
indiana,2021 Q3,0.0005519415668380953
indiana,2021 Q4,0.0035909685325337857
indiana,2022 Q1,0.003395107621731045
indiana,2022 Q2,0.0009286290455493932
indiana,2022 Q3,-0.0005994280924451015
indiana,2022 Q4,0.00023731677736105183
indiana,2023 Q1,0.0016822944045667605
indiana,2023 Q2,0.00015593332505000243
indiana,2023 Q3,-0.00033371514241561
indiana,2023 Q4,-0.00027267744496869045
indiana,2024 Q1,0.0003331407168296237
indiana,2024 Q2,0.0017858474467091028
indiana,2024 Q3,0.0015189699176744547
iowa,2005 Q1,0.0023758930374497833
iowa,2005 Q2,0.0026661980619773207
iowa,2005 Q3,0.0014515191960579414
iowa,2005 Q4,0.001546576178605985
iowa,2006 Q1,0.0032838594979724967
iowa,2006 Q2,0.001552503377255358
iowa,2006 Q3,0.0007791813470808447
iowa,2006 Q4,0.0008883480245847064
iowa,2007 Q1,-0.0008548698914080758
iowa,2007 Q2,-0.00020410964234840456
iowa,2007 Q3,0.0007314859670450128
iowa,2007 Q4,0.0014355194233324209
iowa,2008 Q1,0.0008745665719272674
iowa,2008 Q2,0.000599833947542594
iowa,2008 Q3,0.00037836722908117054
iowa,2008 Q4,-0.0029042745541362214
iowa,2009 Q1,-0.004781449928455824
iowa,2009 Q2,-0.0021178581360035142
iowa,2009 Q3,-0.001245988266609081
iowa,2009 Q4,-0.0010760512467748635
iowa,2010 Q1,0.001981349203336332
iowa,2010 Q2,0.00042587513602850474
iowa,2010 Q3,-0.0007999720742222216
iowa,2010 Q4,0.0011219893684945397
iowa,2011 Q1,0.00027503729717803793
iowa,2011 Q2,-0.0009360192619018252
iowa,2011 Q3,0.0001109438701112353
iowa,2011 Q4,0.0006872030129455956
iowa,2012 Q1,-0.00012938502134651753
iowa,2012 Q2,-0.0007783269034898899
iowa,2012 Q3,0.0006765362561257001
iowa,2012 Q4,0.0009132340526087172
iowa,2013 Q1,0.00046989774156972847
iowa,2013 Q2,0.0036362004442946905
iowa,2013 Q3,0.001983721844534214
iowa,2013 Q4,0.00013965453676105058
iowa,2014 Q1,0.0020953251769937342
iowa,2014 Q2,0.0015708045134353494
iowa,2014 Q3,0.0012491740722327578
iowa,2014 Q4,0.001100835723769104
iowa,2015 Q1,0.0001307645225023061
iowa,2015 Q2,-0.0004087435210564279
iowa,2015 Q3,-0.00035735366314374833
iowa,2015 Q4,0.0017322340010783588
iowa,2016 Q1,0.00110307096583299
iowa,2016 Q2,-0.0009039679458348419
iowa,2016 Q3,-0.0006742373868654136
iowa,2016 Q4,-0.0015987292584134598
iowa,2017 Q1,2.4489031249704436e-05
iowa,2017 Q2,0.0010129791554529533
iowa,2017 Q3,-0.0002987102974350009
iowa,2017 Q4,9.223589797528279e-06
iowa,2018 Q1,0.0026625839053460907
iowa,2018 Q2,0.002373117526306497
iowa,2018 Q3,0.00031277323955292147
iowa,2018 Q4,0.0013172413624615114
iowa,2019 Q1,0.001875452692721306
iowa,2019 Q2,0.001653376444962736
iowa,2019 Q3,0.0007999758703602181
iowa,2019 Q4,-0.0008334015357003658
iowa,2020 Q1,-0.005444346304159131
iowa,2020 Q2,-0.028183960268992243
iowa,2020 Q3,0.008816578826239393
iowa,2020 Q4,0.0050359990264772225
iowa,2021 Q1,0.001967057999810192
iowa,2021 Q2,0.003353911342539743
iowa,2021 Q3,0.0023323354506617675
iowa,2021 Q4,0.0031745808950736087
iowa,2022 Q1,0.0033949172609673006
iowa,2022 Q2,0.0004780352741306689
iowa,2022 Q3,-0.0005758403319737759
iowa,2022 Q4,0.0005176401163757097
iowa,2023 Q1,0.001325997766118044
iowa,2023 Q2,0.000296931642356039
iowa,2023 Q3,-0.0006479457788405677
iowa,2023 Q4,-0.0003619248158230522
iowa,2024 Q1,0.0004777157867950077
iowa,2024 Q2,0.00028525787774513756
iowa,2024 Q3,-0.0006706893305414111
kansas,2005 Q1,0.0003410058156791222
kansas,2005 Q2,0.0008620956925896225
kansas,2005 Q3,0.0007061271579943776
kansas,2005 Q4,0.00043590617274162174
kansas,2006 Q1,0.0009220789300078044
kansas,2006 Q2,0.0011236387085603965
kansas,2006 Q3,0.0015357107701989836
kansas,2006 Q4,0.001599642773258821
kansas,2007 Q1,0.00038609927329832
kansas,2007 Q2,0.00010930786346829979
kansas,2007 Q3,0.0005810630585440327
kansas,2007 Q4,0.00040920223047284193
kansas,2008 Q1,0.00042859840975295604
kansas,2008 Q2,0.00020870450460308554
kansas,2008 Q3,-7.928397772368385e-05
kansas,2008 Q4,-0.0007153110059063458
kansas,2009 Q1,-0.001362408110314739
kansas,2009 Q2,-0.0007127576976779052
kansas,2009 Q3,-0.0018559697534190622
kansas,2009 Q4,-0.0019016178316120607
kansas,2010 Q1,-0.00037989653178760463
kansas,2010 Q2,0.00013444660851772797
kansas,2010 Q3,9.074812698665427e-06
kansas,2010 Q4,0.00028355540843616467
kansas,2011 Q1,0.0007800874283041548
kansas,2011 Q2,0.00017392876158850434
kansas,2011 Q3,0.0007968812980234663
kansas,2011 Q4,0.0005028578753561627
kansas,2012 Q1,-0.000489949231883835
kansas,2012 Q2,-6.732597690262132e-05
kansas,2012 Q3,0.0010627620216739537
kansas,2012 Q4,0.0004010904618091023
kansas,2013 Q1,-7.630531004154673e-05
kansas,2013 Q2,0.0006808818271092735
kansas,2013 Q3,4.7642485408265024e-05
kansas,2013 Q4,0.0011625077224473035
kansas,2014 Q1,0.0020784347333055266
kansas,2014 Q2,0.0007680233011723528
kansas,2014 Q3,0.00043435157725520607
kansas,2014 Q4,0.0002270791026105131
kansas,2015 Q1,-0.00040384098898449405
kansas,2015 Q2,0.00047778814939891667
kansas,2015 Q3,0.0010204954123253323
kansas,2015 Q4,0.0010388968266200245
kansas,2016 Q1,7.539745716674447e-05
kansas,2016 Q2,-0.0012609868652848262
kansas,2016 Q3,-0.0011016871096926062
kansas,2016 Q4,-0.000146517082637021
kansas,2017 Q1,0.0007454062835416201
kansas,2017 Q2,0.0007648432040237019
kansas,2017 Q3,-0.00028058337019731816
kansas,2017 Q4,-0.0008073570626276153
kansas,2018 Q1,0.0012881572031096706
kansas,2018 Q2,0.0010577381808494213
kansas,2018 Q3,-0.00026320516841005226
kansas,2018 Q4,0.0004848990812469367
kansas,2019 Q1,0.0007518830603450896
kansas,2019 Q2,0.0011315328411656278
kansas,2019 Q3,0.0015021951288144801
kansas,2019 Q4,0.0009099880908985577
kansas,2020 Q1,-0.0022636509048103623
kansas,2020 Q2,-0.015503823484381654
kansas,2020 Q3,0.010988969942321791
kansas,2020 Q4,0.0034112239936158564
kansas,2021 Q1,0.0010234448201117778
kansas,2021 Q2,0.0010873464435753692
kansas,2021 Q3,0.0006382505865123456
kansas,2021 Q4,0.0016837707083588633
kansas,2022 Q1,0.0017026476562815862
kansas,2022 Q2,0.00010825787981309325
kansas,2022 Q3,-0.00023224212069635394
kansas,2022 Q4,0.0012883975457590828
kansas,2023 Q1,0.0017045412114925866
kansas,2023 Q2,0.0006813055951898258
kansas,2023 Q3,6.770246470111374e-07
kansas,2023 Q4,-2.7211156814366255e-05
kansas,2024 Q1,0.0005539123993720066
kansas,2024 Q2,0.0014307630288079576
kansas,2024 Q3,0.00102321175995231
kentucky,2005 Q1,0.0007327096814932302
kentucky,2005 Q2,0.0017545276913076464
kentucky,2005 Q3,0.0006959119088854049
kentucky,2005 Q4,0.00035952343481734
kentucky,2006 Q1,0.0021496352199611066
kentucky,2006 Q2,0.002188657105274864
kentucky,2006 Q3,0.0030295504423277406
kentucky,2006 Q4,0.0025012615737080393
kentucky,2007 Q1,-0.0004129154970932136
kentucky,2007 Q2,-0.0017126246849904863
kentucky,2007 Q3,-0.0008739033052439874
kentucky,2007 Q4,-7.406392473182273e-05
kentucky,2008 Q1,-0.000572936335791252
kentucky,2008 Q2,-0.0007619518956609728
kentucky,2008 Q3,-0.0016844764073846719
kentucky,2008 Q4,-0.004022179336056346
kentucky,2009 Q1,-0.004458805697547197
kentucky,2009 Q2,-0.001957844842156257
kentucky,2009 Q3,-0.0015997307168760244
kentucky,2009 Q4,-0.00012827445133589688
kentucky,2010 Q1,0.00207694193015547
kentucky,2010 Q2,0.0017289185775621145
kentucky,2010 Q3,0.00109771705216688
kentucky,2010 Q4,0.0008751895406357383
kentucky,2011 Q1,0.0010757320506629882
kentucky,2011 Q2,-0.00042591754069332133
kentucky,2011 Q3,0.00035638608856676984
kentucky,2011 Q4,0.001287427723365801
kentucky,2012 Q1,0.0008953074798564072
kentucky,2012 Q2,0.0017404667657584156
kentucky,2012 Q3,0.002464000685973744
kentucky,2012 Q4,0.0009737753281652642
kentucky,2013 Q1,-0.001094264032737972
kentucky,2013 Q2,-0.0004908235521467649
kentucky,2013 Q3,-0.0014433567046477174
kentucky,2013 Q4,-0.0015877425400826113
kentucky,2014 Q1,-8.264677931653827e-06
kentucky,2014 Q2,-0.00037495976455403923
kentucky,2014 Q3,-0.00023557817548310508
kentucky,2014 Q4,1.2759727515428606e-05
kentucky,2015 Q1,-0.00037137600738993787
kentucky,2015 Q2,-0.000743336923059649
kentucky,2015 Q3,-9.852522772331913e-05
kentucky,2015 Q4,0.0020832011558263495
kentucky,2016 Q1,0.002186536117716168
kentucky,2016 Q2,0.0021591703472804515
kentucky,2016 Q3,0.001895982869403845
kentucky,2016 Q4,0.0014126999845691657
kentucky,2017 Q1,0.0022632838378150075
kentucky,2017 Q2,0.001298017721466908
kentucky,2017 Q3,0.0004977735724060276
kentucky,2017 Q4,0.0001718157241648773
kentucky,2018 Q1,0.0011822503410066816
kentucky,2018 Q2,0.0006169930135814609
kentucky,2018 Q3,-0.0009927173012628243
kentucky,2018 Q4,0.0003443837474317313
kentucky,2019 Q1,0.0012711560775933162
kentucky,2019 Q2,0.001798254007750281
kentucky,2019 Q3,0.0016320078082872798
kentucky,2019 Q4,-5.247707360870694e-05
kentucky,2020 Q1,-0.0040396547347254135
kentucky,2020 Q2,-0.021139722852786574
kentucky,2020 Q3,0.012358002064615237
kentucky,2020 Q4,0.002766695945251844
kentucky,2021 Q1,0.0015656719262938286
kentucky,2021 Q2,0.001601306921194053
kentucky,2021 Q3,0.002420647178252041
kentucky,2021 Q4,0.003680472764451196
kentucky,2022 Q1,0.0012230479616426315
kentucky,2022 Q2,-0.0003248983744290612
kentucky,2022 Q3,-0.0010760722151967883
kentucky,2022 Q4,0.00012161757991443108
kentucky,2023 Q1,0.0013101605540933499
kentucky,2023 Q2,0.00014963988123598929
kentucky,2023 Q3,4.065313033381942e-05
kentucky,2023 Q4,0.0007781231630335691
kentucky,2024 Q1,0.0011999824225921902
kentucky,2024 Q2,0.0016022100041887348
kentucky,2024 Q3,0.0006593096831516062
louisiana,2005 Q1,0.001192092575995618
louisiana,2005 Q2,0.001401042958255679
louisiana,2005 Q3,-0.0031423843165564827
louisiana,2005 Q4,-0.003148249540142367
louisiana,2006 Q1,0.0007854989061286677
louisiana,2006 Q2,0.0009061956685028812
louisiana,2006 Q3,0.0017373654597781691
louisiana,2006 Q4,0.0022120089904151077
louisiana,2007 Q1,0.00020968845016466897
louisiana,2007 Q2,-0.00045708050145517226
louisiana,2007 Q3,0.0020972965470980784
louisiana,2007 Q4,0.0023362007653677797
louisiana,2008 Q1,0.001045497536057501
louisiana,2008 Q2,0.00116580164174603
louisiana,2008 Q3,0.0002397461831494807
louisiana,2008 Q4,-0.0025150573911985052
louisiana,2009 Q1,-0.003579317257925744
louisiana,2009 Q2,-0.0014858082975644689
louisiana,2009 Q3,-0.00130693488405631
louisiana,2009 Q4,-0.0006929623479167146
louisiana,2010 Q1,0.0011649599426075685
louisiana,2010 Q2,0.0005419283923594106
louisiana,2010 Q3,-0.0011911093755958928
louisiana,2010 Q4,-0.0007423265321500802
louisiana,2011 Q1,-4.924105048986771e-05
louisiana,2011 Q2,-0.0006837319504728878
louisiana,2011 Q3,0.0013483321137000754
louisiana,2011 Q4,0.0015681180646459996
louisiana,2012 Q1,0.00100858035755369
louisiana,2012 Q2,0.0007287086209331791
louisiana,2012 Q3,0.000790396060473301
louisiana,2012 Q4,0.0006781293421385856
louisiana,2013 Q1,-3.076918841874813e-05
louisiana,2013 Q2,0.0011366814301743133
louisiana,2013 Q3,0.0008826295205918525
louisiana,2013 Q4,0.0015141088260535913
louisiana,2014 Q1,0.0017675354974562296
louisiana,2014 Q2,0.001857173495413959
louisiana,2014 Q3,0.002720919007676755
louisiana,2014 Q4,0.0008615625748444137
louisiana,2015 Q1,-0.0004216051737069663
louisiana,2015 Q2,-0.0007841383495628129
louisiana,2015 Q3,-0.0016683264257352226
louisiana,2015 Q4,-0.00039608837527083107
louisiana,2016 Q1,-0.00023152533139077688
louisiana,2016 Q2,-0.0013319893894397177
louisiana,2016 Q3,-0.0018003137690156823
louisiana,2016 Q4,-0.0006908728410625805
louisiana,2017 Q1,0.0012578439940670687
louisiana,2017 Q2,0.0013139910319617254
louisiana,2017 Q3,0.0008335753102537424
louisiana,2017 Q4,0.0005507680982990149
louisiana,2018 Q1,0.0009991716624906388
louisiana,2018 Q2,-0.0008478507183758607
louisiana,2018 Q3,-0.0015112707868513893
louisiana,2018 Q4,0.000351123187088076
louisiana,2019 Q1,0.000885500415766923
louisiana,2019 Q2,-0.00045667624155158276
louisiana,2019 Q3,-0.00020258972725698912
louisiana,2019 Q4,-0.0006372382675756313
louisiana,2020 Q1,-0.0036031949552699505
louisiana,2020 Q2,-0.027852602013180405
louisiana,2020 Q3,0.014531364571470343
louisiana,2020 Q4,0.0047366466796923135
louisiana,2021 Q1,0.0026539074531531557
louisiana,2021 Q2,0.003089197014754926
louisiana,2021 Q3,0.0024055013489006813
louisiana,2021 Q4,0.0038138016089455107
louisiana,2022 Q1,0.003139975977780892
louisiana,2022 Q2,0.0001306897723658181
louisiana,2022 Q3,-0.0008396614084463794
louisiana,2022 Q4,0.0008685124902445551
louisiana,2023 Q1,0.0012733844863127193
louisiana,2023 Q2,-0.0005276090379370638
louisiana,2023 Q3,-0.00048285747840962995
louisiana,2023 Q4,-0.0001662733836798417
louisiana,2024 Q1,-0.00018961766602069532
louisiana,2024 Q2,8.715109212409367e-06
louisiana,2024 Q3,-0.0006874099731436859
maine,2005 Q1,0.0013687139049626633
maine,2005 Q2,0.002667965266269038
maine,2005 Q3,0.0013788303418646268
maine,2005 Q4,0.00029417389063953375
maine,2006 Q1,0.0006624342594050425
maine,2006 Q2,0.0005486721376881665
maine,2006 Q3,0.0009336680727742852
maine,2006 Q4,0.0011394484794246356
maine,2007 Q1,-0.0009224977112048949
maine,2007 Q2,-0.001902354301491438
maine,2007 Q3,-9.001024339779413e-05
maine,2007 Q4,0.0014016106663254924
maine,2008 Q1,0.0006069270354809309
maine,2008 Q2,-0.0006019534920779964
maine,2008 Q3,-0.002865261851053106
maine,2008 Q4,-0.005437066311944849
maine,2009 Q1,-0.004428717617539195
maine,2009 Q2,-0.0015385845281162454
maine,2009 Q3,-0.001598803576154939
maine,2009 Q4,-0.0008973620468792539
maine,2010 Q1,0.0008264442513770861
maine,2010 Q2,0.00011927621748690036
maine,2010 Q3,0.0002842630333627823
maine,2010 Q4,0.001150506380756126
maine,2011 Q1,0.0006202390959127632
maine,2011 Q2,0.0001335078402501614
maine,2011 Q3,0.001600580144538825
maine,2011 Q4,0.0012854822343636811
maine,2012 Q1,0.0002563516408175352
maine,2012 Q2,7.943267716762718e-05
maine,2012 Q3,0.0009039597030204108
maine,2012 Q4,0.00105396809088291
maine,2013 Q1,0.0006733850008814694
maine,2013 Q2,0.0018538558068348365
maine,2013 Q3,0.0009091713167475776
maine,2013 Q4,-0.0002309260718506012
maine,2014 Q1,-7.21265211155453e-05
maine,2014 Q2,0.0001468036298881703
maine,2014 Q3,0.0001235464513319092
maine,2014 Q4,-6.049626638486109e-05
maine,2015 Q1,-0.0002567106726013568
maine,2015 Q2,-0.0006463340631139106
maine,2015 Q3,-0.0005539255322738098
maine,2015 Q4,0.0012339030376963638
maine,2016 Q1,0.0025863216135425158
maine,2016 Q2,0.002136374094575085
maine,2016 Q3,0.0014416290455319114
maine,2016 Q4,0.0013282269079838056
maine,2017 Q1,0.0012358636925338118
maine,2017 Q2,0.0004677580768953267
maine,2017 Q3,-0.00043751765016586397
maine,2017 Q4,-0.0006920029426245774
maine,2018 Q1,0.0009527391072914337
maine,2018 Q2,0.0003168910567048859
maine,2018 Q3,-0.0011435421038835287
maine,2018 Q4,-0.00038070915887219076
maine,2019 Q1,-0.0003579736153010253
maine,2019 Q2,0.0008052101200742475
maine,2019 Q3,0.0012094623202851817
maine,2019 Q4,-0.000358351936155669
maine,2020 Q1,-0.003591981892811217
maine,2020 Q2,-0.027321985698177453
maine,2020 Q3,0.011245789455377611
maine,2020 Q4,0.006553731460501311
maine,2021 Q1,0.0031791668188072553
maine,2021 Q2,0.0016203064466167778
maine,2021 Q3,0.0008526807265236691
maine,2021 Q4,0.0013398176796599603
maine,2022 Q1,0.001455105871607539
maine,2022 Q2,-6.406984671299594e-05
maine,2022 Q3,-0.0007875517637034498
maine,2022 Q4,0.0015895318522773927
maine,2023 Q1,0.0024491646726481817
maine,2023 Q2,0.0022947603267083525
maine,2023 Q3,0.0011968415909817676
maine,2023 Q4,0.0005000323097020439
maine,2024 Q1,0.0012161577815854585
maine,2024 Q2,0.0015665221949584158
maine,2024 Q3,0.0005131936322932962
maryland,2005 Q1,0.0018470919988756347
maryland,2005 Q2,0.0033663192599755476
maryland,2005 Q3,0.002081765707326655
maryland,2005 Q4,0.0019958074638860937
maryland,2006 Q1,0.0022417357047688213
maryland,2006 Q2,0.0009926272774124871
maryland,2006 Q3,0.0012475959055463133
maryland,2006 Q4,0.0011033678473773012
maryland,2007 Q1,-0.000342865558711658
maryland,2007 Q2,0.0001563423685064791
maryland,2007 Q3,0.0014152543851225403
maryland,2007 Q4,0.001652346451938828
maryland,2008 Q1,0.0008551471652915588
maryland,2008 Q2,-0.00034277124835487466
maryland,2008 Q3,-0.0014800178893918936
maryland,2008 Q4,-0.002996591895934856
maryland,2009 Q1,-0.0029578114134017897
maryland,2009 Q2,-0.001220622751891276
maryland,2009 Q3,-0.0018160729411434244
maryland,2009 Q4,-0.0014943316743034247
maryland,2010 Q1,0.0010388590361076016
maryland,2010 Q2,0.0012834490188385523
maryland,2010 Q3,0.0005022691986876401
maryland,2010 Q4,0.0008782494131330439
maryland,2011 Q1,0.0007805951375320733
maryland,2011 Q2,-0.00014691271518837054
maryland,2011 Q3,0.0013210724392691553
maryland,2011 Q4,0.0019449641865311544
maryland,2012 Q1,0.0007592235847495576
maryland,2012 Q2,0.0008857451083347604
maryland,2012 Q3,0.0019277019567779756
maryland,2012 Q4,0.0011624439169704754
maryland,2013 Q1,0.00011940432957772511
maryland,2013 Q2,0.0005603579670976355
maryland,2013 Q3,-0.00020733094145834277
maryland,2013 Q4,0.00024235040978707692
maryland,2014 Q1,0.0011602398953159583
maryland,2014 Q2,0.0010268072084046083
maryland,2014 Q3,0.0015212245310805006
maryland,2014 Q4,0.0011045220760086405
maryland,2015 Q1,0.0012626137719160546
maryland,2015 Q2,0.0013942030678348871
maryland,2015 Q3,0.0004524816444442988
maryland,2015 Q4,0.0015427004515918459
maryland,2016 Q1,0.0014073627529527233
maryland,2016 Q2,0.0009773519854587853
maryland,2016 Q3,0.00177456898850048
maryland,2016 Q4,0.0020709575899820662
maryland,2017 Q1,0.0024285648881977964
maryland,2017 Q2,0.0017858502027633765
maryland,2017 Q3,0.00032504212311172215
maryland,2017 Q4,-0.00045603200390735105
maryland,2018 Q1,0.001259515884467044
maryland,2018 Q2,0.0012188637322162836
maryland,2018 Q3,0.0007528600285480932
maryland,2018 Q4,0.0023007405220876187
maryland,2019 Q1,0.002521906148883405
maryland,2019 Q2,0.0021614151873305953
maryland,2019 Q3,0.001999231591923204
maryland,2019 Q4,0.001699640343129379
maryland,2020 Q1,-0.0010550720021618905
maryland,2020 Q2,-0.032252958755083494
maryland,2020 Q3,0.004656974627722299
maryland,2020 Q4,0.00012732457753061865
maryland,2021 Q1,7.833903640230844e-06
maryland,2021 Q2,0.0024392872205707405
maryland,2021 Q3,0.0023373301585509023
maryland,2021 Q4,0.003755981041641506
maryland,2022 Q1,0.002152967169363048
maryland,2022 Q2,0.0008937777396866112
maryland,2022 Q3,0.00046102340178869977
maryland,2022 Q4,0.0016838934438810533
maryland,2023 Q1,0.0024543475169135722
maryland,2023 Q2,0.0018851294985178975
maryland,2023 Q3,-0.00024992704390743487
maryland,2023 Q4,0.0006766643157528988
maryland,2024 Q1,0.00055622184432913
maryland,2024 Q2,0.000580609010271201
maryland,2024 Q3,-0.00012766925346300675
michigan,2005 Q1,0.0005949312218114974
michigan,2005 Q2,0.001427195264396867
michigan,2005 Q3,0.00035776180470614705
michigan,2005 Q4,-0.0008108414233453468
michigan,2006 Q1,-0.0008156763134111363
michigan,2006 Q2,-0.0010830220910699924
michigan,2006 Q3,-0.0009722426248488144
michigan,2006 Q4,-0.00035388222125887214
michigan,2007 Q1,-0.0014759293122133716
michigan,2007 Q2,-0.0016503994784094294
michigan,2007 Q3,-0.0013806140452711964
michigan,2007 Q4,-0.0009939525896181707
michigan,2008 Q1,-0.0020992055667834464
michigan,2008 Q2,-0.0034676939924911756
michigan,2008 Q3,-0.00479476176367825
michigan,2008 Q4,-0.007414524060146606
michigan,2009 Q1,-0.007155181218209239
michigan,2009 Q2,-0.005016729686400545
michigan,2009 Q3,-0.0033354687216994305
michigan,2009 Q4,-0.0011974442731277717
michigan,2010 Q1,0.0011419269864809678
michigan,2010 Q2,0.0014310845424156209
michigan,2010 Q3,-2.312433731047984e-05
michigan,2010 Q4,-3.6591639217468476e-05
michigan,2011 Q1,0.0005622433055715673
michigan,2011 Q2,0.0004653016688885477
michigan,2011 Q3,0.002378506503311136
michigan,2011 Q4,0.002576486889010502
michigan,2012 Q1,0.0005359467933299111
michigan,2012 Q2,0.00022780558449631005
michigan,2012 Q3,0.0014775357245865688
michigan,2012 Q4,0.001381617431534939
michigan,2013 Q1,0.001408772921544695
michigan,2013 Q2,0.0019772144762178665
michigan,2013 Q3,0.0008088721607874364
michigan,2013 Q4,0.0014310468493040258
michigan,2014 Q1,0.0023836351606651984
michigan,2014 Q2,0.0020770261781202968
michigan,2014 Q3,0.0022352972968681475
michigan,2014 Q4,0.0016472955767756758
michigan,2015 Q1,0.0010623624922719472
michigan,2015 Q2,0.0016480955651514417
michigan,2015 Q3,0.0019313984066235967
michigan,2015 Q4,0.0029975159374996765
michigan,2016 Q1,0.002410033714693579
michigan,2016 Q2,0.0012815428288798596
michigan,2016 Q3,0.0010450478411598112
michigan,2016 Q4,0.0007225601477804192
michigan,2017 Q1,0.001669859056654029
michigan,2017 Q2,0.0011425097383198264
michigan,2017 Q3,-9.935205345542227e-05
michigan,2017 Q4,2.090054774635715e-05
michigan,2018 Q1,0.0022212314821511057
michigan,2018 Q2,0.001415533639638496
michigan,2018 Q3,-7.027500991633555e-05
michigan,2018 Q4,0.0008932451499408245
michigan,2019 Q1,0.0006357514315629142
michigan,2019 Q2,0.0004506824473257491
michigan,2019 Q3,0.0005526654436719772
michigan,2019 Q4,0.0005401438497017278
michigan,2020 Q1,-0.0040785643998599115
michigan,2020 Q2,-0.016004215225850493
michigan,2020 Q3,0.011515162903336687
michigan,2020 Q4,-0.0035777044366958424
michigan,2021 Q1,0.004381780264913759
michigan,2021 Q2,0.0013338651343809034
michigan,2021 Q3,0.003932732702759105
michigan,2021 Q4,0.00512887019687384
michigan,2022 Q1,0.0034586297080116957
michigan,2022 Q2,0.001344215119270853
michigan,2022 Q3,0.0003883972827930145
michigan,2022 Q4,0.0027682364752985578
michigan,2023 Q1,0.0047605452155514705
michigan,2023 Q2,0.0035127221079657525
michigan,2023 Q3,0.0009568343702709056
michigan,2023 Q4,1.3798456253488744e-05
michigan,2024 Q1,-8.430478677971347e-05
michigan,2024 Q2,-0.0003879636793538606
michigan,2024 Q3,-0.0003755543166330903
missouri,2005 Q1,0.0010082267477303415
missouri,2005 Q2,0.001687792858260891
missouri,2005 Q3,0.0012102234454423784
missouri,2005 Q4,0.0005852895216117057
missouri,2006 Q1,0.0012948227740234113
missouri,2006 Q2,0.001453205356437189
missouri,2006 Q3,0.0015895935275198614
missouri,2006 Q4,0.001159829853652002
missouri,2007 Q1,-0.00030678459193259994
missouri,2007 Q2,-0.0007272582412347258
missouri,2007 Q3,-0.0001121112111196106
missouri,2007 Q4,-7.230975950397085e-05
missouri,2008 Q1,-0.0006669630141245738
missouri,2008 Q2,-0.0013804278749034449
missouri,2008 Q3,-0.0020598222231490437
missouri,2008 Q4,-0.0031175688469218996
missouri,2009 Q1,-0.0032532530534996607
missouri,2009 Q2,-0.0018726851551263228
missouri,2009 Q3,-0.002751450025235469
missouri,2009 Q4,-0.0020335262334769677
missouri,2010 Q1,-7.104329662603141e-05
missouri,2010 Q2,9.77487479253784e-05
missouri,2010 Q3,9.129435695961104e-05
missouri,2010 Q4,0.0003468226811875012
missouri,2011 Q1,0.0008274622802616852
missouri,2011 Q2,0.0002976686895079794
missouri,2011 Q3,0.0011525840255627677
missouri,2011 Q4,0.001023599016941823
missouri,2012 Q1,-0.00019414634339006329
missouri,2012 Q2,0.000165596133639719
missouri,2012 Q3,0.0012257737559446074
missouri,2012 Q4,0.0005201834808375624
missouri,2013 Q1,0.00025153505881866006
missouri,2013 Q2,0.0010360442346843228
missouri,2013 Q3,-2.779179989968276e-05
missouri,2013 Q4,0.0009116904102563309
missouri,2014 Q1,0.001795863668033378
missouri,2014 Q2,0.0012448445687793057
missouri,2014 Q3,0.002013709588703838
missouri,2014 Q4,0.0018358209924091984
missouri,2015 Q1,0.00115315403083871
missouri,2015 Q2,0.001383310696583262
missouri,2015 Q3,0.001330027759070947
missouri,2015 Q4,0.0018139869933059642
missouri,2016 Q1,0.001071025475316863
missouri,2016 Q2,-0.0001329852764400119
missouri,2016 Q3,-0.00036374257530635834
missouri,2016 Q4,-0.00011938127236366114
missouri,2017 Q1,0.000765427232206406
missouri,2017 Q2,0.0009227054737821483
missouri,2017 Q3,-0.00014429236625527567
missouri,2017 Q4,-0.0006797424331999776
missouri,2018 Q1,0.0010457643402638588
missouri,2018 Q2,0.0006624168199751054
missouri,2018 Q3,-0.00037164899926733774
missouri,2018 Q4,0.0006733659652462531
missouri,2019 Q1,0.0008453829872137794
missouri,2019 Q2,0.001028080130723641
missouri,2019 Q3,0.0013278022091616215
missouri,2019 Q4,0.000751972093050742
missouri,2020 Q1,-0.0016878413404006014
missouri,2020 Q2,-0.024797221218116044
missouri,2020 Q3,0.017715142628153952
missouri,2020 Q4,0.0010264992760598002
missouri,2021 Q1,0.0006407984495030808
missouri,2021 Q2,0.0015300295329941556
missouri,2021 Q3,0.0014942963026995197
missouri,2021 Q4,0.002692403645050634
missouri,2022 Q1,0.0021160679169000365
missouri,2022 Q2,0.0009095505790250128
missouri,2022 Q3,-0.0001009372484348144
missouri,2022 Q4,0.001216435472426743
missouri,2023 Q1,0.0019186058442290193
missouri,2023 Q2,0.0011672703789435968
missouri,2023 Q3,0.00011964816834331149
missouri,2023 Q4,0.00011528020201190259
missouri,2024 Q1,0.00027036899798504876
missouri,2024 Q2,0.001155451434689203
missouri,2024 Q3,0.0005657703295199878
montana,2005 Q1,0.0012275398716481423
montana,2005 Q2,0.002309138614798941
montana,2005 Q3,0.0027963431660007476
montana,2005 Q4,0.0020452182191442367
montana,2006 Q1,0.002935105180551808
montana,2006 Q2,0.0031783502002512196
montana,2006 Q3,0.0009654757721275775
montana,2006 Q4,0.0025484431362754467
montana,2007 Q1,0.002692669665485129
montana,2007 Q2,-6.040037072555885e-05
montana,2007 Q3,0.0001597575505405402
montana,2007 Q4,0.0013337204767496964
montana,2008 Q1,0.0002916956960694976
montana,2008 Q2,-0.001061079542197733
montana,2008 Q3,-0.0011989372326562941
montana,2008 Q4,-0.005672332753336969
montana,2009 Q1,-0.007173990828439318
montana,2009 Q2,-0.0022762492633799556
montana,2009 Q3,-0.0017266542602694852
montana,2009 Q4,-0.0010167797864469863
montana,2010 Q1,0.0009829499915510926
montana,2010 Q2,0.0008306789239696707
montana,2010 Q3,-0.00047230433047821635
montana,2010 Q4,-0.0005159269366997732
montana,2011 Q1,0.0007817060729174615
montana,2011 Q2,0.0006100168341628779
montana,2011 Q3,0.00255271136070793
montana,2011 Q4,0.0026706362391956486
montana,2012 Q1,0.0010587142464152006
montana,2012 Q2,0.0015379389426552297
montana,2012 Q3,0.0019995762107927195
montana,2012 Q4,0.0012032405683578922
montana,2013 Q1,0.0008269106969810055
montana,2013 Q2,0.0008819248648495778
montana,2013 Q3,0.0008939929175958797
montana,2013 Q4,0.0012975173889919016
montana,2014 Q1,0.0005924952657672863
montana,2014 Q2,0.0010028171383947477
montana,2014 Q3,0.0007930877917338522
montana,2014 Q4,0.0012550043395310369
montana,2015 Q1,0.0022393799092980484
montana,2015 Q2,0.0004959171270617994
montana,2015 Q3,0.0004777182295775025
montana,2015 Q4,0.001582114914758644
montana,2016 Q1,0.0006674729183000494
montana,2016 Q2,5.443625525292095e-05
montana,2016 Q3,0.00038415271678419555
montana,2016 Q4,0.00047382107284965613
montana,2017 Q1,0.0017948811628586043
montana,2017 Q2,0.0015680753939395498
montana,2017 Q3,-2.7480808424259113e-05
montana,2017 Q4,0.0001514365871949641
montana,2018 Q1,0.0020002224150945658
montana,2018 Q2,0.0019149752089356504
montana,2018 Q3,0.000983240481037706
montana,2018 Q4,0.0013944728726145161
montana,2019 Q1,0.0009473861022866922
montana,2019 Q2,0.0019630668144593097
montana,2019 Q3,0.0025041133989929984
montana,2019 Q4,0.0016201836676997445
montana,2020 Q1,-0.0019764680893552176
montana,2020 Q2,-0.01559274164566904
montana,2020 Q3,0.011412869779549917
montana,2020 Q4,0.0028969603102221666
montana,2021 Q1,0.0018206919625901967
montana,2021 Q2,0.002645766461548682
montana,2021 Q3,0.0028881874539835963
montana,2021 Q4,0.005488501572697313
montana,2022 Q1,0.00343963855056173
montana,2022 Q2,0.0011414676269914104
montana,2022 Q3,0.000899361783066673
montana,2022 Q4,0.0019697314323652293
montana,2023 Q1,0.002595953322085028
montana,2023 Q2,0.0005316778894294641
montana,2023 Q3,0.0001694000784930131
montana,2023 Q4,-0.00028210980278819964
montana,2024 Q1,0.000997669811897935
montana,2024 Q2,0.002382105673127688
montana,2024 Q3,-0.0010256372183864437
nebraska,2005 Q1,-5.8183102893553475e-05
nebraska,2005 Q2,0.0005221892037456192
nebraska,2005 Q3,0.00035992869360719954
nebraska,2005 Q4,3.221620172633166e-05
nebraska,2006 Q1,0.0006996489769040733
nebraska,2006 Q2,0.0009094066259424475
nebraska,2006 Q3,0.0014017745534147252
nebraska,2006 Q4,0.001269976783193923
nebraska,2007 Q1,0.0003587547395286587
nebraska,2007 Q2,0.000604232442711424
nebraska,2007 Q3,0.0010334402927096125
nebraska,2007 Q4,0.001139420605467197
nebraska,2008 Q1,0.0008007598209173553
nebraska,2008 Q2,-2.760689891408615e-05
nebraska,2008 Q3,-0.0004992865845175517
nebraska,2008 Q4,-0.0018156477054162752
nebraska,2009 Q1,-0.002364169610068837
nebraska,2009 Q2,-0.0006683500076396879
nebraska,2009 Q3,-0.0011418834656599468
nebraska,2009 Q4,-0.0009297844678749501
nebraska,2010 Q1,0.0005774359152045013
nebraska,2010 Q2,0.0007292251646529024
nebraska,2010 Q3,0.00043916664986169235
nebraska,2010 Q4,0.0010900331526090639
nebraska,2011 Q1,0.0018000872290844978
nebraska,2011 Q2,0.0010006455275960076
nebraska,2011 Q3,0.0017930630321938423
nebraska,2011 Q4,0.0016630378806380779
nebraska,2012 Q1,0.0007997295522772507
nebraska,2012 Q2,0.0011841505085728639
nebraska,2012 Q3,0.0020182897629638465
nebraska,2012 Q4,0.0008238952914855583
nebraska,2013 Q1,-0.0002930684485423403
nebraska,2013 Q2,0.0001373111613417466
nebraska,2013 Q3,-0.0011049236810668124
nebraska,2013 Q4,8.92422355350438e-05
nebraska,2014 Q1,0.0009851367677671992
nebraska,2014 Q2,-0.00021761482875300628
nebraska,2014 Q3,0.0003637729423018321
nebraska,2014 Q4,0.0001233427319028424
nebraska,2015 Q1,-0.0006689075631749845
nebraska,2015 Q2,0.0002999021894082299
nebraska,2015 Q3,0.0010268380517715798
nebraska,2015 Q4,0.0015310169169534908
nebraska,2016 Q1,0.0007504127197932586
nebraska,2016 Q2,-0.0007366176277585253
nebraska,2016 Q3,-0.0012658179995221897
nebraska,2016 Q4,-0.0006950005592438746
nebraska,2017 Q1,0.0011030344484045014
nebraska,2017 Q2,0.0014562717137089898
nebraska,2017 Q3,0.00034716525919257596
nebraska,2017 Q4,0.00010368367666979683
nebraska,2018 Q1,0.0018625535455377336
nebraska,2018 Q2,0.0015600976085921776
nebraska,2018 Q3,0.0005633050510928476
nebraska,2018 Q4,0.0011885464621867274
nebraska,2019 Q1,0.001079887601439511
nebraska,2019 Q2,0.0010097205347632254
nebraska,2019 Q3,0.0012476410492851346
nebraska,2019 Q4,0.0008716187688205442
nebraska,2020 Q1,-0.004537780962015662
nebraska,2020 Q2,-0.007071347098088839
nebraska,2020 Q3,0.006626261721887443
nebraska,2020 Q4,0.0010028071122843245
nebraska,2021 Q1,0.0003186107969367728
nebraska,2021 Q2,0.0013433468484354005
nebraska,2021 Q3,0.0014612748344762967
nebraska,2021 Q4,0.0024287622078343527
nebraska,2022 Q1,0.0016178468189943136
nebraska,2022 Q2,-0.0001836966876089067
nebraska,2022 Q3,-0.0006979271737343659
nebraska,2022 Q4,0.0006697177596749112
nebraska,2023 Q1,0.0015367129086432119
nebraska,2023 Q2,0.0005407318403423123
nebraska,2023 Q3,-0.00011516770958423332
nebraska,2023 Q4,-0.00016348714908439219
nebraska,2024 Q1,0.00040421371332140704
nebraska,2024 Q2,0.0010872495443841796
nebraska,2024 Q3,0.0007769362819790201
ohio,2005 Q1,0.0008801389752795726
ohio,2005 Q2,0.0021001986991072328
ohio,2005 Q3,0.0010580894421171234
ohio,2005 Q4,0.0009155352534560013
ohio,2006 Q1,0.001847197310059186
ohio,2006 Q2,0.0018655385850772828
ohio,2006 Q3,0.001790815972945022
ohio,2006 Q4,0.0013447810424082423
ohio,2007 Q1,0.00012571780175944328
ohio,2007 Q2,-0.00047211244179671635
ohio,2007 Q3,-0.0005215950018209922
ohio,2007 Q4,0.00016450051614595265
ohio,2008 Q1,-0.0006297073101011094
ohio,2008 Q2,-0.0022207141428751687
ohio,2008 Q3,-0.0027624295198451407
ohio,2008 Q4,-0.005608691686449396
ohio,2009 Q1,-0.0074633536454127665
ohio,2009 Q2,-0.004071952466941549
ohio,2009 Q3,-0.0024843671842348
ohio,2009 Q4,-0.0013077939801765526
ohio,2010 Q1,0.0014519786239733563
ohio,2010 Q2,0.000925618993883844
ohio,2010 Q3,-0.00024868566359607475
ohio,2010 Q4,0.0004220227446893876
ohio,2011 Q1,-3.3907791655833165e-05
ohio,2011 Q2,-0.0009637811694639767
ohio,2011 Q3,0.00020207031998424144
ohio,2011 Q4,0.001324431540505359
ohio,2012 Q1,0.001095520045243233
ohio,2012 Q2,-0.00022411947810926
ohio,2012 Q3,0.0002506068111281697
ohio,2012 Q4,-0.0008116331276185607
ohio,2013 Q1,-0.0006291820600112056
ohio,2013 Q2,0.0010920859771835396
ohio,2013 Q3,-4.463408469231507e-06
ohio,2013 Q4,0.0013236109596804397
ohio,2014 Q1,0.0022155840522832073
ohio,2014 Q2,0.0020565016316136386
ohio,2014 Q3,0.002887281667761347
ohio,2014 Q4,0.0008991723567998156
ohio,2015 Q1,-0.0006191421224711983
ohio,2015 Q2,0.0005329342870471857
ohio,2015 Q3,1.1646522071565949e-05
ohio,2015 Q4,0.001062070649800943
ohio,2016 Q1,0.0015607074899173974
ohio,2016 Q2,-8.834262954097542e-05
ohio,2016 Q3,-0.0005444008308816232
ohio,2016 Q4,0.0003500409204110211
ohio,2017 Q1,0.0017998532790688415
ohio,2017 Q2,0.001543749566807436
ohio,2017 Q3,0.0004557697490736497
ohio,2017 Q4,-0.0008493786714259821
ohio,2018 Q1,0.0005388828505201726
ohio,2018 Q2,0.0011700013796120956
ohio,2018 Q3,0.00010613838815165533
ohio,2018 Q4,0.0010752996354173778
ohio,2019 Q1,0.0016214453484177938
ohio,2019 Q2,0.0015696394990047935
ohio,2019 Q3,0.0007086096422257437
ohio,2019 Q4,0.0013048617604206985
ohio,2020 Q1,-0.007289591748211792
ohio,2020 Q2,-0.02632666638619659
ohio,2020 Q3,0.01692532318100078
ohio,2020 Q4,0.0049183051935550726
ohio,2021 Q1,0.00040420284361945374
ohio,2021 Q2,0.002251303819007585
ohio,2021 Q3,0.0019600793732325408
ohio,2021 Q4,0.002315023382134962
ohio,2022 Q1,0.002027479490895138
ohio,2022 Q2,0.00041246384283847676
ohio,2022 Q3,-0.0007012272219475424
ohio,2022 Q4,0.0018260391272971372
ohio,2023 Q1,0.003043435884123591
ohio,2023 Q2,0.0014507077766282943
ohio,2023 Q3,0.00019803268859397427
ohio,2023 Q4,0.00016049497332485765
ohio,2024 Q1,0.0007356704047557875
ohio,2024 Q2,0.0011827560382457285
ohio,2024 Q3,0.0001295643868883071
oklahoma,2005 Q1,0.0014463752274013568
oklahoma,2005 Q2,0.0017920099237946907
oklahoma,2005 Q3,0.0007837372875004375
oklahoma,2005 Q4,0.0003125298236935266
oklahoma,2006 Q1,0.00014819191209417917
oklahoma,2006 Q2,0.0006412942619142085
oklahoma,2006 Q3,0.0009685927705080181
oklahoma,2006 Q4,0.0010225624446886794
oklahoma,2007 Q1,0.0001342846396387154
oklahoma,2007 Q2,-0.0006845577639513767
oklahoma,2007 Q3,0.0006975634914333136
oklahoma,2007 Q4,0.0020782691958537805
oklahoma,2008 Q1,0.002319176838925315
oklahoma,2008 Q2,0.0016571815675592294
oklahoma,2008 Q3,0.0010361845736337472
oklahoma,2008 Q4,-0.0018139326424331248
oklahoma,2009 Q1,-0.0030022677080057867
oklahoma,2009 Q2,-0.0008566244827187633
oklahoma,2009 Q3,-0.0023632819939433483
oklahoma,2009 Q4,-0.0019485337038945838
oklahoma,2010 Q1,0.00025487833182509984
oklahoma,2010 Q2,-4.204534148943839e-05
oklahoma,2010 Q3,-0.0002385202612832741
oklahoma,2010 Q4,0.0001852647532718521
oklahoma,2011 Q1,0.0007242586987285341
oklahoma,2011 Q2,0.00035516476655006457
oklahoma,2011 Q3,0.0021420101916406567
oklahoma,2011 Q4,0.0030665616249926733
oklahoma,2012 Q1,0.00196950412736722
oklahoma,2012 Q2,0.000968449155982117
oklahoma,2012 Q3,0.0010779836167852015
oklahoma,2012 Q4,-0.00028752291305815064
oklahoma,2013 Q1,-0.0010007433042165854
oklahoma,2013 Q2,0.000708101942943055
oklahoma,2013 Q3,-0.0006792987538648173
oklahoma,2013 Q4,-0.0005536207655851092
oklahoma,2014 Q1,0.00022736405355749945
oklahoma,2014 Q2,0.0010250282617740858
oklahoma,2014 Q3,0.003029201339934229
oklahoma,2014 Q4,0.0030307871770666552
oklahoma,2015 Q1,0.0020238509899609034
oklahoma,2015 Q2,0.00025848608093137493
oklahoma,2015 Q3,-0.0010162634462176727
oklahoma,2015 Q4,9.146418643564876e-05
oklahoma,2016 Q1,-0.0005352701823018909
oklahoma,2016 Q2,-0.0017469597921878262
oklahoma,2016 Q3,-0.0005854587467245542
oklahoma,2016 Q4,0.0001741271958148142
oklahoma,2017 Q1,0.001309911033726315
oklahoma,2017 Q2,0.0023921349508124745
oklahoma,2017 Q3,0.0014960434954579178
oklahoma,2017 Q4,0.0008586758916314293
oklahoma,2018 Q1,0.0016980993069015682
oklahoma,2018 Q2,0.0002990181502871003
oklahoma,2018 Q3,-0.0009704232062237953
oklahoma,2018 Q4,0.00013598139330887418
oklahoma,2019 Q1,0.001309326819943853
oklahoma,2019 Q2,0.0011314211700961991
oklahoma,2019 Q3,0.0007857905662060164
oklahoma,2019 Q4,8.251243359358451e-05
oklahoma,2020 Q1,-0.0027050386077710855
oklahoma,2020 Q2,-0.015674836189747115
oklahoma,2020 Q3,0.012764292654912227
oklahoma,2020 Q4,0.0036117004961557044
oklahoma,2021 Q1,0.0016046883932840927
oklahoma,2021 Q2,0.0024259193870283338
oklahoma,2021 Q3,0.0023981823861653298
oklahoma,2021 Q4,0.0036879060198957703
oklahoma,2022 Q1,0.0029458256928776017
oklahoma,2022 Q2,0.0009561846859776532
oklahoma,2022 Q3,0.0009089038717868814
oklahoma,2022 Q4,0.003236941819290795
oklahoma,2023 Q1,0.00397316679594284
oklahoma,2023 Q2,0.0025944199234931484
oklahoma,2023 Q3,0.0017667678000026221
oklahoma,2023 Q4,0.0010025664562164731
oklahoma,2024 Q1,0.0007478472877028667
oklahoma,2024 Q2,0.000765630166920476
oklahoma,2024 Q3,0.0006191338423444659
oregon,2005 Q1,0.0018245929426947693
oregon,2005 Q2,0.001759549907571989
oregon,2005 Q3,0.0009846085589767146
oregon,2005 Q4,0.0017211275819680367
oregon,2006 Q1,0.0029612793513464166
oregon,2006 Q2,0.002383239995486397
oregon,2006 Q3,0.002028221968950102
oregon,2006 Q4,0.0026775399887249605
oregon,2007 Q1,0.0011866501517618182
oregon,2007 Q2,-0.00027462079971962705
oregon,2007 Q3,0.0009504759706418694
oregon,2007 Q4,0.0022245718693785963
oregon,2008 Q1,0.0011498719158760846
oregon,2008 Q2,0.00046279265639189343
oregon,2008 Q3,-0.0007584084167561178
oregon,2008 Q4,-0.006253497804029617
oregon,2009 Q1,-0.007160575177349508
oregon,2009 Q2,-0.001662390260527169
oregon,2009 Q3,-0.00044023702267130077
oregon,2009 Q4,0.0005958502604644922
oregon,2010 Q1,0.0032140942317145558
oregon,2010 Q2,0.0022451539689982702
oregon,2010 Q3,0.0009701929936810257
oregon,2010 Q4,0.002071876640634166
oregon,2011 Q1,0.0018312530745140758
oregon,2011 Q2,-0.00033621830563675587
oregon,2011 Q3,0.00046995690724604966
oregon,2011 Q4,0.0008668757289185999
oregon,2012 Q1,-0.0010935913173280392
oregon,2012 Q2,-0.0020390725603227264
oregon,2012 Q3,-0.0011691942951382872
oregon,2012 Q4,-0.0016777364789524185
oregon,2013 Q1,-0.0012157979711356532
oregon,2013 Q2,0.0009507830317136238
oregon,2013 Q3,0.0010322720634529474
oregon,2013 Q4,0.0018647849487620771
oregon,2014 Q1,0.0026154466504083964
oregon,2014 Q2,0.0026256136442494396
oregon,2014 Q3,0.0026209718994406974
oregon,2014 Q4,0.0018419770311066674
oregon,2015 Q1,0.001401928121258796
oregon,2015 Q2,0.0024737768840266128
oregon,2015 Q3,0.003143454380471885
oregon,2015 Q4,0.004623341978559514
oregon,2016 Q1,0.0039077962417622585
oregon,2016 Q2,0.0016568654990963456
oregon,2016 Q3,0.0020624029850106287
oregon,2016 Q4,0.001838373486077553
oregon,2017 Q1,0.003326262597474002
oregon,2017 Q2,0.002925944448807597
oregon,2017 Q3,-0.00010706504114207001
oregon,2017 Q4,-0.0006108411266509961
oregon,2018 Q1,8.857946914601438e-05
oregon,2018 Q2,-0.0002352309978483902
oregon,2018 Q3,-0.0003981410294371009
oregon,2018 Q4,0.0014104134037621712
oregon,2019 Q1,0.0012759521474255593
oregon,2019 Q2,0.0005222333607464898
oregon,2019 Q3,0.0011521334528831566
oregon,2019 Q4,0.00043917084447904947
oregon,2020 Q1,-0.0022282061482135442
oregon,2020 Q2,-0.017441431808132995
oregon,2020 Q3,0.014892028998801932
oregon,2020 Q4,0.004508982382343503
oregon,2021 Q1,0.002230470711328684
oregon,2021 Q2,0.002970074466538778
oregon,2021 Q3,0.0022727333499503732
oregon,2021 Q4,0.00447455595813125
oregon,2022 Q1,0.00214314785863882
oregon,2022 Q2,-0.00033663175087476443
oregon,2022 Q3,-0.0015521460420578153
oregon,2022 Q4,7.415778956443297e-05
oregon,2023 Q1,0.00227474296171463
oregon,2023 Q2,0.0007627363057392719
oregon,2023 Q3,0.0009362278335445229
oregon,2023 Q4,0.00032680645831092053
oregon,2024 Q1,0.00035678718245724106
oregon,2024 Q2,0.0005403700729983788
oregon,2024 Q3,0.0007975721218624147
pennsylvania,2005 Q1,0.0008865714870064009
pennsylvania,2005 Q2,0.0014169975580903642
pennsylvania,2005 Q3,0.00035527968360441847
pennsylvania,2005 Q4,0.0001882669262652422
pennsylvania,2006 Q1,0.0012605709961276783
pennsylvania,2006 Q2,0.0008352490126142254
pennsylvania,2006 Q3,0.0012827712576279904
pennsylvania,2006 Q4,0.001697849578959465
pennsylvania,2007 Q1,0.00019863534532919372
pennsylvania,2007 Q2,0.00013497202565822727
pennsylvania,2007 Q3,0.0008588994007115621
pennsylvania,2007 Q4,0.001097795644256901
pennsylvania,2008 Q1,0.0010669632748766904
pennsylvania,2008 Q2,0.0007716607760559491
pennsylvania,2008 Q3,-0.00023481290460643697
pennsylvania,2008 Q4,-0.003624494393752823
pennsylvania,2009 Q1,-0.0051529126245980494
pennsylvania,2009 Q2,-0.0033918825982870437
pennsylvania,2009 Q3,-0.003605225614467152
pennsylvania,2009 Q4,-0.0020305903160654135
pennsylvania,2010 Q1,0.0003835589365290086
pennsylvania,2010 Q2,0.0004647219652069712
pennsylvania,2010 Q3,0.0003959594745629828
pennsylvania,2010 Q4,0.0010816041091550321
pennsylvania,2011 Q1,0.0008516148576790764
pennsylvania,2011 Q2,-0.00022654947293931915
pennsylvania,2011 Q3,0.0012729030859807515
pennsylvania,2011 Q4,0.0018086503272326155
pennsylvania,2012 Q1,0.001217240024365444
pennsylvania,2012 Q2,0.0008065727203815746
pennsylvania,2012 Q3,0.001326554517703989
pennsylvania,2012 Q4,0.00019950075413129506
pennsylvania,2013 Q1,-0.0005639299275422838
pennsylvania,2013 Q2,0.0007160551131394725
pennsylvania,2013 Q3,-0.0006360458600999838
pennsylvania,2013 Q4,0.00034242109926829745
pennsylvania,2014 Q1,0.0015957271128300328
pennsylvania,2014 Q2,0.0006952098503287077
pennsylvania,2014 Q3,0.00153612361797754
pennsylvania,2014 Q4,0.0011340932505502128
pennsylvania,2015 Q1,0.000597977231294807
pennsylvania,2015 Q2,0.0014082230482235225
pennsylvania,2015 Q3,0.0011449586564644676
pennsylvania,2015 Q4,0.0017800543532990136
pennsylvania,2016 Q1,0.0006738841285832317
pennsylvania,2016 Q2,-0.0005257008267979998
pennsylvania,2016 Q3,-0.0006084612417411132
pennsylvania,2016 Q4,-0.0005077714929899724
pennsylvania,2017 Q1,0.001010816724303698
pennsylvania,2017 Q2,0.00022872265634843458
pennsylvania,2017 Q3,-0.0007823685795983101
pennsylvania,2017 Q4,-0.0002823910221984767
pennsylvania,2018 Q1,0.0017197476269414924
pennsylvania,2018 Q2,0.00196711097559632
pennsylvania,2018 Q3,0.0009307622137207557
pennsylvania,2018 Q4,0.0012952842045078998
pennsylvania,2019 Q1,0.000624971597434835
pennsylvania,2019 Q2,0.000351850972630204
pennsylvania,2019 Q3,0.0006674633872608323
pennsylvania,2019 Q4,-0.00015686181829014748
pennsylvania,2020 Q1,-0.004144413671844556
pennsylvania,2020 Q2,-0.022728187609277934
pennsylvania,2020 Q3,0.012720576798578595
pennsylvania,2020 Q4,0.0025506728373383414
pennsylvania,2021 Q1,0.000560979214904019
pennsylvania,2021 Q2,0.0015763400111524402
pennsylvania,2021 Q3,0.0015522873558793855
pennsylvania,2021 Q4,0.003201710763135616
pennsylvania,2022 Q1,0.0034470007479115625
pennsylvania,2022 Q2,0.0011932246307256496
pennsylvania,2022 Q3,3.392565496044645e-05
pennsylvania,2022 Q4,0.0014049536181997742
pennsylvania,2023 Q1,0.0022952971610557724
pennsylvania,2023 Q2,0.001908036989339686
pennsylvania,2023 Q3,0.0017725156686474453
pennsylvania,2023 Q4,0.0011264284793520336
pennsylvania,2024 Q1,-0.00010506877174210061
pennsylvania,2024 Q2,-0.0012301808743347593
pennsylvania,2024 Q3,-0.001876945964664108
tennessee,2005 Q1,-5.544275781218152e-05
tennessee,2005 Q2,0.0027014338921208156
tennessee,2005 Q3,0.0027228002912224416
tennessee,2005 Q4,0.0025379707773755347
tennessee,2006 Q1,0.004376252048956308
tennessee,2006 Q2,0.0048025091457607845
tennessee,2006 Q3,0.003738245178280142
tennessee,2006 Q4,0.002699618305088395
tennessee,2007 Q1,0.0001835318807240268
tennessee,2007 Q2,-0.0008799956342005292
tennessee,2007 Q3,-0.0005447981930084186
tennessee,2007 Q4,-0.0006694386762123861
tennessee,2008 Q1,-0.0008690331219195121
tennessee,2008 Q2,-0.0016200653159582634
tennessee,2008 Q3,-0.0015144049205743821
tennessee,2008 Q4,-0.004772163614899479
tennessee,2009 Q1,-0.007979043105268535
tennessee,2009 Q2,-0.004201332086295251
tennessee,2009 Q3,-0.0006592717202705453
tennessee,2009 Q4,0.0018000841548773867
tennessee,2010 Q1,0.004810479514896142
tennessee,2010 Q2,0.0043197112059730385
tennessee,2010 Q3,0.0007389676881405238
tennessee,2010 Q4,0.00040929715050438037
tennessee,2011 Q1,0.0022700517561639413
tennessee,2011 Q2,0.0005055391087885885
tennessee,2011 Q3,0.00035556567445630777
tennessee,2011 Q4,0.000751749885829008
tennessee,2012 Q1,0.00026621122802746494
tennessee,2012 Q2,0.000272335346294635
tennessee,2012 Q3,0.001486773397775328
tennessee,2012 Q4,0.00041089868310983935
tennessee,2013 Q1,-0.001268212691452053
tennessee,2013 Q2,-0.0004126596333287787
tennessee,2013 Q3,-0.001095460973617457
tennessee,2013 Q4,-9.335952941957881e-05
tennessee,2014 Q1,0.0003522445811860268
tennessee,2014 Q2,-0.00028301291029401526
tennessee,2014 Q3,0.00158116429906426
tennessee,2014 Q4,0.0020998292684619724
tennessee,2015 Q1,0.0015563071493194247
tennessee,2015 Q2,0.002009035013574264
tennessee,2015 Q3,0.0015094738218076238
tennessee,2015 Q4,0.0030712054394472776
tennessee,2016 Q1,0.002632104782167799
tennessee,2016 Q2,0.0017638134128339367
tennessee,2016 Q3,0.00186660890318661
tennessee,2016 Q4,0.001087161447043646
tennessee,2017 Q1,0.002924504902364733
tennessee,2017 Q2,0.003719763098251949
tennessee,2017 Q3,0.0021241254990283696
tennessee,2017 Q4,0.00044593417336765323
tennessee,2018 Q1,0.00218407079412238
tennessee,2018 Q2,0.002293353639068574
tennessee,2018 Q3,0.001213520184874047
tennessee,2018 Q4,0.0026619445146018883
tennessee,2019 Q1,0.0031728910454536705
tennessee,2019 Q2,0.0020416635517298922
tennessee,2019 Q3,0.0004990803065503258
tennessee,2019 Q4,0.00026286209775205904
tennessee,2020 Q1,-0.003221774552330007
tennessee,2020 Q2,-0.02509188967515667
tennessee,2020 Q3,0.017348841906608865
tennessee,2020 Q4,0.006846769511903513
tennessee,2021 Q1,-0.00014332225162283496
tennessee,2021 Q2,0.0025921286999045132
tennessee,2021 Q3,0.003080648796092008
tennessee,2021 Q4,0.00393085226824641
tennessee,2022 Q1,0.003563466495204374
tennessee,2022 Q2,-0.00020993068584351793
tennessee,2022 Q3,-0.0022594856772036875
tennessee,2022 Q4,-0.0006014683943511198
tennessee,2023 Q1,0.0021904403627217572
tennessee,2023 Q2,0.0018051611866721402
tennessee,2023 Q3,0.000997815940537124
tennessee,2023 Q4,0.0006325057330291983
tennessee,2024 Q1,0.0011926293247345547
tennessee,2024 Q2,0.0005931873146970043
tennessee,2024 Q3,-1.6101994351092053e-05
texas,2005 Q1,0.0022622130507016593
texas,2005 Q2,0.0022476942557986637
texas,2005 Q3,0.0009073931080292308
texas,2005 Q4,0.0007563502289421967
texas,2006 Q1,0.001720757640947627
texas,2006 Q2,0.002331793015078872
texas,2006 Q3,0.0029466842318570663
texas,2006 Q4,0.0020383318923542504
texas,2007 Q1,0.00034597820067627794
texas,2007 Q2,0.00018312146486609837
texas,2007 Q3,0.0012870936426898627
texas,2007 Q4,0.002235933654683627
texas,2008 Q1,0.0019568694201894665
texas,2008 Q2,0.001278903803806945
texas,2008 Q3,0.00042499678617528386
texas,2008 Q4,-0.0015769318476192007
texas,2009 Q1,-0.0021003675972091815
texas,2009 Q2,-7.32808804779402e-05
texas,2009 Q3,-0.0003099391778849103
texas,2009 Q4,0.0008870221903282127
texas,2010 Q1,0.0025533853586533852
texas,2010 Q2,0.0013728011842201553
texas,2010 Q3,0.0007783009493094925
texas,2010 Q4,0.0012042822490678784
texas,2011 Q1,0.00165728726870773
texas,2011 Q2,0.0014171195244356838
texas,2011 Q3,0.002759273242576817
texas,2011 Q4,0.0030821680250435377
texas,2012 Q1,0.0019502014279055107
texas,2012 Q2,0.0015416341602091006
texas,2012 Q3,0.0020122429459434876
texas,2012 Q4,0.001024122118679675
texas,2013 Q1,0.0007604115426838772
texas,2013 Q2,0.0023191913537701225
texas,2013 Q3,0.0016893733547111989
texas,2013 Q4,0.0021505364676285645
texas,2014 Q1,0.002881298658333975
texas,2014 Q2,0.0019581827206507363
texas,2014 Q3,0.001996037286726408
texas,2014 Q4,0.0011095364497949827
texas,2015 Q1,4.401574477330694e-05
texas,2015 Q2,0.000622435607576873
texas,2015 Q3,0.000535855005580436
texas,2015 Q4,0.001963853474677831
texas,2016 Q1,0.0021081501284327953
texas,2016 Q2,0.0009963469157581173
texas,2016 Q3,0.0008640305428827914
texas,2016 Q4,0.000768165171760371
texas,2017 Q1,0.0022464466929641436
texas,2017 Q2,0.002516436511207735
texas,2017 Q3,0.0016417367098076803
texas,2017 Q4,0.0015501000363753459
texas,2018 Q1,0.0024792667992038866
texas,2018 Q2,0.0018281164926132003
texas,2018 Q3,0.0006767159727301131
texas,2018 Q4,0.001295575835012534
texas,2019 Q1,0.0016999890793025774
texas,2019 Q2,0.0022182747008519708
texas,2019 Q3,0.002176604522633981
texas,2019 Q4,0.00191336626604451
texas,2020 Q1,-0.009618685386465486
texas,2020 Q2,-0.015952154355758513
texas,2020 Q3,0.013809912227252585
texas,2020 Q4,0.004761158754651144
texas,2021 Q1,0.0028681184836187126
texas,2021 Q2,0.004888209848338117
texas,2021 Q3,0.004739788060573513
texas,2021 Q4,0.005185930364153195
texas,2022 Q1,0.004331230900276169
texas,2022 Q2,0.0024101773593216227
texas,2022 Q3,0.0013631824221170448
texas,2022 Q4,0.0028631626672260455
texas,2023 Q1,0.0035243505545016576
texas,2023 Q2,0.0024847873872325308
texas,2023 Q3,0.0019490601853234442
texas,2023 Q4,0.0016178135717270041
texas,2024 Q1,0.0021832805533676947
texas,2024 Q2,0.002447039234544294
texas,2024 Q3,0.0019247828877868578
utah,2005 Q1,0.00413403488088715
utah,2005 Q2,0.004848895708234806
utah,2005 Q3,0.0039313755804460575
utah,2005 Q4,0.0035064064968495234
utah,2006 Q1,0.004153960368687537
utah,2006 Q2,0.004121822182062769
utah,2006 Q3,0.004424003741472522
utah,2006 Q4,0.004047023325526755
utah,2007 Q1,0.00206173525136899
utah,2007 Q2,0.0010118009343119312
utah,2007 Q3,0.0008757239780853668
utah,2007 Q4,0.0006090170642102747
utah,2008 Q1,-0.00028585341638172795
utah,2008 Q2,-0.0011609877558393933
utah,2008 Q3,-0.0020215086437649354
utah,2008 Q4,-0.0041851569134911575
utah,2009 Q1,-0.004910771283611985
utah,2009 Q2,-0.0033073223910769687
utah,2009 Q3,-0.0035030112199606243
utah,2009 Q4,-0.00220904505049598
utah,2010 Q1,0.00011812158496530649
utah,2010 Q2,0.00012128328888542465
utah,2010 Q3,-1.2931830325394836e-05
utah,2010 Q4,0.0005211541439165875
utah,2011 Q1,0.0010344597725605216
utah,2011 Q2,0.0008245960525895916
utah,2011 Q3,0.0023633864132220537
utah,2011 Q4,0.003219734399061499
utah,2012 Q1,0.0025804595309146063
utah,2012 Q2,0.00255467916615378
utah,2012 Q3,0.0033252169347592155
utah,2012 Q4,0.002674055923538162
utah,2013 Q1,0.002315989263305266
utah,2013 Q2,0.0034153858521133915
utah,2013 Q3,0.0024464526264947515
utah,2013 Q4,0.0022590445980828675
utah,2014 Q1,0.002348672310175548
utah,2014 Q2,0.001781249931624392
utah,2014 Q3,0.002506051373476629
utah,2014 Q4,0.002526797842899331
utah,2015 Q1,0.002303592795088294
utah,2015 Q2,0.002442200590932956
utah,2015 Q3,0.0019062152073589338
utah,2015 Q4,0.0029879001871797595
utah,2016 Q1,0.0033115837540304374
utah,2016 Q2,0.0028896869162634196
utah,2016 Q3,0.002827083400216942
utah,2016 Q4,0.002685741168810152
utah,2017 Q1,0.003240465595541068
utah,2017 Q2,0.002702714156206154
utah,2017 Q3,0.0015629013207838494
utah,2017 Q4,0.0010333359408087883
utah,2018 Q1,0.0022192538729230993
utah,2018 Q2,0.0019046303838179401
utah,2018 Q3,0.00105924433759171
utah,2018 Q4,0.002066125089332793
utah,2019 Q1,0.0024485336327770835
utah,2019 Q2,0.0026126171620256176
utah,2019 Q3,0.0026259576742512594
utah,2019 Q4,0.0019820206810223042
utah,2020 Q1,-0.001104275971273901
utah,2020 Q2,-0.012007618964473296
utah,2020 Q3,0.011388935686276044
utah,2020 Q4,0.004884112226966497
utah,2021 Q1,0.002939054496140514
utah,2021 Q2,0.003328544251265312
utah,2021 Q3,0.0030452923874178714
utah,2021 Q4,0.004118630903486853
utah,2022 Q1,0.00374641657447213
utah,2022 Q2,0.002185860533401011
utah,2022 Q3,0.0013783242934587807
utah,2022 Q4,0.0025945951584451046
utah,2023 Q1,0.003273400747083377
utah,2023 Q2,0.0020718547004732932
utah,2023 Q3,0.0013237177487634977
utah,2023 Q4,0.0008026749329536435
utah,2024 Q1,0.0009990862804175233
utah,2024 Q2,0.0014118509131411845
utah,2024 Q3,0.0012646238377230408
virginia,2005 Q1,0.002841215518801047
virginia,2005 Q2,0.003659296662210728
virginia,2005 Q3,0.002181402359758685
virginia,2005 Q4,0.0017002477009266197
virginia,2006 Q1,0.0021800866655654616
virginia,2006 Q2,0.0015566483530225679
virginia,2006 Q3,0.0017079608363659293
virginia,2006 Q4,0.0021940197578969776
virginia,2007 Q1,0.001187123168575314
virginia,2007 Q2,0.0008487464540988624
virginia,2007 Q3,0.0012954638888996357
virginia,2007 Q4,0.0015943838132772559
virginia,2008 Q1,0.0016538962708008882
virginia,2008 Q2,0.0009758831935573475
virginia,2008 Q3,-0.00023026885821364473
virginia,2008 Q4,-0.0030292314050381166
virginia,2009 Q1,-0.003908965517153547
virginia,2009 Q2,-0.0016614868878351101
virginia,2009 Q3,-0.0020164308375414755
virginia,2009 Q4,-0.0016694797738380969
virginia,2010 Q1,8.223145726856303e-05
virginia,2010 Q2,0.0005437679007267437
virginia,2010 Q3,0.0003358332987042356
virginia,2010 Q4,0.0014139727626703753
virginia,2011 Q1,0.0019609873543083487
virginia,2011 Q2,0.0005339996841579412
virginia,2011 Q3,0.0016146300795318869
virginia,2011 Q4,0.0014538199028587921
virginia,2012 Q1,-3.9145618192145314e-05
virginia,2012 Q2,-7.053691874114865e-05
virginia,2012 Q3,0.001718064023209731
virginia,2012 Q4,0.00135313226890732
virginia,2013 Q1,5.043087185382008e-05
virginia,2013 Q2,0.0009509270986966337
virginia,2013 Q3,0.0004965814651008612
virginia,2013 Q4,0.0010030919396960176
virginia,2014 Q1,0.0015253817364306865
virginia,2014 Q2,0.00027298042235083625
virginia,2014 Q3,-0.00019082618442978205
virginia,2014 Q4,-0.0002818486349886647
virginia,2015 Q1,-0.00013435786285405835
virginia,2015 Q2,0.000550326258034343
virginia,2015 Q3,0.00020281943954247872
virginia,2015 Q4,0.0007762665175055824
virginia,2016 Q1,0.000877911854991457
virginia,2016 Q2,0.0006812212407278176
virginia,2016 Q3,0.001309936073291477
virginia,2016 Q4,0.0018678902538877828
virginia,2017 Q1,0.002856275525920567
virginia,2017 Q2,0.0022038490292098554
virginia,2017 Q3,0.0006997472618140618
virginia,2017 Q4,0.0004317409131541587
virginia,2018 Q1,0.001976695878907512
virginia,2018 Q2,0.0008775589620322691
virginia,2018 Q3,-0.0003628581708182699
virginia,2018 Q4,0.0014100279610447242
virginia,2019 Q1,0.0020151478984699414
virginia,2019 Q2,0.0014529724052382658
virginia,2019 Q3,0.0010056672320623388
virginia,2019 Q4,0.0007523732189609333
virginia,2020 Q1,-0.001928993973595916
virginia,2020 Q2,-0.029071313244413255
virginia,2020 Q3,0.01174578342091633
virginia,2020 Q4,0.00392335322493927
virginia,2021 Q1,0.001789532784997568
virginia,2021 Q2,0.0032235694923419267
virginia,2021 Q3,0.0029238375543119885
virginia,2021 Q4,0.004437719110134057
virginia,2022 Q1,0.003964662747536041
virginia,2022 Q2,0.0019669935396113836
virginia,2022 Q3,0.0014292352879089847
virginia,2022 Q4,0.0035071051319810476
virginia,2023 Q1,0.0035670720543579115
virginia,2023 Q2,0.0013557670474052912
virginia,2023 Q3,0.00015968331197605914
virginia,2023 Q4,7.76343222263313e-05
virginia,2024 Q1,0.0003279206420478224
virginia,2024 Q2,0.0003524517851267728
virginia,2024 Q3,0.0003449754662804653
washington,2005 Q1,0.00254388732014584
washington,2005 Q2,0.0031473677637737416
washington,2005 Q3,0.0020787326675513196
washington,2005 Q4,0.0017333008786074207
washington,2006 Q1,0.0021145781413747975
washington,2006 Q2,0.0017677376715894422
washington,2006 Q3,0.0022727656320253122
washington,2006 Q4,0.002634950543849065
washington,2007 Q1,0.0019129377263267984
washington,2007 Q2,0.0015450656598586427
washington,2007 Q3,0.0017507834197195333
washington,2007 Q4,0.0018640529030110227
washington,2008 Q1,0.0008897678290463359
washington,2008 Q2,0.00015049105536076487
washington,2008 Q3,-0.0001652694235525868
washington,2008 Q4,-0.0019172313751297798
washington,2009 Q1,-0.002946336908256112
washington,2009 Q2,-0.0016500663529284514
washington,2009 Q3,-0.0022302815283165764
washington,2009 Q4,-0.001999281844162093
washington,2010 Q1,5.068650870169537e-06
washington,2010 Q2,-0.0004497205830653976
washington,2010 Q3,-0.0011413827159323005
washington,2010 Q4,-0.0006912627265639459
washington,2011 Q1,-0.00013349752201596843
washington,2011 Q2,-0.00013957194003244577
washington,2011 Q3,0.001037353232348659
washington,2011 Q4,0.0012215844769167816
washington,2012 Q1,0.0004339144052940558
washington,2012 Q2,0.00047960368471936893
washington,2012 Q3,0.0014404211568281866
washington,2012 Q4,0.0009194198570522024
washington,2013 Q1,0.0002587833305113622
washington,2013 Q2,0.0012104027950120184
washington,2013 Q3,0.0006398984487570777
washington,2013 Q4,0.0011799399773793813
washington,2014 Q1,0.0018825881151898944
washington,2014 Q2,0.0018322246157425799
washington,2014 Q3,0.0024537460996169416
washington,2014 Q4,0.0021410900848748415
washington,2015 Q1,0.0017288410846714175
washington,2015 Q2,0.0017643534405059984
washington,2015 Q3,0.001543380846239358
washington,2015 Q4,0.0028500629106473032
washington,2016 Q1,0.0030778370578769345
washington,2016 Q2,0.002310775892317244
washington,2016 Q3,0.0023110135213690874
washington,2016 Q4,0.0022437566967812295
washington,2017 Q1,0.0032789296068348093
washington,2017 Q2,0.0030171975650126193
washington,2017 Q3,0.0012424695142605469
washington,2017 Q4,0.0008772487343126448
washington,2018 Q1,0.0032891354861976176
washington,2018 Q2,0.003190810084900001
washington,2018 Q3,0.0014437580822963536
washington,2018 Q4,0.0020712566948675923
washington,2019 Q1,0.0034721375219953408
washington,2019 Q2,0.003905202739429736
washington,2019 Q3,0.002874442512417419
washington,2019 Q4,0.0031054100606234445
washington,2020 Q1,-0.012661411393064833
washington,2020 Q2,-0.024015505581753804
washington,2020 Q3,0.011903893403315843
washington,2020 Q4,0.004500501740113849
washington,2021 Q1,0.0033796516687449873
washington,2021 Q2,0.004473104631380768
washington,2021 Q3,0.0031646691647258716
washington,2021 Q4,0.00391847108101584
washington,2022 Q1,0.003270200189553115
washington,2022 Q2,0.0017032025613833064
washington,2022 Q3,1.2698554868628698e-05
washington,2022 Q4,0.0014439451744383547
washington,2023 Q1,0.0023293812000989935
washington,2023 Q2,0.0011655517031804823
washington,2023 Q3,-0.0004692546424570991
washington,2023 Q4,-0.0003021223772783725
washington,2024 Q1,0.0005378101979327532
washington,2024 Q2,0.0012382828362573761
washington,2024 Q3,4.887584078642574e-05
wisconsin,2005 Q1,-7.737021704778968e-05
wisconsin,2005 Q2,0.0012126694911257878
wisconsin,2005 Q3,0.0010115512123967108
wisconsin,2005 Q4,0.0006732671051326022
wisconsin,2006 Q1,0.001349942746872464
wisconsin,2006 Q2,0.0013537439611903679
wisconsin,2006 Q3,0.000991482330739979
wisconsin,2006 Q4,0.000735009919717422
wisconsin,2007 Q1,-0.00012097972369973231
wisconsin,2007 Q2,-0.0001697951772426561
wisconsin,2007 Q3,0.00014574257701223856
wisconsin,2007 Q4,0.0010228047357489316
wisconsin,2008 Q1,0.0011075370651105754
wisconsin,2008 Q2,-0.0005656511132898409
wisconsin,2008 Q3,-0.0010107314333639799
wisconsin,2008 Q4,-0.0036247729960299604
wisconsin,2009 Q1,-0.005649083890843769
wisconsin,2009 Q2,-0.0025624093043575455
wisconsin,2009 Q3,-0.002596830335134692
wisconsin,2009 Q4,-0.0015507072078810118
wisconsin,2010 Q1,0.0015593809381482988
wisconsin,2010 Q2,0.0010474010314780458
wisconsin,2010 Q3,0.0004082607799753557
wisconsin,2010 Q4,0.0009366090256524018
wisconsin,2011 Q1,0.00069056346092126
wisconsin,2011 Q2,-0.00023718179665114617
wisconsin,2011 Q3,0.0011404288976658943
wisconsin,2011 Q4,0.0012216483012725081
wisconsin,2012 Q1,0.0002902587840537911
wisconsin,2012 Q2,-0.00024409601295168523
wisconsin,2012 Q3,0.0008894952322426875
wisconsin,2012 Q4,0.000626430263209817
wisconsin,2013 Q1,-2.349726180528311e-05
wisconsin,2013 Q2,0.0015255761590489876
wisconsin,2013 Q3,0.0001094904553658645
wisconsin,2013 Q4,0.0007066305894011619
wisconsin,2014 Q1,0.0016482275612298054
wisconsin,2014 Q2,0.0015318410713837476
wisconsin,2014 Q3,0.0022181677130141964
wisconsin,2014 Q4,0.0009704985542185648
wisconsin,2015 Q1,0.00019022902546413553
wisconsin,2015 Q2,0.000625584867843291
wisconsin,2015 Q3,0.0009746959336682792
wisconsin,2015 Q4,0.0022018729820681613
wisconsin,2016 Q1,0.0017092984992487608
wisconsin,2016 Q2,0.0005455915590721894
wisconsin,2016 Q3,0.0004372244169328354
wisconsin,2016 Q4,0.0004863191418279141
wisconsin,2017 Q1,0.00202959379458297
wisconsin,2017 Q2,0.001622750069194175
wisconsin,2017 Q3,-2.4642740952633226e-06
wisconsin,2017 Q4,-0.00019046321555501086
wisconsin,2018 Q1,0.00027418069657795624
wisconsin,2018 Q2,-0.0009346846152665048
wisconsin,2018 Q3,-0.001558292890327088
wisconsin,2018 Q4,-0.00023395975892400353
wisconsin,2019 Q1,-0.00022223768588432632
wisconsin,2019 Q2,-0.0002331086577016528
wisconsin,2019 Q3,2.775101383093818e-05
wisconsin,2019 Q4,-0.00021933913060656618
wisconsin,2020 Q1,-0.002154744743131302
wisconsin,2020 Q2,-0.017108529179427623
wisconsin,2020 Q3,0.012868240045714666
wisconsin,2020 Q4,0.0038757381837271807
wisconsin,2021 Q1,0.001365389777562287
wisconsin,2021 Q2,0.0019849451534300253
wisconsin,2021 Q3,0.0006588262188490143
wisconsin,2021 Q4,0.0012766147791537137
wisconsin,2022 Q1,0.0007288280357896267
wisconsin,2022 Q2,-0.0006621529940010381
wisconsin,2022 Q3,-0.00017996242171473367
wisconsin,2022 Q4,0.0014658098942432751
wisconsin,2023 Q1,0.0025091433064542055
wisconsin,2023 Q2,0.0012496869560583157
wisconsin,2023 Q3,0.0006619189033022129
wisconsin,2023 Q4,0.0007097001497211597
wisconsin,2024 Q1,0.00038697238915793203
wisconsin,2024 Q2,0.0006883296504367475
wisconsin,2024 Q3,0.0006253282833733979
